"collection_date","LABORATORY","n_neg","n_spos","n_sgtf","n_pos","total","collection_date_num","TRUEPOS","est_n_B117","propB117","obs"
2020-12-31,"Saint LUC - UCL",113,14,0,14,127,18627,0.513512286949701,0,0,"2"
2020-12-31,"ULB",193,12,1,13,206,18627,0.513512286949701,0.513512286949701,0.039500945149977,"3"
2020-12-31,"UMons - Jolimont",453,19,0,19,472,18627,0.513512286949701,0,0,"4"
2020-12-31,"UZ Gent",333,12,0,12,345,18627,0.513512286949701,0,0,"5"
2020-12-31,"UZ leuven",463,262,0,262,725,18627,0.513512286949701,0,0,"6"
2020-12-31,"UZA",470,27,0,27,497,18627,0.513512286949701,0,0,"7"
2021-01-01,"Namur",46,5,0,5,51,18628,0.540455502521547,0,0,"8"
2021-01-01,"Saint LUC - UCL",53,7,0,7,60,18628,0.540455502521547,0,0,"9"
2021-01-01,"ULB",19,6,1,7,26,18628,0.540455502521547,0.540455502521547,0.0772079289316495,"10"
2021-01-01,"UMons - Jolimont",76,3,0,3,79,18628,0.540455502521547,0,0,"11"
2021-01-01,"UZ Gent",650,15,0,15,665,18628,0.540455502521547,0,0,"12"
2021-01-01,"UZ leuven",271,19,3,22,293,18628,0.540455502521547,1.62136650756464,0.0736984776165746,"13"
2021-01-01,"UZA",478,21,2,23,501,18628,0.540455502521547,1.08091100504309,0.0469961306540475,"14"
2021-01-02,"Namur",757,19,1,20,777,18629,0.567170721829453,0.567170721829453,0.0283585360914726,"15"
2021-01-02,"Saint LUC - UCL",1191,60,5,65,1256,18629,0.567170721829453,2.83585360914726,0.0436285170638041,"16"
2021-01-02,"ULB",1577,49,4,53,1630,18629,0.567170721829453,2.26868288731781,0.0428053374965625,"17"
2021-01-02,"UMons - Jolimont",322,15,1,16,338,18629,0.567170721829453,0.567170721829453,0.0354481701143408,"18"
2021-01-02,"UZ Gent",49,5,0,5,54,18629,0.567170721829453,0,0,"19"
2021-01-02,"UZ leuven",511,20,0,20,531,18629,0.567170721829453,0,0,"20"
2021-01-02,"UZA",851,16,6,22,873,18629,0.567170721829453,3.40302433097672,0.154682924135305,"21"
2021-01-03,"Namur",609,14,0,14,623,18630,0.593511359986034,0,0,"22"
2021-01-03,"Saint LUC - UCL",761,22,3,25,786,18630,0.593511359986034,1.7805340799581,0.0712213631983241,"23"
2021-01-03,"ULB",2026,21,6,27,2053,18630,0.593511359986034,3.5610681599162,0.13189141333023,"24"
2021-01-03,"UMons - Jolimont",534,23,0,23,557,18630,0.593511359986034,0,0,"25"
2021-01-03,"UZ Gent",632,11,0,11,643,18630,0.593511359986034,0,0,"26"
2021-01-03,"UZ leuven",1701,74,4,78,1779,18630,0.593511359986034,2.37404543994414,0.0304364799992838,"27"
2021-01-03,"UZA",1282,46,3,49,1331,18630,0.593511359986034,1.7805340799581,0.0363374302032266,"28"
2021-01-04,"Namur",917,41,3,44,961,18631,0.619338699925927,1.85801609977778,0.0422276386313132,"29"
2021-01-04,"Saint LUC - UCL",1400,30,8,38,1438,18631,0.619338699925927,4.95470959940741,0.130387094721248,"30"
2021-01-04,"ULB",3477,60,10,70,3547,18631,0.619338699925927,6.19338699925927,0.0884769571322753,"31"
2021-01-04,"UMons - Jolimont",1133,48,3,51,1184,18631,0.619338699925927,1.85801609977778,0.0364316882309369,"32"
2021-01-04,"UZ Gent",2010,51,1,52,2062,18631,0.619338699925927,0.619338699925927,0.0119103596139601,"33"
2021-01-04,"UZ leuven",1276,70,1,71,1347,18631,0.619338699925927,0.619338699925927,0.00872308028064686,"34"
2021-01-04,"UZA",1366,48,2,50,1416,18631,0.619338699925927,1.23867739985185,0.0247735479970371,"35"
2021-01-05,"Namur",1204,77,0,77,1281,18632,0.644524580340614,0,0,"36"
2021-01-05,"Saint LUC - UCL",3788,125,14,139,3927,18632,0.644524580340614,9.0233441247686,0.0649161447825079,"37"
2021-01-05,"ULB",2819,111,6,117,2936,18632,0.644524580340614,3.86714748204368,0.0330525425815699,"38"
2021-01-05,"UMons - Jolimont",866,56,1,57,923,18632,0.644524580340614,0.644524580340614,0.0113074487779055,"39"
2021-01-05,"UZ Gent",3515,68,2,70,3585,18632,0.644524580340614,1.28904916068123,0.0184149880097318,"40"
2021-01-05,"UZ leuven",1633,53,1,54,1687,18632,0.644524580340614,0.644524580340614,0.011935640376678,"41"
2021-01-05,"UZA",1978,37,3,40,2018,18632,0.644524580340614,1.93357374102184,0.048339343525546,"42"
2021-01-06,"Namur",451,5,3,8,459,18633,0.668953659267365,2.00686097780209,0.250857622225262,"43"
2021-01-06,"Saint LUC - UCL",2191,47,12,59,2250,18633,0.668953659267365,8.02744391120838,0.136058371376413,"44"
2021-01-06,"ULB",1651,39,1,40,1691,18633,0.668953659267365,0.668953659267365,0.0167238414816841,"45"
2021-01-06,"UMons - Jolimont",814,17,0,17,831,18633,0.668953659267365,0,0,"46"
2021-01-06,"UZ Gent",2479,43,6,49,2528,18633,0.668953659267365,4.01372195560419,0.0819126929715141,"47"
2021-01-06,"UZ leuven",836,43,0,43,879,18633,0.668953659267365,0,0,"48"
2021-01-06,"UZA",1858,33,5,38,1896,18633,0.668953659267365,3.34476829633683,0.0880202183246533,"49"
2021-01-07,"Namur",888,39,0,39,927,18634,0.692525178781046,0,0,"50"
2021-01-07,"Saint LUC - UCL",703,20,4,24,727,18634,0.692525178781046,2.77010071512418,0.115420863130174,"51"
2021-01-07,"ULB",1288,25,7,32,1320,18634,0.692525178781046,4.84767625146732,0.151489882858354,"52"
2021-01-07,"UMons - Jolimont",1389,34,0,34,1423,18634,0.692525178781046,0,0,"53"
2021-01-07,"UZ Gent",2831,46,0,46,2877,18634,0.692525178781046,0,0,"54"
2021-01-07,"UZ leuven",1884,54,3,57,1941,18634,0.692525178781046,2.07757553634314,0.0364486936200551,"55"
2021-01-07,"UZA",2503,83,1,84,2587,18634,0.692525178781046,0.692525178781046,0.00824434736644103,"56"
2021-01-08,"Namur",981,33,1,34,1015,18635,0.715154186257148,0.715154186257148,0.021033946654622,"57"
2021-01-08,"Saint LUC - UCL",3289,61,12,73,3362,18635,0.715154186257148,8.58185023508578,0.117559592261449,"58"
2021-01-08,"ULB",2504,37,4,41,2545,18635,0.715154186257148,2.86061674502859,0.0697711401226486,"59"
2021-01-08,"UMons - Jolimont",784,32,0,32,816,18635,0.715154186257148,0,0,"60"
2021-01-08,"UZ Gent",903,17,3,20,923,18635,0.715154186257148,2.14546255877144,0.107273127938572,"61"
2021-01-08,"UZ leuven",773,19,0,19,792,18635,0.715154186257148,0,0,"62"
2021-01-08,"UZA",1637,29,3,32,1669,18635,0.715154186257148,2.14546255877144,0.0670457049616076,"63"
2021-01-09,"Namur",1327,21,12,33,1360,18636,0.736772199124919,8.84126638949903,0.267917163318152,"64"
2021-01-09,"Saint LUC - UCL",1028,30,0,30,1058,18636,0.736772199124919,0,0,"65"
2021-01-09,"ULB",2954,20,5,25,2979,18636,0.736772199124919,3.68386099562459,0.147354439824984,"66"
2021-01-09,"UMons - Jolimont",386,15,0,15,401,18636,0.736772199124919,0,0,"67"
2021-01-09,"UZ Gent",122,1,0,1,123,18636,0.736772199124919,0,0,"68"
2021-01-09,"UZ leuven",773,34,3,37,810,18636,0.736772199124919,2.21031659737476,0.059738286415534,"69"
2021-01-09,"UZA",2567,36,4,40,2607,18636,0.736772199124919,2.94708879649968,0.0736772199124919,"70"
2021-01-10,"Namur",1020,29,2,31,1051,18637,0.75732733035011,1.51465466070022,0.0488598277645232,"71"
2021-01-10,"Saint LUC - UCL",2928,89,9,98,3026,18637,0.75732733035011,6.81594597315099,0.0695504691137856,"72"
2021-01-10,"ULB",2593,58,8,66,2659,18637,0.75732733035011,6.05861864280088,0.0917972521636497,"73"
2021-01-10,"UMons - Jolimont",513,15,0,15,528,18637,0.75732733035011,0,0,"74"
2021-01-10,"UZ Gent",500,9,0,9,509,18637,0.75732733035011,0,0,"75"
2021-01-10,"UZ leuven",1663,66,4,70,1733,18637,0.75732733035011,3.02930932140044,0.0432758474485777,"76"
2021-01-10,"UZA",1683,41,2,43,1726,18637,0.75732733035011,1.51465466070022,0.0352245269930284,"77"
2021-01-11,"Namur",758,36,1,37,795,18638,0.776783918691774,0.776783918691774,0.0209941599646425,"78"
2021-01-11,"Saint LUC - UCL",2203,38,7,45,2248,18638,0.776783918691774,5.43748743084242,0.12083305401872,"79"
2021-01-11,"ULB",2433,55,5,60,2493,18638,0.776783918691774,3.88391959345887,0.0647319932243145,"80"
2021-01-11,"UMons - Jolimont",1315,56,2,58,1373,18638,0.776783918691774,1.55356783738355,0.0267856523686819,"81"
2021-01-11,"UZ Gent",2451,20,0,20,2471,18638,0.776783918691774,0,0,"82"
2021-01-11,"UZ leuven",1296,61,0,61,1357,18638,0.776783918691774,0,0,"83"
2021-01-11,"UZA",2270,56,6,62,2332,18638,0.776783918691774,4.66070351215064,0.0751726372927523,"84"
2021-01-12,"Namur",795,71,0,71,866,18639,0.795121729150047,0,0,"85"
2021-01-12,"Saint LUC - UCL",4593,119,15,134,4727,18639,0.795121729150047,11.9268259372507,0.0890061637108261,"86"
2021-01-12,"ULB",1633,47,3,50,1683,18639,0.795121729150047,2.38536518745014,0.0477073037490028,"87"
2021-01-12,"UMons - Jolimont",988,41,0,41,1029,18639,0.795121729150047,0,0,"88"
2021-01-12,"UZ Gent",3669,70,3,73,3742,18639,0.795121729150047,2.38536518745014,0.0326762354445225,"89"
2021-01-12,"UZ leuven",1373,54,9,63,1436,18639,0.795121729150047,7.15609556235042,0.113588818450007,"90"
2021-01-12,"UZA",1557,34,8,42,1599,18639,0.795121729150047,6.36097383320038,0.151451757933342,"91"
2021-01-13,"Namur",70,10,0,10,80,18640,0.812334803739419,0,0,"92"
2021-01-13,"Saint LUC - UCL",3890,202,18,220,4110,18640,0.812334803739419,14.6220264673095,0.0664637566695888,"93"
2021-01-13,"ULB",1652,92,12,104,1756,18640,0.812334803739419,9.74801764487302,0.0937309388930098,"94"
2021-01-13,"UMons - Jolimont",765,90,0,90,855,18640,0.812334803739419,0,0,"95"
2021-01-13,"UZ Gent",821,56,0,56,877,18640,0.812334803739419,0,0,"96"
2021-01-13,"UZ leuven",614,76,2,78,692,18640,0.812334803739419,1.62466960747884,0.02082909753178,"97"
2021-01-13,"UZA",1631,88,26,114,1745,18640,0.812334803739419,21.1207048972249,0.185269341203727,"98"
2021-01-14,"Namur",410,56,0,56,466,18641,0.828430050359448,0,0,"99"
2021-01-14,"Saint LUC - UCL",2590,126,10,136,2726,18641,0.828430050359448,8.28430050359448,0.0609139742911359,"100"
2021-01-14,"ULB",912,84,10,94,1006,18641,0.828430050359448,8.28430050359448,0.0881308564212178,"101"
2021-01-14,"UMons - Jolimont",915,68,0,68,983,18641,0.828430050359448,0,0,"102"
2021-01-14,"UZ Gent",1127,28,2,30,1157,18641,0.828430050359448,1.6568601007189,0.0552286700239632,"103"
2021-01-14,"UZ leuven",805,86,14,100,905,18641,0.828430050359448,11.5980207050323,0.115980207050323,"104"
2021-01-14,"UZA",1034,50,8,58,1092,18641,0.828430050359448,6.62744040287558,0.114266213842682,"105"
2021-01-15,"Namur",491,48,30,78,569,18642,0.843425658434084,25.3027697530225,0.324394484013109,"106"
2021-01-15,"Saint LUC - UCL",1796,90,22,112,1908,18642,0.843425658434084,18.5553644855498,0.165672897192409,"107"
2021-01-15,"ULB",1431,64,8,72,1503,18642,0.843425658434084,6.74740526747267,0.0937139620482315,"108"
2021-01-15,"UMons - Jolimont",527,84,0,84,611,18642,0.843425658434084,0,0,"109"
2021-01-15,"UZ Gent",346,18,0,18,364,18642,0.843425658434084,0,0,"110"
2021-01-15,"UZ leuven",362,40,2,42,404,18642,0.843425658434084,1.68685131686817,0.0401631265920992,"111"
2021-01-15,"UZA",1729,70,28,98,1827,18642,0.843425658434084,23.6159184361543,0.240978759552595,"112"
2021-01-16,"Namur",421,56,4,60,481,18643,0.857349425114068,3.42939770045627,0.0571566283409379,"113"
2021-01-16,"Saint LUC - UCL",928,58,16,74,1002,18643,0.857349425114068,13.7175908018251,0.185372848673312,"114"
2021-01-16,"ULB",1259,52,30,82,1341,18643,0.857349425114068,25.720482753422,0.31366442382222,"115"
2021-01-16,"UMons - Jolimont",234,22,2,24,258,18643,0.857349425114068,1.71469885022814,0.0714457854261723,"116"
2021-01-16,"UZ Gent",43,8,22,30,73,18643,0.857349425114068,18.8616873525095,0.628722911750316,"117"
2021-01-16,"UZ leuven",468,54,6,60,528,18643,0.857349425114068,5.14409655068441,0.0857349425114068,"118"
2021-01-16,"UZA",736,52,16,68,804,18643,0.857349425114068,13.7175908018251,0.201729276497428,"119"
2021-01-17,"Namur",490,26,4,30,520,18644,0.870237066552334,3.48094826620933,0.116031608873644,"120"
2021-01-17,"Saint LUC - UCL",2248,100,22,122,2370,18644,0.870237066552334,19.1452154641513,0.156927995607798,"121"
2021-01-17,"ULB",896,98,18,116,1012,18644,0.870237066552334,15.664267197942,0.135036786189155,"122"
2021-01-17,"UMons - Jolimont",308,40,0,40,348,18644,0.870237066552334,0,0,"123"
2021-01-17,"UZ Gent",360,10,0,10,370,18644,0.870237066552334,0,0,"124"
2021-01-17,"UZ leuven",1318,140,14,154,1472,18644,0.870237066552334,12.1833189317327,0.0791124605956667,"125"
2021-01-17,"UZA",1444,42,10,52,1496,18644,0.870237066552334,8.70237066552334,0.167353282029295,"126"
2021-01-18,"Namur",483,90,4,94,577,18645,0.882130576604037,3.52852230641615,0.0375374713448526,"127"
2021-01-18,"Saint LUC - UCL",1728,154,20,174,1902,18645,0.882130576604037,17.6426115320807,0.101394319149889,"128"
2021-01-18,"ULB",1319,66,26,92,1411,18645,0.882130576604037,22.935394991705,0.249297771648967,"129"
2021-01-18,"UMons - Jolimont",838,132,20,152,990,18645,0.882130576604037,17.6426115320807,0.116069812711057,"130"
2021-01-18,"UZ Gent",2500,102,44,146,2646,18645,0.882130576604037,38.8137453705776,0.265847571031354,"131"
2021-01-18,"UZ leuven",718,56,6,62,780,18645,0.882130576604037,5.29278345962422,0.0853674751552294,"132"
2021-01-18,"UZA",3195,72,14,86,3281,18645,0.882130576604037,12.3498280724565,0.143602652005308,"133"
2021-01-19,"Namur",677,112,6,118,795,18646,0.893076681761634,5.3584600905698,0.0454106787336424,"134"
2021-01-19,"Saint LUC - UCL",87,4,6,10,97,18646,0.893076681761634,5.3584600905698,0.53584600905698,"135"
2021-01-19,"ULB",816,92,6,98,914,18646,0.893076681761634,5.3584600905698,0.0546781641894878,"136"
2021-01-19,"UMons - Jolimont",771,104,4,108,879,18646,0.893076681761634,3.57230672704653,0.0330769141393198,"137"
2021-01-19,"UZ Gent",3264,176,112,288,3552,18646,0.893076681761634,100.024588357303,0.347307598462858,"138"
2021-01-19,"UZ leuven",917,84,38,122,1039,18646,0.893076681761634,33.9369139069421,0.278171425466738,"139"
2021-01-19,"UZA",1670,60,14,74,1744,18646,0.893076681761634,12.5030735446629,0.168960453306255,"140"
2021-01-20,"Namur",388,50,38,88,476,18647,0.903125427500352,34.3187662450134,0.38998598005697,"141"
2021-01-20,"Saint LUC - UCL",1812,158,44,202,2014,18647,0.903125427500352,39.7375188100155,0.196720390148591,"142"
2021-01-20,"ULB",731,52,28,80,811,18647,0.903125427500352,25.2875119700099,0.316093899625123,"143"
2021-01-20,"UMons - Jolimont",756,116,2,118,874,18647,0.903125427500352,1.8062508550007,0.0153072106355992,"144"
2021-01-20,"UZ Gent",1600,218,110,328,1928,18647,0.903125427500352,99.3437970250387,0.302877429954386,"145"
2021-01-20,"UZ leuven",1147,92,14,106,1253,18647,0.903125427500352,12.6437559850049,0.119280716839669,"146"
2021-01-20,"UZA",2028,62,52,114,2142,18647,0.903125427500352,46.9625222300183,0.411951949386125,"147"
2021-01-21,"Namur",223,12,10,22,245,18648,0.912328918476927,9.12328918476927,0.414694962944058,"148"
2021-01-21,"Saint LUC - UCL",1479,106,36,142,1621,18648,0.912328918476927,32.8438410651694,0.231294655388517,"149"
2021-01-21,"ULB",832,82,16,98,930,18648,0.912328918476927,14.5972626956308,0.148951660159498,"150"
2021-01-21,"UMons - Jolimont",686,124,8,132,818,18648,0.912328918476927,7.29863134781541,0.0552926617258743,"151"
2021-01-21,"UZ Gent",587,90,78,168,755,18648,0.912328918476927,71.1616556412003,0.423581283578573,"152"
2021-01-21,"UZ leuven",1024,96,44,140,1164,18648,0.912328918476927,40.1424724129848,0.286731945807034,"153"
2021-01-21,"UZA",2911,164,60,224,3135,18648,0.912328918476927,54.7397351086156,0.244373817449177,"154"
2021-01-22,"Namur",594,58,4,62,656,18649,0.920740223867377,3.68296089546951,0.0594025950882179,"155"
2021-01-22,"Saint LUC - UCL",628,20,24,44,672,18649,0.920740223867377,22.097765372817,0.502221940291296,"156"
2021-01-22,"ULB",1000,82,58,140,1140,18649,0.920740223867377,53.4029329843079,0.381449521316485,"157"
2021-01-22,"UMons - Jolimont",680,122,6,128,808,18649,0.920740223867377,5.52444134320426,0.0431596979937833,"158"
2021-01-22,"UZ Gent",827,80,106,186,1013,18649,0.920740223867377,97.5984637299419,0.524722923279258,"159"
2021-01-22,"UZ leuven",437,50,20,70,507,18649,0.920740223867377,18.4148044773475,0.263068635390679,"160"
2021-01-22,"UZA",2658,106,62,168,2826,18649,0.920740223867377,57.0858938797774,0.339796987379627,"161"
2021-01-23,"Namur",359,46,2,48,407,18650,0.928412449916959,1.85682489983392,0.0386838520798733,"162"
2021-01-23,"Saint LUC - UCL",1040,66,30,96,1136,18650,0.928412449916959,27.8523734975088,0.29012889059905,"163"
2021-01-23,"ULB",783,56,34,90,873,18650,0.928412449916959,31.5660232971766,0.350733592190851,"164"
2021-01-23,"UMons - Jolimont",410,14,0,14,424,18650,0.928412449916959,0,0,"165"
2021-01-23,"UZ Gent",186,40,8,48,234,18650,0.928412449916959,7.42729959933567,0.154735408319493,"166"
2021-01-23,"UZ leuven",985,78,28,106,1091,18650,0.928412449916959,25.9955485976749,0.245241024506367,"167"
2021-01-23,"UZA",1991,122,64,186,2177,18650,0.928412449916959,59.4183967946854,0.319453746207986,"168"
2021-01-24,"Namur",598,40,10,50,648,18651,0.935397974620091,9.35397974620091,0.187079594924018,"169"
2021-01-24,"Saint LUC - UCL",2101,108,50,158,2259,18651,0.935397974620091,46.7698987310045,0.296012017284839,"170"
2021-01-24,"ULB",823,66,28,94,917,18651,0.935397974620091,26.1911432893625,0.278629183929389,"171"
2021-01-24,"UMons - Jolimont",363,44,8,52,415,18651,0.935397974620091,7.48318379696073,0.143907380710783,"172"
2021-01-24,"UZ Gent",487,66,30,96,583,18651,0.935397974620091,28.0619392386027,0.292311867068778,"173"
2021-01-24,"UZ leuven",1047,140,18,158,1205,18651,0.935397974620091,16.8371635431616,0.106564326222542,"174"
2021-01-24,"UZA",1018,76,16,92,1110,18651,0.935397974620091,14.9663675939215,0.162677908629581,"175"
2021-01-25,"Namur",674,120,10,130,804,18652,0.94174783427079,9.4174783427079,0.0724421410977531,"176"
2021-01-25,"Saint LUC - UCL",1532,104,38,142,1674,18652,0.94174783427079,35.78641770229,0.252017026072465,"177"
2021-01-25,"ULB",1131,60,40,100,1231,18652,0.94174783427079,37.6699133708316,0.376699133708316,"178"
2021-01-25,"UMons - Jolimont",1331,226,14,240,1571,18652,0.94174783427079,13.1844696797911,0.0549352903324628,"179"
2021-01-25,"UZ Gent",1616,210,90,300,1916,18652,0.94174783427079,84.7573050843711,0.282524350281237,"180"
2021-01-25,"UZ leuven",1761,140,24,164,1925,18652,0.94174783427079,22.601948022499,0.13781675623475,"181"
2021-01-25,"UZA",3601,174,86,260,3861,18652,0.94174783427079,80.990313747288,0.311501206720338,"182"
2021-01-26,"Namur",840,74,28,102,942,18653,0.947511248218842,26.5303149501276,0.260101126962035,"183"
2021-01-26,"Saint LUC - UCL",1228,104,34,138,1366,18653,0.947511248218842,32.2153824394406,0.233444800285802,"184"
2021-01-26,"ULB",1015,54,28,82,1097,18653,0.947511248218842,26.5303149501276,0.323540426221068,"185"
2021-01-26,"UMons - Jolimont",1465,190,2,192,1657,18653,0.947511248218842,1.89502249643768,0.00986990883561294,"186"
2021-01-26,"UZ Gent",2655,124,134,258,2913,18653,0.947511248218842,126.966507261325,0.492118245198934,"187"
2021-01-26,"UZ leuven",1412,118,48,166,1578,18653,0.947511248218842,45.4805399145044,0.273979156111472,"188"
2021-01-26,"UZA",5001,138,68,206,5207,18653,0.947511248218842,64.4307648788813,0.31277070329554,"189"
2021-01-27,"Namur",289,16,12,28,317,18654,0.952735266256573,11.4328231950789,0.40831511410996,"190"
2021-01-27,"Saint LUC - UCL",1262,112,34,146,1408,18654,0.952735266256573,32.3929990527235,0.221869856525503,"191"
2021-01-27,"ULB",1171,70,30,100,1271,18654,0.952735266256573,28.5820579876972,0.285820579876972,"192"
2021-01-27,"UMons - Jolimont",1120,124,8,132,1252,18654,0.952735266256573,7.62188213005258,0.0577415312882771,"193"
2021-01-27,"UZ Gent",1420,150,146,296,1716,18654,0.952735266256573,139.09934887346,0.469930232680607,"194"
2021-01-27,"UZ leuven",1523,118,80,198,1721,18654,0.952735266256573,76.2188213005258,0.384943541921847,"195"
2021-01-27,"UZA",2997,150,122,272,3269,18654,0.952735266256573,116.233702483302,0.427329788541551,"196"
2021-01-28,"Namur",586,124,14,138,724,18655,0.957464522345197,13.4045033128328,0.097134081977049,"197"
2021-01-28,"Saint LUC - UCL",1691,112,56,168,1859,18655,0.957464522345197,53.618013251331,0.319154840781732,"198"
2021-01-28,"ULB",1176,160,46,206,1382,18655,0.957464522345197,44.0433680278791,0.213802757416889,"199"
2021-01-28,"UMons - Jolimont",1133,122,14,136,1269,18655,0.957464522345197,13.4045033128328,0.0985625243590644,"200"
2021-01-28,"UZ Gent",1254,72,168,240,1494,18655,0.957464522345197,160.854039753993,0.670225165641638,"201"
2021-01-28,"UZ leuven",1293,144,42,186,1479,18655,0.957464522345197,40.2135099384983,0.216201666336012,"202"
2021-01-28,"UZA",1862,106,58,164,2026,18655,0.957464522345197,55.5329422960214,0.338615501805009,"203"
2021-01-29,"Namur",939,156,12,168,1107,18656,0.961741078575356,11.5408929429043,0.0686957913268112,"204"
2021-01-29,"Saint LUC - UCL",1199,84,24,108,1307,18656,0.961741078575356,23.0817858858086,0.213720239683412,"205"
2021-01-29,"ULB",1139,153,108,261,1400,18656,0.961741078575356,103.868036486138,0.397961825617389,"206"
2021-01-29,"UMons - Jolimont",1730,210,42,252,1982,18656,0.961741078575356,40.393125300165,0.160290179762559,"207"
2021-01-29,"UZ Gent",1637,84,60,144,1781,18656,0.961741078575356,57.7044647145214,0.400725449406398,"208"
2021-01-29,"UZ leuven",1736,159,159,318,2054,18656,0.961741078575356,152.916831493482,0.480870539287678,"209"
2021-01-29,"UZA",1695,222,54,276,1971,18656,0.961741078575356,51.9340182430692,0.188166732764744,"210"
2021-01-30,"Namur",878,138,30,168,1046,18657,0.965604344080093,28.9681303224028,0.172429347157159,"211"
2021-01-30,"Saint LUC - UCL",1046,78,111,189,1235,18657,0.965604344080093,107.18208219289,0.567100963983547,"212"
2021-01-30,"ULB",724,81,69,150,874,18657,0.965604344080093,66.6266997415264,0.444177998276843,"213"
2021-01-30,"UMons - Jolimont",707,108,24,132,839,18657,0.965604344080093,23.1745042579222,0.175564426196381,"214"
2021-01-30,"UZ Gent",58,78,54,132,190,18657,0.965604344080093,52.142634580325,0.395019958941856,"215"
2021-01-30,"UZ leuven",1405,201,75,276,1681,18657,0.965604344080093,72.420325806007,0.262392484804373,"216"
2021-01-30,"UZA",1427,195,81,276,1703,18657,0.965604344080093,78.2139518704875,0.283383883588723,"217"
2021-01-31,"Namur",618,18,6,24,642,18658,0.969091054856416,5.8145463291385,0.242272763714104,"218"
2021-01-31,"Saint LUC - UCL",2299,51,47,98,2397,18658,0.969091054856416,45.5472795782516,0.464768158961751,"219"
2021-01-31,"ULB",1273,45,33,78,1351,18658,0.969091054856416,31.9800048102617,0.410000061670022,"220"
2021-01-31,"UMons - Jolimont",345,16,4,20,365,18658,0.969091054856416,3.87636421942567,0.193818210971283,"221"
2021-01-31,"UZ Gent",482,18,15,33,515,18658,0.969091054856416,14.5363658228462,0.440495934025644,"222"
2021-01-31,"UZ leuven",1653,54,22,76,1729,18658,0.969091054856416,21.3200032068412,0.280526357984752,"223"
2021-01-31,"UZA",2214,49,19,68,2282,18658,0.969091054856416,18.4127300422719,0.270775441798116,"224"
2021-02-01,"Namur",1006,60,11,71,1077,18659,0.972235301923412,10.6945883211575,0.150628004523346,"225"
2021-02-01,"Saint LUC - UCL",1823,74,40,114,1937,18659,0.972235301923412,38.8894120769365,0.341135193657338,"226"
2021-02-01,"ULB",1342,46,44,90,1432,18659,0.972235301923412,42.7783532846301,0.475315036495891,"227"
2021-02-01,"UMons - Jolimont",1608,78,13,91,1699,18659,0.972235301923412,12.6390589250044,0.13889075741763,"228"
2021-02-01,"UZ Gent",1946,77,35,112,2058,18659,0.972235301923412,34.0282355673194,0.303823531851066,"229"
2021-02-01,"UZ leuven",1305,46,23,69,1374,18659,0.972235301923412,22.3614119442385,0.324078433974471,"230"
2021-02-01,"UZA",3446,83,32,115,3561,18659,0.972235301923412,31.1115296615492,0.27053504053521,"231"
2021-02-02,"Namur",626,35,10,45,671,18660,0.975068596812221,9.75068596812221,0.216681910402716,"232"
2021-02-02,"Saint LUC - UCL",1487,48,34,82,1569,18660,0.975068596812221,33.1523322916155,0.404296735263604,"233"
2021-02-02,"ULB",1580,44,26,70,1650,18660,0.975068596812221,25.3517835171177,0.362168335958825,"234"
2021-02-02,"UMons - Jolimont",1461,87,15,102,1563,18660,0.975068596812221,14.6260289521833,0.14339244070768,"235"
2021-02-02,"UZ Gent",2564,34,19,53,2617,18660,0.975068596812221,18.5263033394322,0.349552893196834,"236"
2021-02-02,"UZ leuven",1057,56,13,69,1126,18660,0.975068596812221,12.6758917585589,0.183708576210998,"237"
2021-02-02,"UZA",1583,46,27,73,1656,18660,0.975068596812221,26.32685211393,0.360641809779863,"238"
2021-02-03,"Namur",582,36,14,50,632,18661,0.97761996494535,13.6866795092349,0.273733590184698,"239"
2021-02-03,"Saint LUC - UCL",1403,37,34,71,1474,18661,0.97761996494535,33.2390788081419,0.468156039551294,"240"
2021-02-03,"ULB",1679,52,30,82,1761,18661,0.97761996494535,29.3285989483605,0.357665840833665,"241"
2021-02-03,"UMons - Jolimont",1296,41,9,50,1346,18661,0.97761996494535,8.79857968450815,0.175971593690163,"242"
2021-02-03,"UZ Gent",814,57,38,95,909,18661,0.97761996494535,37.1495586679233,0.39104798597814,"243"
2021-02-03,"UZ leuven",1394,43,22,65,1459,18661,0.97761996494535,21.5076392287977,0.330886757366119,"244"
2021-02-03,"UZA",1190,45,36,81,1271,18661,0.97761996494535,35.1943187380326,0.434497762197933,"245"
2021-02-04,"Namur",751,34,16,50,801,18662,0.979916058950776,15.6786569432124,0.313573138864248,"246"
2021-02-04,"Saint LUC - UCL",2347,46,26,72,2419,18662,0.979916058950776,25.4778175327202,0.353858576843336,"247"
2021-02-04,"ULB",1617,38,33,71,1688,18662,0.979916058950776,32.3372299453756,0.455453942892614,"248"
2021-02-04,"UMons - Jolimont",2057,49,10,59,2116,18662,0.979916058950776,9.79916058950776,0.166087467618776,"249"
2021-02-04,"UZ Gent",664,63,84,147,811,18662,0.979916058950776,82.3129489518652,0.559952033686158,"250"
2021-02-04,"UZ leuven",1171,37,22,59,1230,18662,0.979916058950776,21.5581532969171,0.365392428761306,"251"
2021-02-04,"UZA",1737,50,20,70,1807,18662,0.979916058950776,19.5983211790155,0.279976016843079,"252"
2021-02-05,"Namur",1126,49,16,65,1191,18663,0.981981285326567,15.7117005652251,0.241718470234232,"253"
2021-02-05,"Saint LUC - UCL",1114,42,19,61,1175,18663,0.981981285326567,18.6576444212048,0.305863023298439,"254"
2021-02-05,"ULB",1281,33,39,72,1353,18663,0.981981285326567,38.2972701277361,0.53190652955189,"255"
2021-02-05,"UMons - Jolimont",1389,55,4,59,1448,18663,0.981981285326567,3.92792514130627,0.0665750023950215,"256"
2021-02-05,"UZ Gent",1240,34,24,58,1298,18663,0.981981285326567,23.5675508478376,0.406337083583407,"257"
2021-02-05,"UZ leuven",528,16,10,26,554,18663,0.981981285326567,9.81981285326567,0.377685109740987,"258"
2021-02-05,"UZA",1748,53,41,94,1842,18663,0.981981285326567,40.2612326983892,0.428310986153077,"259"
2021-02-06,"Namur",656,36,11,47,703,18664,0.983837939100673,10.8222173301074,0.230259943193774,"260"
2021-02-06,"Saint LUC - UCL",1081,37,15,52,1133,18664,0.983837939100673,14.7575690865101,0.283799405509809,"261"
2021-02-06,"ULB",923,24,14,38,961,18664,0.983837939100673,13.7737311474094,0.362466609142353,"262"
2021-02-06,"UMons - Jolimont",701,19,11,30,731,18664,0.983837939100673,10.8222173301074,0.360740577670247,"263"
2021-02-06,"UZ Gent",74,10,2,12,86,18664,0.983837939100673,1.96767587820135,0.163972989850112,"264"
2021-02-06,"UZ leuven",624,24,7,31,655,18664,0.983837939100673,6.88686557370471,0.222156953990474,"265"
2021-02-06,"UZA",995,29,38,67,1062,18664,0.983837939100673,37.3858416858256,0.557997637101874,"266"
2021-02-07,"Namur",1026,31,15,46,1072,18665,0.985506342208807,14.7825951331321,0.321360763763741,"267"
2021-02-07,"Saint LUC - UCL",2214,50,34,84,2298,18665,0.985506342208807,33.5072156350994,0.398895424227374,"268"
2021-02-07,"ULB",1380,31,29,60,1440,18665,0.985506342208807,28.5796839240554,0.476328065400923,"269"
2021-02-07,"UMons - Jolimont",577,28,5,33,610,18665,0.985506342208807,4.92753171104404,0.14931914275891,"270"
2021-02-07,"UZ Gent",612,8,1,9,621,18665,0.985506342208807,0.985506342208807,0.109500704689867,"271"
2021-02-07,"UZ leuven",876,24,9,33,909,18665,0.985506342208807,8.86955707987926,0.268774456966038,"272"
2021-02-07,"UZA",827,31,23,54,881,18665,0.985506342208807,22.6666458708026,0.419752701311159,"273"
