"date_num","country","prob","SE","df","asymp.LCL","asymp.UCL","date"
18871,"England",2.28375958889485e-13,3.39526851607026e-13,111,2.22044604925031e-16,4.34591338837441e-12,2021-09-01
18872,"England",2.96199573847906e-13,4.34297648260973e-13,111,2.22044604925031e-16,5.41253276234697e-12,2021-09-02
18873,"England",3.84165601205584e-13,5.55413612355592e-13,111,2.22044604925031e-16,6.74094770609595e-12,2021-09-03
18874,"England",4.98255980697067e-13,7.10164349347904e-13,111,2.22044604925031e-16,8.39541883454888e-12,2021-09-04
18875,"England",6.4622918221024e-13,9.07845681584453e-13,111,2.22044604925031e-16,1.04559815723404e-11,2021-09-05
18876,"England",8.38147803777192e-13,1.16030835706146e-12,111,2.22044604925031e-16,1.30223189899118e-11,2021-09-06
18877,"England",1.08706285682398e-12,1.48265573341276e-12,111,2.22044604925031e-16,1.62185855770066e-11,2021-09-07
18878,"England",1.40990127202e-12,1.89413053040435e-12,111,9.84098573593168e-14,2.01994154869148e-11,2021-09-08
18879,"England",1.82861697864569e-12,2.41924141976132e-12,111,1.32916725781773e-13,2.51574061492378e-11,2021-09-09
18880,"England",2.3716838341454e-12,3.08919370178769e-12,111,1.79522701688908e-13,3.13324396083529e-11,2021-09-10
18881,"England",3.0760319273157e-12,3.94370532865457e-12,111,2.42469860919434e-13,3.90232929638053e-11,2021-09-11
18882,"England",3.98955892924619e-12,5.03331098221053e-12,111,3.27487503398291e-13,4.86021001843188e-11,2021-09-12
18883,"England",5.1743872710103e-12,6.42228393543612e-12,111,4.42313517927792e-13,6.05323657175876e-11,2021-09-13
18884,"England",6.71108864544148e-12,8.19233944024935e-12,111,5.97398501091885e-13,7.5391402425411e-11,2021-09-14
18885,"England",8.70416311111545e-12,1.04473261607347e-11,111,8.0685668387594e-13,9.38982807889780e-11,2021-09-15
18886,"England",1.12891453931725e-11,1.33191659155704e-11,111,1.08975016662899e-12,1.16948643458581e-10,2021-09-16
18887,"England",1.46418216296224e-11,1.69753694494617e-11,111,1.47182327498299e-12,1.45658072033745e-10,2021-09-17
18888,"England",1.89901833280594e-11,2.16285405260035e-11,111,1.98784478138221e-12,1.81416107614854e-10,2021-09-18
18889,"England",2.46299314358019e-11,2.75483865426949e-11,111,2.68477100887016e-12,2.25953543307509e-10,2021-09-19
18890,"England",3.19445848442621e-11,3.50768863290513e-11,111,3.62601746819326e-12,2.8142625058975e-10,2021-09-20
18891,"England",4.1431560762963e-11,4.46474312347936e-11,111,4.89722745703645e-12,3.5051960356075e-10,2021-09-21
18892,"England",5.37360005027143e-11,5.68089619620601e-11,111,6.61406212607337e-12,4.36578564582154e-10,2021-09-22
18893,"England",6.96946409172799e-11,7.22563805529779e-11,111,8.93272024971018e-12,5.43769740325023e-10,2021-09-23
18894,"England",9.0392714886181e-11,9.18688363841497e-11,111,1.20641440145973e-11,6.77283269368514e-10,2021-09-24
18895,"England",1.17237750233079e-10,1.16757881407829e-10,111,1.62932020791789e-11,8.43584336849424e-10,2021-09-25
18896,"England",1.52055285615783e-10,1.48327980768538e-10,111,2.20045933656192e-11,1.05072652249284e-09,2021-09-26
18897,"England",1.9721301234024e-10,1.88352471515168e-10,111,2.9717825558861e-11,1.30874219321873e-09,2021-09-27
18898,"England",2.55781784094409e-10,2.39068809895658e-10,111,4.01344464951299e-11,1.63012889704735e-09,2021-09-28
18899,"England",3.31744443721129e-10,3.03297867083664e-10,111,5.42018192780498e-11,2.03045538414251e-09,2021-09-29
18900,"England",4.30266667843469e-10,3.84593160209097e-10,111,7.3199233947675e-11,2.52911670178137e-09,2021-09-30
18901,"England",5.58048247546022e-10,4.87427282641949e-10,111,9.88541759799473e-11,3.15027506767234e-09,2021-10-01
18902,"England",7.23778693195587e-10,6.17424473933662e-10,111,1.33499308496747e-10,3.92403227593818e-09,2021-10-02
18903,"England",9.38728145822062e-10,7.81650302307523e-10,111,1.80284418641522e-10,4.88789067622663e-09,2021-10-03
18904,"England",1.21751377870991e-09,9.8897188514448e-10,111,2.43462563435909e-10,6.08857384335397e-09,2021-10-04
18905,"England",1.57909380668205e-09,1.25050501640073e-09,111,3.28776377511102e-10,7.58429561552344e-09,2021-10-05
18906,"England",2.04805669852544e-09,1.58016808052257e-09,111,4.43979582543762e-10,9.4475880895992e-09,2021-10-06
18907,"England",2.65629326265562e-09,1.99536678879861e-09,111,5.99540986032317e-10,1.17688265053233e-08,2021-10-07
18908,"England",3.44516531257907e-09,2.51783865214138e-09,111,8.0959478070427e-10,1.46606230821262e-08,2021-10-08
18909,"England",4.46831838753798e-09,3.17469176908779e-09,111,1.09322324532534e-09,1.82633044894926e-08,2021-10-09
18910,"England",5.7953298012851e-09,3.99967900091459e-09,111,1.47618801064779e-09,2.27517408615801e-08,2021-10-10
18911,"England",7.51644009659144e-09,5.03475592632355e-09,111,1.99326659503597e-09,2.83438607769303e-08,2021-10-11
18912,"England",9.74868965770358e-09,6.33197904523216e-09,111,2.69140557435632e-09,3.5311269765152e-08,2021-10-12
18913,"England",1.26438777876126e-08,7.95580935415978e-09,111,3.63397543098375e-09,4.39924938880417e-08,2021-10-13
18914,"England",1.63988854896305e-08,9.98589529821068e-09,111,4.90651141987054e-09,5.48095000806423e-08,2021-10-14
18915,"England",2.12690639311293e-08,1.25204176270036e-08,111,6.62445855788617e-09,6.82883079285802e-08,2021-10-15
18916,"England",2.75855990419727e-08,1.56800859044336e-08,111,8.94361898998556e-09,8.50847118809097e-08,2021-10-16
18917,"England",3.57780330879183e-08,1.96128809116344e-08,111,1.20742424857447e-08,1.06016389316686e-07,2021-10-17
18918,"England",4.64034747470259e-08,2.44996368215038e-08,111,1.63000270803896e-08,1.32102992115541e-07,2021-10-18
18919,"England",6.01844840523155e-08,3.05605487625341e-08,111,2.20037355422101e-08,1.64616224991544e-07,2021-10-19
18920,"England",7.80582084761026e-08,3.80626709358223e-08,111,2.97017226795775e-08,2.05142425459163e-07,2021-10-20
18921,"England",1.01240111535376e-07,4.73284318841066e-08,111,4.0090459453797e-08,2.55660807268132e-07,2021-10-21
18922,"England",1.31306627620964e-07,5.87451288609928e-08,111,5.41092000851137e-08,3.18641349920988e-07,2021-10-22
18923,"England",1.70302363774197e-07,7.27752620462385e-08,111,7.30243572192253e-08,3.97167362413211e-07,2021-10-23
18924,"England",2.20879138370047e-07,8.99674183272648e-08,111,9.85430451485556e-08,4.95089088062814e-07,2021-10-24
18925,"England",2.86476311620502e-07,1.10967197514818e-07,111,1.32965774859413e-07,6.17216442813598e-07,2021-10-25
18926,"England",3.71554670696869e-07,1.36527373466317e-07,111,1.793916336823e-07,7.6956122236915e-07,2021-10-26
18927,"England",4.81899774007806e-07,1.67516082306364e-07,111,2.41993704120758e-07,9.59642060938712e-07,2021-10-27
18928,"England",6.25015382374293e-07,2.04921322144761e-07,111,3.26388273657817e-07,1.196869351622e-06,2021-10-28
18929,"England",8.1063373064517e-07,2.49849450570326e-07,111,4.40128910796123e-07,1.49303266426347e-06,2021-10-29
18930,"England",1.05137733816898e-06,3.03514753221583e-07,111,5.93366098431883e-07,1.8629205803019e-06,2021-10-30
18931,"England",1.36361736058481e-06,3.67216731242993e-07,111,7.99725114782766e-07,2.32511338257285e-06,2021-10-31
18932,"England",1.76858684903759e-06,4.42301985704943e-07,130,1.07832817846403e-06,2.90069212972571e-06,2021-11-01
18933,"England",2.29385451531128e-06,5.30143943062696e-07,111,1.45101570647513e-06,3.62626395973126e-06,2021-11-02
18934,"England",2.97535813251733e-06,6.32246648104591e-07,111,1.95285526123555e-06,4.53323472195008e-06,2021-11-03
18935,"England",3.85993926373007e-06,7.50242745297823e-07,111,2.62610319449419e-06,5.67347182467214e-06,2021-11-04
18936,"England",5.00868224866663e-06,8.85964883848737e-07,111,3.52775437493597e-06,7.1112893942348e-06,2021-11-05
18937,"England",6.50132997649796e-06,1.04167282795223e-06,111,4.7327706022696e-06,8.93076531307932e-06,2021-11-06
18938,"England",8.44210166994592e-06,1.22053140534858e-06,111,6.33913639824163e-06,1.12427034863484e-05,2021-11-07
18939,"England",1.09673699969273e-05,1.42752750358181e-06,111,8.47398425071127e-06,1.4194399333757e-05,2021-11-08
18940,"England",1.42558083985416e-05,1.67109753978676e-06,111,1.13008779275191e-05,1.79833741567444e-05,2021-11-09
18941,"England",1.85418262468852e-05,1.96578341268635e-06,111,1.50284521392391e-05,2.28765434388521e-05,2021-11-10
18942,"England",2.41333882857765e-05,2.33612533261038e-06,111,1.99210928557597e-05,2.92363433876689e-05,2021-11-11
18943,"England",3.14356916917352e-05,2.82157292339511e-06,111,2.63135495296656e-05,3.75548622087516e-05,2021-11-12
18944,"England",4.09826845475359e-05,3.48148859707057e-06,111,3.46332617468504e-05,4.84961101787922e-05,2021-11-13
18945,"England",5.34791023120995e-05,4.39894376887867e-06,111,4.5435592372612e-05,6.29464735037265e-05,2021-11-14
18946,"England",6.98566410564433e-05,5.68283071967677e-06,111,5.94564457354389e-05,8.20759021353539e-05,2021-11-15
18947,"England",9.13491701758532e-05,7.4694275466132e-06,111,7.76847956844067e-05,0.000107416782916186,2021-11-16
18948,"England",0.000119593640366419,9.92509397292437e-06,111,0.000101458273381939,0.000140970193664172,2021-11-17
18949,"England",0.00015676574074056,1.32505893633475e-05,111,0.00013258965035361,0.000185349226402613,2021-11-18
18950,"England",0.000205762645011753,1.76861279687658e-05,111,0.000173538040732683,0.00024396963637084,2021-11-19
18951,"England",0.000270449696337818,2.35160361186311e-05,111,0.000227643749325952,0.000321302252286063,2021-11-20
18952,"England",0.000355994076920004,3.10728946639513e-05,111,0.000299450244425563,0.000423210305103701,2021-11-21
18953,"England",0.000469317029844025,4.07437979702116e-05,111,0.000395140760362946,0.000557409987648196,2021-11-22
18954,"England",0.000619707922338203,5.29881179250959e-05,111,0.000523117453358918,0.000734120136546279,2021-11-23
18955,"England",0.000819659555195362,6.8392454870537e-05,111,0.000694739099088164,0.000967020117837436,2021-11-24
18956,"England",0.00108600624377338,8.78252838482594e-05,111,0.00092519060688152,0.00127473901630122,2021-11-25
18957,"England",0.00144147646295238,0.000112828140911976,111,0.00123435551684638,0.00168329307392264,2021-11-26
18958,"England",0.00191681303734505,0.00014649893777936,111,0.00164739460815259,0.00223019430396385,2021-11-27
18959,"England",0.00255500928326113,0.000195242111382828,111,0.00219593001969849,0.00297263038926716,2021-11-28
18960,"England",0.00342288571381656,0.000270563147881603,111,0.00292650927796501,0.00400311643532861,2021-11-29
18961,"England",0.00462315796012331,0.000388928473987697,111,0.0039130429705168,0.00546143368878098,2021-11-30
18962,"England",0.00631488938514296,0.000571867325493825,111,0.00527704297466745,0.00755530075478641,2021-12-01
18963,"England",0.00874916597178478,0.000847186408346345,111,0.00722053875551045,0.010597957219279,2021-12-02
18964,"England",0.0123300746606827,0.00125065950022493,111,0.0100826041398591,0.0150708922747707,2021-12-03
18965,"England",0.0177202090173433,0.0018265626453891,111,0.0144413784894311,0.0217270673536819,2021-12-04
18966,"England",0.0260240503178205,0.00262552752179332,111,0.0212977825331195,0.0317651002741135,2021-12-05
18967,"England",0.0390319478530304,0.00370812556848756,111,0.0323123307423367,0.0470809772540668,2021-12-06
18968,"England",0.0592432939515901,0.00518854593184352,111,0.0497598121576872,0.0704002813062206,2021-12-07
18969,"England",0.0898917643892172,0.00729958656766844,111,0.0764377166669663,0.105443536261319,2021-12-08
18970,"England",0.134526652721251,0.0104204332781262,111,0.115182380731967,0.156544909932939,2021-12-09
18971,"England",0.195780057391381,0.0148427126376496,111,0.168026105756916,0.22686823024516,2021-12-10
18972,"England",0.273440745705109,0.0202265004973719,111,0.235236261904551,0.315291925639059,2021-12-11
18973,"England",0.36291033527256,0.0253016284030777,111,0.314405337763197,0.414375633235942,2021-12-12
18974,"England",0.455712040591342,0.0284163087124402,111,0.400199560443018,0.512347246138187,2021-12-13
18975,"England",0.542397673868051,0.0286091391522148,111,0.485402387601556,0.598304359287972,2021-12-14
18976,"England",0.616339737747453,0.026257182619146,111,0.5631624839412,0.666872801756468,2021-12-15
18977,"England",0.67632939658557,0.0228833159022872,111,0.629439461804672,0.719926070164704,2021-12-16
18978,"England",0.723783584291296,0.0201879907736095,111,0.6820501166373,0.761951078331399,2021-12-17
18979,"England",0.760909521416624,0.0194709367808933,111,0.720227858590213,0.797340190484561,2021-12-18
18980,"England",0.789948948563333,0.0210303300946895,111,0.745256069628699,0.828604101794549,2021-12-19
18981,"England",0.812861778791482,0.0241976654088487,111,0.760149884009189,0.856180940565032,2021-12-20
18982,"England",0.831252474017685,0.0281463218502324,111,0.767975958167525,0.879969605087217,2021-12-21
18983,"England",0.846399519619076,0.0323046083430842,111,0.771050267989693,0.900161650823913,2021-12-22
18984,"England",0.859313936355344,0.0363079266867277,111,0.771090628030211,0.917187057744457,2021-12-23
18985,"England",0.870794335648737,0.039885807999514,111,0.769506525205514,0.931532627924048,2021-12-24
18986,"England",0.881387524081317,0.0428377771070135,111,0.767396575152829,0.94361966158491,2021-12-25
18987,"England",0.891220701671473,0.0451405796393992,111,0.765056651915726,0.953732198734659,2021-12-26
18988,"England",0.90033087504674,0.0468329192951518,111,0.762552347536059,0.962133587512827,2021-12-27
18989,"England",0.908756192510975,0.0479658665378779,111,0.759924024602115,0.969076298184845,2021-12-28
18990,"England",0.916535319306579,0.0485959234104302,111,0.757197805073713,0.974789885745505,2021-12-29
18991,"England",0.923706904659311,0.0487810431911439,111,0.754391316483725,0.979476608811638,2021-12-30
18992,"England",0.930309136439679,0.0485782203965869,111,0.751516880758043,0.98331101690049,2021-12-31
18993,"England",0.93637937741108,0.0480419967757088,111,0.748583375090479,0.986441560846441,2022-01-01
18994,"England",0.941953875841899,0.0472235445833852,111,0.745597365399469,0.988993145645062,2022-01-02
18995,"England",0.947067542620482,0.0461701353310317,111,0.742563822590104,0.991070014530986,2022-01-03
18996,"England",0.951753786813467,0.0449248758057064,111,0.73948658984362,0.992758623584261,2022-01-04
18997,"England",0.956044401743215,0.0435266329430532,111,0.736368696089618,0.994130326721583,2022-01-05
18998,"England",0.959969494035383,0.0420100924451987,111,0.733212571514843,0.995243786830781,2022-01-06
18999,"England",0.963557448624058,0.0404059108149143,111,0.73002019898079,0.996147085285469,2022-01-07
19000,"England",0.966834923334876,0.0387409305566848,111,0.726793222495206,0.996879534160881,2022-01-08
19001,"England",0.969826867345758,0.0370384355885874,111,0.723533026283322,0.997473212475508,2022-01-09
19002,"England",0.972556558512204,0.0353184294182387,111,0.720240793340075,0.997954255590893,2022-01-10
19003,"England",0.97504565521203,0.0335979229141512,111,0.716917549409517,0.998343929251347,2022-01-11
19004,"England",0.977314258994294,0.0318912218759439,111,0.713564196448841,0.998659518998027,2022-01-12
19005,"England",0.979380984897301,0.0302102072797262,111,0.71018153839385,0.998915063321398,2022-01-13
19006,"England",0.981263036824569,0.0285646031910758,111,0.706770301212608,0.999121955822125,2022-01-14
19007,"England",0.982976285833398,0.0269622290030287,111,0.703331148668948,0.99928943836527,2022-01-15
19008,"England",0.984535349598731,0.0254092339533171,111,0.69986469482694,0.999425004035414,2022-01-16
19009,"England",0.985953671667965,0.0239103128712923,111,0.696371514053207,0.999534725785314,2022-01-17
19010,"England",0.987243599424288,0.0224689028565875,111,0.692852149079392,0.999623524083989,2022-01-18
19011,"England",0.98841645993132,0.0210873611457777,111,0.689307117546616,0.999695384626207,2022-01-19
19012,"England",0.989482633045484,0.019767124819376,111,0.685736917351817,0.999753535249725,2022-01-20
19013,"England",0.990451621359394,0.0185088532725333,111,0.682142031040621,0.99980058959059,2022-01-21
19014,"England",0.991332116684337,0.0173125545460146,111,0.678522929435585,0.999838663655412,2022-01-22
19015,"England",0.992132062897214,0.0161776967119592,111,0.674880074646669,0.999869470367161,2022-01-23
19016,"England",0.992858715070975,0.0151033055498706,111,0.671213922579055,0.999894396213668,2022-01-24
19017,"England",0.993518694881407,0.0140880497470233,111,0.667524925029239,0.999914563365018,2022-01-25
19018,"England",0.994118042340276,0.0131303148258306,111,0.663813531441629,0.999930880000159,2022-01-26
18871,"Scotland",2.22044604925031e-16,5.20349518130787e-15,111,2.22044604925031e-16,0.999503138595251,2021-09-01
18872,"Scotland",2.22044604925031e-16,5.1374951008168e-15,111,2.22044604925031e-16,0.999397429436765,2021-09-02
18873,"Scotland",2.22044604925031e-16,5.07149512972655e-15,111,2.22044604925031e-16,0.999269247407475,2021-09-03
18874,"Scotland",2.22044604925031e-16,5.00549527236464e-15,111,2.22044604925031e-16,0.999113822889236,2021-09-04
18875,"Scotland",2.22044604925031e-16,4.93949553328987e-15,111,2.22044604925031e-16,0.998925377654243,2021-09-05
18876,"Scotland",2.22044604925031e-16,4.87349591730798e-15,111,2.22044604925031e-16,0.998696913303994,2021-09-06
18877,"Scotland",2.22044604925031e-16,4.8074964294886e-15,111,2.22044604925031e-16,0.99841995614149,2021-09-07
18878,"Scotland",2.22044604925031e-16,4.74149707518363e-15,111,2.22044604925031e-16,0.99808424988632,2021-09-08
18879,"Scotland",2.22044604925031e-16,4.67549786004714e-15,111,2.22044604925031e-16,0.997677386130155,2021-09-09
18880,"Scotland",2.22044604925031e-16,4.60949879005701e-15,111,2.22044604925031e-16,0.997184360741157,2021-09-10
18881,"Scotland",2.22044604925031e-16,4.54349987153844e-15,111,2.22044604925031e-16,0.996587042587548,2021-09-11
18882,"Scotland",2.22044604925031e-16,4.47750111118956e-15,111,2.22044604925031e-16,0.995863539024809,2021-09-12
18883,"Scotland",2.22044604925031e-16,4.41150251610932e-15,111,2.22044604925031e-16,0.994987440692782,2021-09-13
18884,"Scotland",2.22044604925031e-16,4.3455040938279e-15,111,2.22044604925031e-16,0.993926926493591,2021-09-14
18885,"Scotland",2.22044604925031e-16,4.27950585234002e-15,111,2.22044604925031e-16,0.992643708482192,2021-09-15
18886,"Scotland",2.22044604925031e-16,4.21350780014124e-15,111,2.22044604925031e-16,0.991091796282363,2021-09-16
18887,"Scotland",2.22044604925031e-16,4.14750994626785e-15,111,2.22044604925031e-16,0.989216062265267,2021-09-17
18888,"Scotland",2.22044604925031e-16,4.08151230034061e-15,111,2.22044604925031e-16,0.986950593146184,2021-09-18
18889,"Scotland",2.22044604925031e-16,4.01551487261269e-15,111,2.22044604925031e-16,0.984216822352389,2021-09-19
18890,"Scotland",2.22044604925031e-16,3.9495176740226e-15,111,2.22044604925031e-16,0.980921452525752,2021-09-20
18891,"Scotland",2.22044604925031e-16,3.88352071625237e-15,111,2.22044604925031e-16,0.976954201535496,2021-09-21
18892,"Scotland",2.22044604925031e-16,3.81752401179178e-15,111,2.22044604925031e-16,0.972185441778127,2021-09-22
18893,"Scotland",2.22044604925031e-16,3.75152757400949e-15,111,2.22044604925031e-16,0.966463855327601,2021-09-23
18894,"Scotland",1.23528775802128e-13,2.05035012809503e-12,111,2.22044604925031e-16,0.959614300894946,2021-09-24
18895,"Scotland",1.83547140026892e-13,2.99199073044722e-12,111,2.22044604925031e-16,0.951436186146047,2021-09-25
18896,"Scotland",2.72726353785092e-13,4.36463660126664e-12,111,2.22044604925031e-16,0.941702761986157,2021-09-26
18897,"Scotland",4.05234666353347e-13,6.36482048657659e-12,111,2.22044604925031e-16,0.930161900128647,2021-09-27
18898,"Scotland",6.02124189816644e-13,9.27830684030976e-12,111,2.22044604925031e-16,0.916539068534911,2021-09-28
18899,"Scotland",8.94675530168449e-13,1.35204065561663e-11,111,2.22044604925031e-16,0.900543353361997,2021-09-29
18900,"Scotland",1.3293674591048e-12,1.96944023087054e-11,111,2.22044604925031e-16,0.881877442737576,2021-09-30
18901,"Scotland",1.97526117764017e-12,2.86761662608476e-11,111,2.22044604925031e-16,0.860252415151501,2021-10-01
18902,"Scotland",2.9349723382868e-12,4.17366299179911e-11,111,2.22044604925031e-16,0.835407871784218,2021-10-02
18903,"Scotland",4.36097399372563e-12,6.07189129947139e-11,111,2.22044604925031e-16,0.80713732390531,2021-10-03
18904,"Scotland",6.47982058496656e-12,8.82943143740474e-11,111,2.22044604925031e-16,0.77531773614288,2021-10-04
18905,"Scotland",9.62814152841166e-12,1.28331984090046e-10,111,2.22044604925031e-16,0.739940772421599,2021-10-05
18906,"Scotland",1.43061228432858e-11,1.8643231339807e-10,111,2.22044604925031e-16,0.701141794438604,2021-10-06
18907,"Scotland",2.12569736540299e-11,2.70695866585173e-10,111,2.22044604925031e-16,0.65922142244398,2021-10-07
18908,"Scotland",3.15850027206123e-11,3.92830823552185e-10,111,2.22044604925031e-16,0.614654037196352,2021-10-08
18909,"Scotland",4.69310642753208e-11,5.6974635760469e-10,111,2.22044604925031e-16,0.568078514073656,2021-10-09
18910,"Scotland",6.97332469298954e-11,8.25842719850468e-10,111,2.22044604925031e-16,0.520268974360015,2021-10-10
18911,"Scotland",1.03614222315623e-10,1.19629890342293e-09,111,2.22044604925031e-16,0.472087095641205,2021-10-11
18912,"Scotland",1.53956793044324e-10,1.73178666223286e-09,111,2.22044604925031e-16,0.424421602386541,2021-10-12
18913,"Scotland",2.28759079537474e-10,2.5052208217655e-09,111,2.22044604925031e-16,0.378123666198408,2021-10-13
18914,"Scotland",3.39905212586912e-10,3.62141180697422e-09,111,2.22044604925031e-16,0.33394797788877,2021-10-14
18915,"Scotland",5.05053411524104e-10,5.2308470691649e-09,111,2.22044604925031e-16,0.292507825425508,2021-10-15
18916,"Scotland",7.5044141432943e-10,7.54933499997842e-09,111,2.22044604925031e-16,0.254249153477188,2021-10-16
18917,"Scotland",1.11505496928365e-09,1.08859548356723e-08,111,2.22044604925031e-16,0.219444469465105,2021-10-17
18918,"Scotland",1.65682165264681e-09,1.56827465923672e-08,111,2.22044604925031e-16,0.188203864577803,2021-10-18
18919,"Scotland",2.46181404825296e-09,2.25709513468847e-08,111,2.22044604925031e-16,0.16049818239753,2021-10-19
18920,"Scotland",3.65792443388422e-09,3.24505152076357e-08,111,2.22044604925031e-16,0.136188706782713,2021-10-20
18921,"Scotland",5.43518352481847e-09,4.66021871126216e-08,111,2.22044604925031e-16,0.115058345885568,2021-10-21
18922,"Scotland",8.07595139180621e-09,6.68451155492206e-08,111,2.22044604925031e-16,0.0968406067589525,2021-10-22
18923,"Scotland",1.19997771006845e-08,9.5757695855816e-08,111,2.22044604925031e-16,0.0812441498281563,2021-10-23
18924,"Scotland",1.78300540958788e-08,1.36985929848152e-07,111,2.22044604925031e-16,0.0679720177295738,2021-10-24
18925,"Scotland",2.64930611205499e-08,1.95672205804767e-07,111,2.22044604925031e-16,0.0567355788564168,2021-10-25
18926,"Scotland",3.93651236731337e-08,2.79048728908299e-07,111,2.22044604925031e-16,0.0472637945636048,2021-10-26
18927,"Scotland",5.84912760763496e-08,3.97254390100696e-07,111,2.22044604925031e-16,0.0393086773983441,2021-10-27
18928,"Scotland",8.69101637697158e-08,5.64452128353903e-07,111,2.23805733541936e-13,0.032647851355427,2021-10-28
18929,"Scotland",1.29136804133391e-07,8.00345988638004e-07,111,5.99025801766332e-13,0.0270850431405326,2021-10-29
18930,"Scotland",1.91879903526976e-07,1.13222256996047e-06,111,1.60323705480616e-12,0.0224491936324971,2021-10-30
18931,"Scotland",2.85107692591713e-07,1.59766842867529e-06,111,4.29066227465728e-12,0.0185927255738852,2021-10-31
18932,"Scotland",4.23631611225932e-07,2.24813859672803e-06,111,1.14820913445683e-11,0.0153893619168528,2021-11-01
18933,"Scotland",6.29411928132273e-07,3.15340781711091e-06,111,3.07139194929422e-11,0.0127341325390463,2021-11-02
18934,"Scotland",9.34727075281171e-07,4.4064835834403e-06,111,8.19832098969198e-11,0.0105448799305056,2021-11-03
18935,"Scotland",1.38688735003653e-06,6.12997308130553e-06,111,2.1792157397977e-10,0.00874917120234937,2021-11-04
18936,"Scotland",2.05497867370726e-06,8.48328934682324e-06,111,5.75666425132151e-10,0.00728234530576547,2021-11-05
18937,"Scotland",3.03939022970049e-06,1.16701670158361e-05,111,1.50815545600919e-09,0.00608803826264232,2021-11-06
18938,"Scotland",4.48520030299501e-06,1.59457280783285e-05,111,3.91051837159171e-09,0.00511805324124359,2021-11-07
18939,"Scotland",6.60080123219307e-06,2.16216643271489e-05,111,1.0014820405565e-08,0.00433182099043666,2021-11-08
18940,"Scotland",9.6835379356368e-06,2.90673079687175e-05,111,2.52801176222907e-08,0.00369563828831538,2021-11-09
18941,"Scotland",1.41545855096219e-05,3.87033664451195e-05,111,6.27692730454379e-08,0.00318181871375628,2021-11-10
18942,"Scotland",2.06057762546863e-05,5.09839627115538e-05,111,1.52985473462666e-07,0.0027678456612263,2021-11-11
18943,"Scotland",2.98615576352027e-05,6.63615054439836e-05,111,3.6524867155966e-07,0.00243558336235251,2021-11-12
18944,"Scotland",4.30596388454132e-05,8.52281214611743e-05,111,8.52430270826774e-07,0.00217057721446247,2021-11-13
18945,"Scotland",6.1754039044223e-05,0.000107827434748774,111,1.94067002577741e-06,0.00196145861122649,2021-11-14
18946,"Scotland",8.80440046884028e-05,0.000134132178751365,111,4.300804691365e-06,0.00179946028366337,2021-11-15
18947,"Scotland",0.000124731376057282,0.000163687656073325,111,9.25812017247568e-06,0.00167804484111814,2021-11-16
18948,"Scotland",0.000175507155497538,0.000195430073886435,111,1.93161563481352e-05,0.00159265159122569,2021-11-17
18949,"Scotland",0.000245164923289537,0.000227504696236376,111,3.89726452232947e-05,0.00154057644057239,2021-11-18
18950,"Scotland",0.000339834022338045,0.000257135550760186,111,7.58576354311719e-05,0.00152102242346275,2021-11-19
18951,"Scotland",0.000467218821585768,0.000280644464074254,111,0.00014206693466924,0.00153541058180149,2021-11-20
18952,"Scotland",0.000636821779202466,0.000293804872503375,111,0.000255205984387615,0.00158817056795185,2021-11-21
18953,"Scotland",0.000860117690947094,0.000292914335444907,111,0.000437941482120383,0.00168858484406649,2021-11-22
18954,"Scotland",0.00115063515002025,0.000277485825612776,111,0.000713429895119129,0.0018552717961938,2021-11-23
18955,"Scotland",0.00152389024967454,0.000256539754949231,111,0.00109155444149502,0.00212709818710344,2021-11-24
18956,"Scotland",0.00199710910379083,0.00025803477660975,111,0.0015459115058567,0.0025796552906646,2021-11-25
18957,"Scotland",0.00258867280908813,0.000316161641939762,111,0.00203208212140432,0.0032972109288941,2021-11-26
18958,"Scotland",0.00331722457409282,0.00042664321277387,111,0.00257068072340389,0.00427963981120252,2021-11-27
18959,"Scotland",0.00420411619161551,0.000554701445677043,111,0.00323645549462392,0.00545951096067921,2021-11-28
18960,"Scotland",0.00529043677501044,0.000675933515794754,111,0.00410648985718575,0.00681339351182124,2021-11-29
18961,"Scotland",0.0066422479286986,0.000785029041835325,111,0.00525449857483966,0.00839341891183651,2021-11-30
18962,"Scotland",0.00836025861470568,0.000902049831312986,111,0.00674973860492551,0.010351051714392,2021-12-01
18963,"Scotland",0.0105987774784857,0.00108271136479232,111,0.0086547426701908,0.0129737681255847,2021-12-02
18964,"Scotland",0.0135967601421325,0.00140919013072355,111,0.0110694246153485,0.0166913895175185,2021-12-03
18965,"Scotland",0.017729987888743,0.00195071736635742,111,0.0142511615027129,0.0220390382112882,2021-12-04
18966,"Scotland",0.0236004160462045,0.00273363540133116,111,0.0187491412228219,0.0296689876837027,2021-12-05
18967,"Scotland",0.0321310202163039,0.00374655254854799,111,0.0254812554557471,0.0404441329505222,2021-12-06
18968,"Scotland",0.0444742926208426,0.00501352174772237,111,0.0355325645617764,0.0555366248849485,2021-12-07
18969,"Scotland",0.0620650358252146,0.00664334278900742,111,0.0501332667828801,0.0766075480715369,2021-12-08
18970,"Scotland",0.0865599236121123,0.00890181513546775,111,0.0704710406504943,0.105903483961127,2021-12-09
18971,"Scotland",0.119553724852297,0.012227163384927,111,0.0973656980332495,0.145980297505382,2021-12-10
18972,"Scotland",0.162056167469599,0.0169951993794684,111,0.131129387629951,0.198609704240099,2021-12-11
18973,"Scotland",0.213815240909058,0.023082283473624,111,0.171621767339858,0.263087542233436,2021-12-12
18974,"Scotland",0.272784437441232,0.029597390929712,111,0.218199111732309,0.335170770374689,2021-12-13
18975,"Scotland",0.335133730734533,0.0350631392145929,111,0.269555588876174,0.407759792608162,2021-12-14
18976,"Scotland",0.396365313082898,0.0381047808196138,111,0.32383142105215,0.473762510275695,2021-12-15
18977,"Scotland",0.453719081455769,0.0383869218484979,111,0.379293161152259,0.530272744311904,2021-12-16
18978,"Scotland",0.505786952407357,0.0363546486327449,111,0.434123594807147,0.577213307077296,2021-12-17
18979,"Scotland",0.552073163399899,0.0328993633439325,111,0.486358910179837,0.616017701865289,2021-12-18
18980,"Scotland",0.59274436011838,0.029196925763994,111,0.533861446693472,0.649078428835165,2021-12-19
18981,"Scotland",0.628371044150494,0.0265949570529879,111,0.574335074607269,0.679376798422503,2021-12-20
18982,"Scotland",0.659723158191493,0.0262525459628517,111,0.605952170870139,0.709672245428631,2021-12-21
18983,"Scotland",0.687631914202692,0.028436118149376,111,0.628721601265198,0.741044892801417,2021-12-22
18984,"Scotland",0.712905744629643,0.0324013021330693,111,0.644703670252213,0.772632991988209,2021-12-23
18985,"Scotland",0.736282246003338,0.0371112647845448,111,0.656560345258079,0.803049675524109,2021-12-24
18986,"Scotland",0.7583004587783,0.041758139130335,111,0.666391758264935,0.831298527988691,2021-12-25
18987,"Scotland",0.77903204467971,0.0459252348998766,111,0.675107082855673,0.856766996459914,2021-12-26
18988,"Scotland",0.798458016746644,0.0494241620745479,111,0.683106891721714,0.879243156193406,2021-12-27
18989,"Scotland",0.816578289652711,0.0521794757873738,111,0.69061582874859,0.898773438256602,2021-12-28
18990,"Scotland",0.83340931073519,0.0541811789751973,111,0.697766561744266,0.915543802721655,2021-12-29
18991,"Scotland",0.848981523941788,0.0554587154378886,111,0.704641301776029,0.929809851336608,2021-12-30
18992,"Scotland",0.863336805555708,0.0560654498666004,111,0.711293176515419,0.941854257179958,2021-12-31
18993,"Scotland",0.876525983876144,0.0560686188842997,111,0.717757773652427,0.951960718587933,2022-01-01
18994,"Scotland",0.888606526728253,0.055542439028619,111,0.72405967344349,0.96039854232839,2022-01-02
18995,"Scotland",0.899640453530145,0.0545632422524722,111,0.730216306638615,0.967414248651015,2022-01-03
18996,"Scotland",0.909692504534697,0.0532060355851459,111,0.736240321186131,0.973227799896599,2022-01-04
18997,"Scotland",0.918828579836191,0.0515421223735912,111,0.742141083791587,0.978031793996544,2022-01-05
18998,"Scotland",0.927114445145068,0.0496375386502099,111,0.747925661288423,0.98199246832213,2022-01-06
18999,"Scotland",0.934614690045262,0.0475521195879684,111,0.753599479065806,0.985251721228057,2022-01-07
19000,"Scotland",0.941391916993206,0.0453390483831357,111,0.759166773183863,0.987929621268357,2022-01-08
19001,"Scotland",0.947506135063845,0.0430447665745947,111,0.764630907257283,0.990127062584417,2022-01-09
19002,"Scotland",0.953014330714462,0.0407091463409989,111,0.769994598626632,0.991928357426513,2022-01-10
19003,"Scotland",0.957970187969187,0.0383658438665723,111,0.775260082397848,0.993403647384473,2022-01-11
19004,"Scotland",0.962423931849657,0.036042769150055,111,0.780429232113445,0.994611074986458,2022-01-12
19005,"Scotland",0.96642227111293,0.0337626218328489,111,0.785503649627842,0.995598695699514,2022-01-13
19006,"Scotland",0.970008419031773,0.031543454786849,111,0.790484732769039,0.99640613370633,2022-01-14
19007,"Scotland",0.973222173785958,0.0293992373895614,111,0.795373726746302,0.997065998042433,2022-01-15
19008,"Scotland",0.976100042830012,0.0273403987419715,111,0.80017176350783,0.997605082260559,2022-01-16
19009,"Scotland",0.978675398234608,0.0253743377256368,111,0.804879892056964,0.998045373185271,2022-01-17
19010,"Scotland",0.980978652389428,0.0235058919567614,111,0.809499101909943,0.998404894191492,2022-01-18
19011,"Scotland",0.983037445567926,0.0217377615977167,111,0.814030341298284,0.998698406887115,2022-01-19
19012,"Scotland",0.984876838679563,0.0200708868474196,111,0.818474531307504,0.998937992814113,2022-01-20
19013,"Scotland",0.98651950608155,0.0185047799527171,111,0.822832576847459,0.999133534249613,2022-01-21
19014,"Scotland",0.987985924610196,0.0170378139419917,111,0.827105375134052,0.999293110654762,2022-01-22
19015,"Scotland",0.98929455604783,0.0156674711327348,111,0.831293822203178,0.999423324934576,2022-01-23
19016,"Scotland",0.990462021093773,0.0143905549341162,111,0.835398817859914,0.999529571511118,2022-01-24
19017,"Scotland",0.991503263585683,0.0132033686569234,111,0.839421269377298,0.999616256303696,2022-01-25
19018,"Scotland",0.992431704248104,0.0121018650385192,111,0.843362094191868,0.999686977054287,2022-01-26
18871,"Denmark",2.22044604925031e-16,1.93072021014646e-14,111,2.22044604925031e-16,2.22044604925031e-16,2021-09-01
18872,"Denmark",2.22044604925031e-16,1.90658367931186e-14,111,2.22044604925031e-16,2.22044604925031e-16,2021-09-02
18873,"Denmark",2.22044604925031e-16,1.88244715796585e-14,111,2.22044604925031e-16,2.22044604925031e-16,2021-09-03
18874,"Denmark",2.22044604925031e-16,1.85831064647816e-14,111,2.22044604925031e-16,2.22044604925031e-16,2021-09-04
18875,"Denmark",2.22044604925031e-16,1.83417414523797e-14,111,2.22044604925031e-16,2.22044604925031e-16,2021-09-05
18876,"Denmark",2.22044604925031e-16,1.81003765465522e-14,111,2.22044604925031e-16,2.22044604925031e-16,2021-09-06
18877,"Denmark",2.22044604925031e-16,1.78590117516203e-14,111,2.22044604925031e-16,2.22044604925031e-16,2021-09-07
18878,"Denmark",2.22044604925031e-16,1.76176470721417e-14,111,2.22044604925031e-16,2.22044604925031e-16,2021-09-08
18879,"Denmark",2.22044604925031e-16,1.73762825129277e-14,111,2.22044604925031e-16,2.22044604925031e-16,2021-09-09
18880,"Denmark",2.22044604925031e-16,1.71349180790604e-14,111,2.22044604925031e-16,2.22044604925031e-16,2021-09-10
18881,"Denmark",2.22044604925031e-16,1.68935537759124e-14,111,2.22044604925031e-16,2.22044604925031e-16,2021-09-11
18882,"Denmark",2.22044604925031e-16,1.66521896091678e-14,111,2.22044604925031e-16,2.22044604925031e-16,2021-09-12
18883,"Denmark",2.22044604925031e-16,1.64108255848451e-14,111,2.22044604925031e-16,2.22044604925031e-16,2021-09-13
18884,"Denmark",2.22044604925031e-16,1.61694617093223e-14,111,2.22044604925031e-16,2.22044604925031e-16,2021-09-14
18885,"Denmark",2.22044604925031e-16,1.59280979893636e-14,111,2.22044604925031e-16,2.22044604925031e-16,2021-09-15
18886,"Denmark",2.22044604925031e-16,1.568673443215e-14,111,2.22044604925031e-16,2.22044604925031e-16,2021-09-16
18887,"Denmark",2.22044604925031e-16,1.5445371045311e-14,111,2.22044604925031e-16,2.22044604925031e-16,2021-09-17
18888,"Denmark",2.22044604925031e-16,1.52040078369607e-14,111,2.22044604925031e-16,2.22044604925031e-16,2021-09-18
18889,"Denmark",2.22044604925031e-16,1.49626448157366e-14,111,2.22044604925031e-16,2.22044604925031e-16,2021-09-19
18890,"Denmark",2.22044604925031e-16,1.4721281990843e-14,111,2.22044604925031e-16,2.22044604925031e-16,2021-09-20
18891,"Denmark",2.22044604925031e-16,1.44799193720976e-14,111,2.22044604925031e-16,2.22044604925031e-16,2021-09-21
18892,"Denmark",2.22044604925031e-16,1.42385569699839e-14,111,2.22044604925031e-16,2.22044604925031e-16,2021-09-22
18893,"Denmark",2.22044604925031e-16,1.39971947957084e-14,111,2.22044604925031e-16,2.22044604925031e-16,2021-09-23
18894,"Denmark",2.22044604925031e-16,1.37558328612641e-14,111,2.22044604925031e-16,2.22044604925031e-16,2021-09-24
18895,"Denmark",2.22044604925031e-16,1.35144711795009e-14,111,2.22044604925031e-16,2.22044604925031e-16,2021-09-25
18896,"Denmark",2.22044604925031e-16,1.32731097642032e-14,111,2.22044604925031e-16,2.22044604925031e-16,2021-09-26
18897,"Denmark",2.22044604925031e-16,1.30317486301767e-14,111,2.22044604925031e-16,2.22044604925031e-16,2021-09-27
18898,"Denmark",2.22044604925031e-16,1.27903877933446e-14,111,2.22044604925031e-16,2.22044604925031e-16,2021-09-28
18899,"Denmark",2.22044604925031e-16,1.25490272708551e-14,111,2.22044604925031e-16,2.22044604925031e-16,2021-09-29
18900,"Denmark",2.22044604925031e-16,1.23076670812015e-14,111,2.22044604925031e-16,2.22044604925031e-16,2021-09-30
18901,"Denmark",2.22044604925031e-16,1.20663072443567e-14,111,2.22044604925031e-16,2.22044604925031e-16,2021-10-01
18902,"Denmark",2.22044604925031e-16,1.18249477819245e-14,111,2.22044604925031e-16,2.22044604925031e-16,2021-10-02
18903,"Denmark",2.22044604925031e-16,1.15835887173089e-14,111,2.22044604925031e-16,2.22044604925031e-16,2021-10-03
18904,"Denmark",2.22044604925031e-16,1.13422300759061e-14,111,2.22044604925031e-16,2.22044604925031e-16,2021-10-04
18905,"Denmark",2.22044604925031e-16,1.11008718853211e-14,111,2.22044604925031e-16,2.22044604925031e-16,2021-10-05
18906,"Denmark",2.22044604925031e-16,1.08595141756128e-14,111,2.22044604925031e-16,2.22044604925031e-16,2021-10-06
18907,"Denmark",2.22044604925031e-16,1.06181569795732e-14,111,2.22044604925031e-16,2.22044604925031e-16,2021-10-07
18908,"Denmark",2.22044604925031e-16,1.03768003330449e-14,111,2.22044604925031e-16,2.22044604925031e-16,2021-10-08
18909,"Denmark",2.22044604925031e-16,1.01354442752848e-14,111,2.22044604925031e-16,2.22044604925031e-16,2021-10-09
18910,"Denmark",2.22044604925031e-16,9.89408884937992e-15,111,2.22044604925031e-16,2.22044604925031e-16,2021-10-10
18911,"Denmark",2.22044604925031e-16,9.65273410272682e-15,111,2.22044604925031e-16,2.22044604925031e-16,2021-10-11
18912,"Denmark",2.22044604925031e-16,9.41138008758366e-15,111,2.22044604925031e-16,2.22044604925031e-16,2021-10-12
18913,"Denmark",2.22044604925031e-16,9.1700268617102e-15,111,2.22044604925031e-16,2.22044604925031e-16,2021-10-13
18914,"Denmark",2.22044604925031e-16,8.92867448911129e-15,111,2.22044604925031e-16,2.22044604925031e-16,2021-10-14
18915,"Denmark",2.22044604925031e-16,8.68732304090429e-15,111,2.22044604925031e-16,1.14765870335921e-13,2021-10-15
18916,"Denmark",2.22044604925031e-16,8.44597259633524e-15,111,2.22044604925031e-16,1.99975609201896e-13,2021-10-16
18917,"Denmark",2.22044604925031e-16,8.20462324397439e-15,111,2.22044604925031e-16,3.48454065203088e-13,2021-10-17
18918,"Denmark",2.22044604925031e-16,7.96327508312902e-15,111,2.22044604925031e-16,6.07181681536563e-13,2021-10-18
18919,"Denmark",2.22044604925031e-16,7.72192822552124e-15,111,2.22044604925031e-16,1.05802720927668e-12,2021-10-19
18920,"Denmark",2.22044604925031e-16,7.48058279729056e-15,111,2.22044604925031e-16,1.84365880768207e-12,2021-10-20
18921,"Denmark",2.22044604925031e-16,7.23923894139687e-15,111,2.22044604925031e-16,3.21270139835055e-12,2021-10-21
18922,"Denmark",2.22044604925031e-16,6.99789682052072e-15,111,2.22044604925031e-16,5.59843830460396e-12,2021-10-22
18923,"Denmark",2.22044604925031e-16,6.75655662058498e-15,111,2.22044604925031e-16,9.75597942910843e-12,2021-10-23
18924,"Denmark",2.22044604925031e-16,6.51521855505915e-15,111,2.22044604925031e-16,1.70013390197088e-11,2021-10-24
18925,"Denmark",2.22044604925031e-16,6.2738828702569e-15,111,2.22044604925031e-16,2.96281548861786e-11,2021-10-25
18926,"Denmark",2.22044604925031e-16,6.03254985190495e-15,111,2.22044604925031e-16,5.16340771671748e-11,2021-10-26
18927,"Denmark",2.22044604925031e-16,5.79121983335408e-15,111,2.22044604925031e-16,8.99870177211933e-11,2021-10-27
18928,"Denmark",2.22044604925031e-16,5.54989320593185e-15,111,2.22044604925031e-16,1.5683263585081e-10,2021-10-28
18929,"Denmark",2.22044604925031e-16,5.30857043211851e-15,111,2.22044604925031e-16,2.73343001964163e-10,2021-10-29
18930,"Denmark",2.22044604925031e-16,5.06725206248682e-15,111,2.22044604925031e-16,4.76427198977664e-10,2021-10-30
18931,"Denmark",2.22044604925031e-16,4.82593875772275e-15,111,2.22044604925031e-16,8.30433316654905e-10,2021-10-31
18932,"Denmark",2.22044604925031e-16,4.58463131759838e-15,111,2.22044604925031e-16,1.44755712593954e-09,2021-11-01
18933,"Denmark",2.22044604925031e-16,4.34342929008378e-15,111,2.22044604925031e-16,2.52333160118246e-09,2021-11-02
18934,"Denmark",2.22044604925031e-16,4.102826662725e-15,111,2.22044604925031e-16,4.39775224798629e-09,2021-11-03
18935,"Denmark",2.22044604925031e-16,3.86341606127543e-15,111,2.22044604925031e-16,7.66119596737815e-09,2021-11-04
18936,"Denmark",2.22044604925031e-16,3.62579017065247e-15,111,2.22044604925031e-16,1.33371659215832e-08,2021-11-05
18937,"Denmark",2.22044604925031e-16,3.39054174362603e-15,111,2.22044604925031e-16,2.31965694148991e-08,2021-11-06
18938,"Denmark",2.22044604925031e-16,3.15826361250832e-15,111,2.22044604925031e-16,4.02967066354188e-08,2021-11-07
18939,"Denmark",2.22044604925031e-16,2.92954870484417e-15,111,2.22044604925031e-16,6.99026534457104e-08,2021-11-08
18940,"Denmark",2.22044604925031e-16,2.7049900645291e-15,111,2.22044604925031e-16,1.21056820596313e-07,2021-11-09
18941,"Denmark",2.22044604925031e-16,2.48518088042166e-15,111,2.22044604925031e-16,2.09242595071265e-07,2021-11-10
18942,"Denmark",2.22044604925031e-16,2.27071452549097e-15,111,2.22044604925031e-16,3.6088647848592e-07,2021-11-11
18943,"Denmark",2.22044604925031e-16,2.06218461105578e-15,111,2.22044604925031e-16,6.20935034668218e-07,2021-11-12
18944,"Denmark",2.22044604925031e-16,1.86018506308226e-15,111,2.22044604925031e-16,1.06554876032072e-06,2021-11-13
18945,"Denmark",6.40573505918772e-13,4.80423117578419e-12,111,2.22044604925031e-16,1.82326707726475e-06,2021-11-14
18946,"Denmark",5.80575162606549e-12,3.86489961587095e-11,111,2.22044604925031e-16,3.11012226612535e-06,2021-11-15
18947,"Denmark",4.86938207838216e-11,2.84936556325327e-10,111,2.22044604925031e-16,5.28759743665982e-06,2021-11-16
18948,"Denmark",3.75845956556028e-10,1.91166931032212e-09,111,2.22044604925031e-16,8.95779458617498e-06,2021-11-17
18949,"Denmark",2.65497996658658e-09,1.15859600093772e-08,111,4.66225016591419e-13,1.5118905759282e-05,2021-11-18
18950,"Denmark",1.70695729253011e-08,6.29346854609772e-08,111,1.14628617705628e-11,2.54179915608524e-05,2021-11-19
18951,"Denmark",9.93319102760441e-08,3.03788184836579e-07,111,2.31821582180139e-10,4.25603618451961e-05,2021-11-20
18952,"Denmark",5.20300491365562e-07,1.29071410834e-06,111,3.81413535564722e-09,7.09711753607585e-05,2021-11-21
18953,"Denmark",2.43956955987202e-06,4.77412728879957e-06,111,5.04878797640536e-08,0.000117866444730794,2021-11-22
18954,"Denmark",1.01825963163008e-05,1.51718616231265e-05,111,5.31615603426465e-07,0.000195003878973868,2021-11-23
18955,"Denmark",3.76252055479012e-05,4.07458430565085e-05,111,4.40045791939421e-06,0.000321625857874915,2021-11-24
18956,"Denmark",0.000122391888270479,9.05117618870555e-05,111,2.82678834865514e-05,0.000529756000535014,2021-11-25
18957,"Denmark",0.000348528244839657,0.00016199875906887,111,0.000138734172224596,0.000875295576354538,2021-11-26
18958,"Denmark",0.000863903653454921,0.000231250614607353,111,0.000508228279891702,0.00146812708414837,2021-11-27
18959,"Denmark",0.00186095019122862,0.000301994874110601,111,0.0013490920796488,0.00256651294226474,2021-11-28
18960,"Denmark",0.00353591228087803,0.000500933891814861,111,0.002670096082189,0.00468116378646772,2021-11-29
18961,"Denmark",0.00603988497301778,0.000897741451872628,111,0.00449791588118362,0.00810616529778944,2021-11-30
18962,"Denmark",0.0094538502272847,0.00138073640824047,111,0.00707558331025173,0.0126213462860508,2021-12-01
18963,"Denmark",0.0138213031151783,0.00181869488510457,111,0.0106443147508403,0.0179293371080876,2021-12-02
18964,"Denmark",0.0192367921720473,0.00222150097631833,111,0.0152947940270086,0.0241698420455035,2021-12-03
18965,"Denmark",0.025975265253868,0.00284250177671732,111,0.0208992803675966,0.0322434976793268,2021-12-04
18966,"Denmark",0.0346631076656935,0.00395681912650801,111,0.0276223038080851,0.0434184461836932,2021-12-05
18967,"Denmark",0.0463720761244657,0.00549739912256817,111,0.0366178768527791,0.0585666221281716,2021-12-06
18968,"Denmark",0.0621490917199387,0.007243753272255,111,0.0492510012601569,0.0781473551322981,2021-12-07
18969,"Denmark",0.0830660453037503,0.00901256909349775,111,0.0668650148142861,0.102760215906345,2021-12-08
18970,"Denmark",0.110192901341926,0.0107189184122311,111,0.0906768847722889,0.13329355996633,2021-12-09
18971,"Denmark",0.144385225875595,0.0125233310128419,111,0.121296336441018,0.171013754299712,2021-12-10
18972,"Denmark",0.185994355948569,0.0148940555332751,111,0.158265842801736,0.217326656232518,2021-12-11
18973,"Denmark",0.234570433596291,0.0182431750810449,111,0.200363895543324,0.272625773146632,2021-12-12
18974,"Denmark",0.288683096066297,0.0222996091390107,111,0.246572224536847,0.334790110211831,2021-12-13
18975,"Denmark",0.345985017307599,0.0259995702552996,111,0.296417248519047,0.399139415927961,2021-12-14
18976,"Denmark",0.403756156463521,0.0281091275284597,111,0.349505903355554,0.4604663393235,2021-12-15
18977,"Denmark",0.460074304237846,0.028237765165184,111,0.404849269350199,0.516297433310684,2021-12-16
18978,"Denmark",0.51363425705521,0.0267975100288236,111,0.460579055800535,0.566383971409086,2021-12-17
18979,"Denmark",0.563614320978443,0.0248027661277971,111,0.514000280346069,0.611986891838875,2021-12-18
18980,"Denmark",0.609625001416423,0.0236448863949345,111,0.561895001387503,0.655344573847965,2021-12-19
18981,"Denmark",0.651610987779016,0.0244632137619847,111,0.601709440767243,0.698394273158154,2021-12-20
18982,"Denmark",0.689743274737919,0.0273285070753983,111,0.633175423013681,0.741153963913893,2021-12-21
18983,"Denmark",0.724323555522187,0.0313792845288705,111,0.658048493545628,0.782008738868265,2021-12-22
18984,"Denmark",0.75570988221704,0.0356318638595517,111,0.678489940898025,0.819322073293995,2021-12-23
18985,"Denmark",0.784264227210554,0.0393700074443418,111,0.696269801808405,0.852177899044463,2021-12-24
18986,"Denmark",0.810269996933205,0.0421773404900205,111,0.712613679057622,0.88031525438005,2021-12-25
18987,"Denmark",0.83380522526651,0.043948820300462,111,0.727977375298046,0.903896927819014,2021-12-26
18988,"Denmark",0.854943651306343,0.0447290295306511,111,0.742540121052921,0.923339723201064,2021-12-27
18989,"Denmark",0.873800398103289,0.0446267165317945,111,0.756403683694708,0.939169893851602,2021-12-28
18990,"Denmark",0.890519745761268,0.0437806513858133,111,0.769629754578554,0.951933071969926,2021-12-29
18991,"Denmark",0.905264207978793,0.0423384034995737,111,0.782258420675141,0.962144695054102,2021-12-30
18992,"Denmark",0.918205322670694,0.0404430514324056,111,0.79431781663324,0.970265629239538,2021-12-31
18993,"Denmark",0.929516292392791,0.0382252551584557,111,0.805829408695656,0.97669327110865,2022-01-01
18994,"Denmark",0.939366413244048,0.0357990857221577,111,0.816810991202988,0.981761685415498,2022-01-02
18995,"Denmark",0.947917108153494,0.0332604631995313,111,0.827278425177567,0.985746555329252,2022-01-03
18996,"Denmark",0.955319318807251,0.0306873329420925,111,0.837246655683412,0.988872280898623,2022-01-04
18997,"Denmark",0.961711993543227,0.0281409207932726,111,0.846730301267402,0.991319635716627,2022-01-05
18998,"Denmark",0.967221420765945,0.0256675812542453,111,0.855743982696887,0.993233103398652,2022-01-06
18999,"Denmark",0.971961186071766,0.0233008953356065,111,0.864302489974802,0.994727465533007,2022-01-07
19000,"Denmark",0.976032566994905,0.0210637887110099,111,0.872420848198425,0.995893482843166,2022-01-08
19001,"Denmark",0.979525215913664,0.018970527823194,111,0.880114320391182,0.996802663188034,2022-01-09
19002,"Denmark",0.982518015553943,0.0170285151109908,111,0.887398371885451,0.997511187685273,2022-01-10
19003,"Denmark",0.985080020892435,0.0152398486587758,111,0.894288612386825,0.998063099397699,2022-01-11
19004,"Denmark",0.987271425509768,0.0136026405668324,111,0.900800726434893,0.998492866911719,2022-01-12
19005,"Denmark",0.989144509721443,0.0121121060828782,111,0.906950399409273,0.998827429727733,2022-01-13
19006,"Denmark",0.990744542653561,0.0107614452817348,111,0.912753243830765,0.999087820829631,2022-01-14
19007,"Denmark",0.99211062152033,0.00954254340758235,111,0.918224729059445,0.999290448188738,2022-01-15
19008,"Denmark",0.993276439409403,0.00844651683583087,111,0.923380116345429,0.999448103479302,2022-01-16
19009,"Denmark",0.994270978541574,0.00746413036126291,111,0.928234400381543,0.999570754002828,2022-01-17
19010,"Denmark",0.995119129806056,0.00658610913624664,111,0.932802257937463,0.999666163155938,2022-01-18
19011,"Denmark",0.995842241844981,0.00580336570315897,111,0.937098003752728,0.999740375797306,2022-01-19
19012,"Denmark",0.996458604440949,0.00510715958832106,111,0.941135553587328,0.999798097463275,2022-01-20
19013,"Denmark",0.996983871736069,0.00448920408671107,111,0.944928394134882,0.999842990361999,2022-01-21
19014,"Denmark",0.997431431097916,0.00394173229204623,111,0.948489559379297,0.999877904234445,2022-01-22
19015,"Denmark",0.99781272340896,0.00345753216928868,111,0.951831612896449,0.999905056307071,2022-01-23
19016,"Denmark",0.998137520309418,0.00302995853524823,111,0.95496663556115,0.999926171495918,2022-01-24
19017,"Denmark",0.998414163553602,0.00265292819164211,111,0.957906218103479,0.999942591600928,2022-01-25
19018,"Denmark",0.998649771205771,0.00232090311419199,111,0.960661457962508,0.99995536032371,2022-01-26
18871,"Belgium",2.22044604925031e-16,2.15877717109195e-14,111,2.22044604925031e-16,2.22044604925031e-16,2021-09-01
18872,"Belgium",2.22044604925031e-16,2.13181698600117e-14,111,2.22044604925031e-16,2.22044604925031e-16,2021-09-02
18873,"Belgium",2.22044604925031e-16,2.10485681118006e-14,111,2.22044604925031e-16,2.22044604925031e-16,2021-09-03
18874,"Belgium",2.22044604925031e-16,2.07789664702837e-14,111,2.22044604925031e-16,2.22044604925031e-16,2021-09-04
18875,"Belgium",2.22044604925031e-16,2.05093649396686e-14,111,2.22044604925031e-16,2.22044604925031e-16,2021-09-05
18876,"Belgium",2.22044604925031e-16,2.02397635243869e-14,111,2.22044604925031e-16,2.22044604925031e-16,2021-09-06
18877,"Belgium",2.22044604925031e-16,1.99701622291099e-14,111,2.22044604925031e-16,2.22044604925031e-16,2021-09-07
18878,"Belgium",2.22044604925031e-16,1.97005610587642e-14,111,2.22044604925031e-16,2.22044604925031e-16,2021-09-08
18879,"Belgium",2.22044604925031e-16,1.94309600185501e-14,111,2.22044604925031e-16,2.22044604925031e-16,2021-09-09
18880,"Belgium",2.22044604925031e-16,1.91613591139605e-14,111,2.22044604925031e-16,2.22044604925031e-16,2021-09-10
18881,"Belgium",2.22044604925031e-16,1.88917583508017e-14,111,2.22044604925031e-16,2.22044604925031e-16,2021-09-11
18882,"Belgium",2.22044604925031e-16,1.86221577352164e-14,111,2.22044604925031e-16,2.22044604925031e-16,2021-09-12
18883,"Belgium",2.22044604925031e-16,1.83525572737082e-14,111,2.22044604925031e-16,2.22044604925031e-16,2021-09-13
18884,"Belgium",2.22044604925031e-16,1.80829569731686e-14,111,2.22044604925031e-16,2.22044604925031e-16,2021-09-14
18885,"Belgium",2.22044604925031e-16,1.78133568409062e-14,111,2.22044604925031e-16,2.22044604925031e-16,2021-09-15
18886,"Belgium",2.22044604925031e-16,1.75437568846789e-14,111,2.22044604925031e-16,2.22044604925031e-16,2021-09-16
18887,"Belgium",2.22044604925031e-16,1.72741571127289e-14,111,2.22044604925031e-16,2.22044604925031e-16,2021-09-17
18888,"Belgium",2.22044604925031e-16,1.70045575338211e-14,111,2.22044604925031e-16,2.22044604925031e-16,2021-09-18
18889,"Belgium",2.22044604925031e-16,1.67349581572853e-14,111,2.22044604925031e-16,2.22044604925031e-16,2021-09-19
18890,"Belgium",2.22044604925031e-16,1.64653589930622e-14,111,2.22044604925031e-16,2.22044604925031e-16,2021-09-20
18891,"Belgium",2.22044604925031e-16,1.61957600517544e-14,111,2.22044604925031e-16,2.22044604925031e-16,2021-09-21
18892,"Belgium",2.22044604925031e-16,1.59261613446824e-14,111,2.22044604925031e-16,2.22044604925031e-16,2021-09-22
18893,"Belgium",2.22044604925031e-16,1.56565628839467e-14,111,2.22044604925031e-16,2.22044604925031e-16,2021-09-23
18894,"Belgium",2.22044604925031e-16,1.53869646824956e-14,111,2.22044604925031e-16,2.22044604925031e-16,2021-09-24
18895,"Belgium",2.22044604925031e-16,1.51173667542009e-14,111,2.22044604925031e-16,2.22044604925031e-16,2021-09-25
18896,"Belgium",2.22044604925031e-16,1.48477691139423e-14,111,2.22044604925031e-16,2.22044604925031e-16,2021-09-26
18897,"Belgium",2.22044604925031e-16,1.45781717776999e-14,111,2.22044604925031e-16,2.22044604925031e-16,2021-09-27
18898,"Belgium",2.22044604925031e-16,1.43085747626581e-14,111,2.22044604925031e-16,2.22044604925031e-16,2021-09-28
18899,"Belgium",2.22044604925031e-16,1.40389780873216e-14,111,2.22044604925031e-16,2.22044604925031e-16,2021-09-29
18900,"Belgium",2.22044604925031e-16,1.37693817716439e-14,111,2.22044604925031e-16,2.22044604925031e-16,2021-09-30
18901,"Belgium",2.22044604925031e-16,1.34997858371727e-14,111,2.22044604925031e-16,2.22044604925031e-16,2021-10-01
18902,"Belgium",2.22044604925031e-16,1.3230190307212e-14,111,2.22044604925031e-16,2.22044604925031e-16,2021-10-02
18903,"Belgium",2.22044604925031e-16,1.29605952070045e-14,111,2.22044604925031e-16,2.22044604925031e-16,2021-10-03
18904,"Belgium",2.22044604925031e-16,1.26910005639381e-14,111,2.22044604925031e-16,2.22044604925031e-16,2021-10-04
18905,"Belgium",2.22044604925031e-16,1.24214064077781e-14,111,2.22044604925031e-16,2.22044604925031e-16,2021-10-05
18906,"Belgium",2.22044604925031e-16,1.21518127709314e-14,111,2.22044604925031e-16,2.22044604925031e-16,2021-10-06
18907,"Belgium",2.22044604925031e-16,1.18822196887458e-14,111,2.22044604925031e-16,2.22044604925031e-16,2021-10-07
18908,"Belgium",2.22044604925031e-16,1.16126271998515e-14,111,2.22044604925031e-16,2.22044604925031e-16,2021-10-08
18909,"Belgium",2.22044604925031e-16,1.13430353465512e-14,111,2.22044604925031e-16,2.22044604925031e-16,2021-10-09
18910,"Belgium",2.22044604925031e-16,1.1073444175267e-14,111,2.22044604925031e-16,2.22044604925031e-16,2021-10-10
18911,"Belgium",2.22044604925031e-16,1.08038537370544e-14,111,2.22044604925031e-16,2.22044604925031e-16,2021-10-11
18912,"Belgium",2.22044604925031e-16,1.05342640881954e-14,111,2.22044604925031e-16,2.22044604925031e-16,2021-10-12
18913,"Belgium",2.22044604925031e-16,1.02646752908841e-14,111,2.22044604925031e-16,2.22044604925031e-16,2021-10-13
18914,"Belgium",2.22044604925031e-16,9.99508741402471e-15,111,2.22044604925031e-16,2.22044604925031e-16,2021-10-14
18915,"Belgium",2.22044604925031e-16,9.72550053416124e-15,111,2.22044604925031e-16,2.22044604925031e-16,2021-10-15
18916,"Belgium",2.22044604925031e-16,9.45591473656632e-15,111,2.22044604925031e-16,2.22044604925031e-16,2021-10-16
18917,"Belgium",2.22044604925031e-16,9.18633011652203e-15,111,2.22044604925031e-16,2.22044604925031e-16,2021-10-17
18918,"Belgium",2.22044604925031e-16,8.91674678083287e-15,111,2.22044604925031e-16,2.22044604925031e-16,2021-10-18
18919,"Belgium",2.22044604925031e-16,8.64716484962171e-15,111,2.22044604925031e-16,2.22044604925031e-16,2021-10-19
18920,"Belgium",2.22044604925031e-16,8.37758445847245e-15,111,2.22044604925031e-16,2.22044604925031e-16,2021-10-20
18921,"Belgium",2.22044604925031e-16,8.10800576100012e-15,111,2.22044604925031e-16,2.22044604925031e-16,2021-10-21
18922,"Belgium",2.22044604925031e-16,7.83842893195117e-15,111,2.22044604925031e-16,2.22044604925031e-16,2021-10-22
18923,"Belgium",2.22044604925031e-16,7.56885417096626e-15,111,2.22044604925031e-16,2.22044604925031e-16,2021-10-23
18924,"Belgium",2.22044604925031e-16,7.29928170717664e-15,111,2.22044604925031e-16,2.22044604925031e-16,2021-10-24
18925,"Belgium",2.22044604925031e-16,7.029711804858e-15,111,2.22044604925031e-16,2.22044604925031e-16,2021-10-25
18926,"Belgium",2.22044604925031e-16,6.76014477043668e-15,111,2.22044604925031e-16,2.22044604925031e-16,2021-10-26
18927,"Belgium",2.22044604925031e-16,6.49058096124152e-15,111,2.22044604925031e-16,2.22044604925031e-16,2021-10-27
18928,"Belgium",2.22044604925031e-16,6.22102079653055e-15,111,2.22044604925031e-16,2.22044604925031e-16,2021-10-28
18929,"Belgium",2.22044604925031e-16,5.95146477151351e-15,111,2.22044604925031e-16,2.22044604925031e-16,2021-10-29
18930,"Belgium",2.22044604925031e-16,5.68191347536489e-15,111,2.22044604925031e-16,2.22044604925031e-16,2021-10-30
18931,"Belgium",2.22044604925031e-16,5.41236761461803e-15,111,2.22044604925031e-16,2.22044604925031e-16,2021-10-31
18932,"Belgium",2.22044604925031e-16,5.14282804391368e-15,111,2.22044604925031e-16,2.22044604925031e-16,2021-11-01
18933,"Belgium",2.22044604925031e-16,4.87340518881511e-15,111,2.22044604925031e-16,2.22044604925031e-16,2021-11-02
18934,"Belgium",2.22044604925031e-16,4.60464716998291e-15,111,2.22044604925031e-16,2.22044604925031e-16,2021-11-03
18935,"Belgium",2.22044604925031e-16,4.33721156205753e-15,111,2.22044604925031e-16,2.22044604925031e-16,2021-11-04
18936,"Belgium",2.22044604925031e-16,4.07175600266948e-15,111,2.22044604925031e-16,2.22044604925031e-16,2021-11-05
18937,"Belgium",2.22044604925031e-16,3.80893820157954e-15,111,2.22044604925031e-16,2.22044604925031e-16,2021-11-06
18938,"Belgium",2.22044604925031e-16,3.54941595292811e-15,111,2.22044604925031e-16,2.22044604925031e-16,2021-11-07
18939,"Belgium",2.22044604925031e-16,3.2938471516116e-15,111,2.22044604925031e-16,2.22044604925031e-16,2021-11-08
18940,"Belgium",2.22044604925031e-16,3.04288981523292e-15,111,2.22044604925031e-16,2.22044604925031e-16,2021-11-09
18941,"Belgium",2.22044604925031e-16,2.7972021137108e-15,111,2.22044604925031e-16,2.22044604925031e-16,2021-11-10
18942,"Belgium",2.22044604925031e-16,2.55744240959832e-15,111,2.22044604925031e-16,2.22044604925031e-16,2021-11-11
18943,"Belgium",2.22044604925031e-16,2.32426931365289e-15,111,2.22044604925031e-16,2.22044604925031e-16,2021-11-12
18944,"Belgium",2.22044604925031e-16,2.09834176255665e-15,111,2.22044604925031e-16,2.22044604925031e-16,2021-11-13
18945,"Belgium",2.22044604925031e-16,1.88031912949847e-15,111,2.22044604925031e-16,2.22044604925031e-16,2021-11-14
18946,"Belgium",2.22044604925031e-16,1.67086138466274e-15,111,2.22044604925031e-16,2.22044604925031e-16,2021-11-15
18947,"Belgium",2.22044604925031e-16,1.47062933350977e-15,111,2.22044604925031e-16,2.22044604925031e-16,2021-11-16
18948,"Belgium",2.22044604925031e-16,1.28028497990743e-15,111,2.22044604925031e-16,2.22044604925031e-16,2021-11-17
18949,"Belgium",2.22044604925031e-16,1.10049209638728e-15,111,2.22044604925031e-16,4.03462370200135e-13,2021-11-18
18950,"Belgium",2.22044604925031e-16,9.3191715126749e-16,111,2.22044604925031e-16,7.59238306194185e-12,2021-11-19
18951,"Belgium",1.18740406730039e-13,4.14561884108835e-13,111,2.22044604925031e-16,1.19999411403834e-10,2021-11-20
18952,"Belgium",5.65003872789974e-12,1.60589442823445e-11,111,2.22044604925031e-16,1.57784172993098e-09,2021-11-21
18953,"Belgium",1.96840295498106e-10,4.43464584493389e-10,111,2.26616717597378e-12,1.70976359093328e-08,2021-11-22
18954,"Belgium",4.9432977009304e-09,8.53446635275907e-09,111,1.61526285678044e-10,1.51283047203798e-07,2021-11-23
18955,"Belgium",8.81028889954145e-08,1.11569734948691e-07,111,7.16446717864618e-09,1.08341789532825e-06,2021-11-24
18956,"Belgium",1.09714562676265e-06,9.61580123778885e-07,111,1.93203837729096e-07,6.23032880507558e-06,2021-11-25
18957,"Belgium",9.39868004663071e-06,5.27904699497719e-06,111,3.08811062084179e-06,2.8604560630579e-05,2021-11-26
18958,"Belgium",5.452749845471e-05,1.79869684699116e-05,111,2.83616211611976e-05,0.000104830971965273,2021-11-27
18959,"Belgium",0.000213472961081885,4.10955071694573e-05,111,0.000145769503185158,0.000312611835612885,2021-11-28
18960,"Belgium",0.00058967326334759,8.80250430049133e-05,111,0.000438667403746153,0.000792619813277189,2021-11-29
18961,"Belgium",0.00121632544720783,0.000184365508291882,111,0.000900709028027737,0.00164235485480961,2021-11-30
18962,"Belgium",0.001983119182298,0.000298476252671982,111,0.00147159689129612,0.00267196917162324,2021-12-01
18963,"Belgium",0.00270540229702179,0.00037097814280878,111,0.00206150585565155,0.00354969975642246,2021-12-02
18964,"Belgium",0.00326882635648243,0.000393753258437459,111,0.00257448841304733,0.00414964773750566,2021-12-03
18965,"Belgium",0.00370219626918592,0.000419608959458109,111,0.00295721298003358,0.00463398403104275,2021-12-04
18966,"Belgium",0.00415920897009444,0.000492340751383018,111,0.00328922891294197,0.00525807930177596,2021-12-05
18967,"Belgium",0.00485329930733509,0.000603911866042192,111,0.00379221050127185,0.00620943807849568,2021-12-06
18968,"Belgium",0.00590656428846202,0.00073561252085951,111,0.00461406839792198,0.00755836575473134,2021-12-07
18969,"Belgium",0.00744968803042489,0.000883390088611451,111,0.00588851809591398,0.00942083456252983,2021-12-08
18970,"Belgium",0.00967503662372711,0.00105759435396414,111,0.00778911334382451,0.0120120571864381,2021-12-09
18971,"Belgium",0.0128543001124854,0.00129613690637111,111,0.0105236757385857,0.0156928898325624,2021-12-10
18972,"Belgium",0.0173560165910573,0.00168482417000376,111,0.0143144970489139,0.0210300047838179,2021-12-11
18973,"Belgium",0.0236553577924396,0.00235045264660649,111,0.0194190697783913,0.0287886640260388,2021-12-12
18974,"Belgium",0.032322634599751,0.0033999494260776,111,0.026223392698266,0.0397825302499987,2021-12-13
18975,"Belgium",0.0439709430698281,0.00483766745684603,111,0.0353216853020315,0.054618239142431,2021-12-14
18976,"Belgium",0.0592069764116833,0.00651938353571495,111,0.0475340004141287,0.073525216000517,2021-12-15
18977,"Belgium",0.0787957816306308,0.00827608625671463,111,0.0638790780766975,0.0968354338138057,2021-12-16
18978,"Belgium",0.103592629260183,0.00999243105674179,111,0.0853986924446407,0.125132407482375,2021-12-17
18979,"Belgium",0.134440164542818,0.0117643676897765,111,0.112786433403005,0.159503772285507,2021-12-18
18980,"Belgium",0.172065080268954,0.0141696435579789,111,0.14577152766516,0.201979936194395,2021-12-19
18981,"Belgium",0.216938681629439,0.0183002301415318,111,0.182863807892988,0.25537866549207,2021-12-20
18982,"Belgium",0.269115506816596,0.0250987081386688,111,0.222359244500115,0.321636961798429,2021-12-21
18983,"Belgium",0.328082328271673,0.0346251673359739,111,0.263449569538999,0.39996120849063,2021-12-22
18984,"Belgium",0.392665947138867,0.0460299885020165,111,0.306062854848134,0.486591075212979,2021-12-23
18985,"Belgium",0.461050518618402,0.057850875204522,111,0.350360439586194,0.575719751267515,2021-12-24
18986,"Belgium",0.530902302927698,0.0683915377036853,111,0.396420739044308,0.661040655239526,2021-12-25
18987,"Belgium",0.599563848688512,0.0762404237540449,111,0.443836798440207,0.737477954989955,2021-12-26
18988,"Belgium",0.664525949315711,0.0805282493193278,111,0.491935339265572,0.80207597350024,2021-12-27
18989,"Belgium",0.723804124057155,0.0810426861037224,111,0.539939335188117,0.85404961682097,2021-12-28
18990,"Belgium",0.776136458851892,0.078171310908781,111,0.587045369572575,0.89424162327856,2021-12-29
18991,"Belgium",0.821005225011342,0.0726965895078617,111,0.632492286638545,0.92438136685125,2021-12-30
18992,"Belgium",0.858520294602111,0.0655475529278507,111,0.675617245175641,0.946465363777018,2021-12-31
18993,"Belgium",0.889233474719546,0.0575975605676073,111,0.715894801521465,0.962373056425914,2022-01-01
18994,"Belgium",0.91394756618396,0.0495472527213638,111,0.752956847000754,0.973691127718037,2022-01-02
18995,"Belgium",0.933559480555948,0.0418871561822969,111,0.786594283075872,0.981672906644432,2022-01-03
18996,"Belgium",0.948951365596804,0.0349131850505932,111,0.816743910030055,0.987266660815825,2022-01-04
18997,"Belgium",0.960926744023215,0.0287670467414655,111,0.843465431415904,0.991169534139131,2022-01-05
18998,"Belgium",0.970181122550986,0.0234816960325991,111,0.86691364100076,0.993884175574545,2022-01-06
18999,"Belgium",0.977295419525951,0.0190212514725239,111,0.887310078142484,0.995768212692675,2022-01-07
19000,"Belgium",0.982742553790856,0.015311577693456,111,0.904917182543129,0.997073775652674,2022-01-08
19001,"Belgium",0.986900364124983,0.0122615567457186,111,0.920016670176097,0.997977498767434,2022-01-09
19002,"Belgium",0.99006656493069,0.00977669733215102,111,0.932892757653782,0.998602585835495,2022-01-10
19003,"Belgium",0.99247332688614,0.00776709357770614,111,0.943820092800369,0.999034711346102,2022-01-11
19004,"Belgium",0.994300313932558,0.00615152694343154,111,0.953055800182984,0.999333326062702,2022-01-12
19005,"Belgium",0.995685755030463,0.00485910139025761,111,0.960834856923294,0.999539622529823,2022-01-13
19006,"Belgium",0.996735538140763,0.00382940202337016,111,0.967367994244513,0.999682112699458,2022-01-14
19007,"Belgium",0.997530511589559,0.00301184122113297,111,0.972841400162094,0.99978051697098,2022-01-15
19008,"Belgium",0.99813225302597,0.00236461552690914,111,0.977417623349448,0.999848467911715,2022-01-16
19009,"Belgium",0.99858757544702,0.00185352991989171,111,0.98123721177267,0.999895386098761,2022-01-17
19010,"Belgium",0.99893201738848,0.00145083596298122,111,0.984420742270188,0.999927779727118,2022-01-18
19011,"Belgium",0.999192529666721,0.00113416037206302,111,0.98707099999006,0.999950144095748,2022-01-19
19012,"Belgium",0.999389534195096,0.0008855577902038,111,0.989275147448784,0.999965583721165,2022-01-20
19013,"Belgium",0.999538496266919,0.000690696550545191,111,0.991106783551662,0.999976242395159,2022-01-21
19014,"Belgium",0.999651122228772,0.000538172464128071,111,0.992627836421221,0.999983600370095,2022-01-22
19015,"Belgium",0.999736270058772,0.000418938841644735,111,0.993890263882767,0.99998867967108,2022-01-23
19016,"Belgium",0.999800640677779,0.000325838246210702,111,0.99493755526296,0.999992185909969,2022-01-24
19017,"Belgium",0.999849302227199,0.000253221103895115,111,0.995806040549006,0.999994606225837,2022-01-25
19018,"Belgium",0.999886087348806,0.000196637173537065,111,0.996526020135115,0.999996276918035,2022-01-26
