"variant","date","count","total","prop","date_num"
"Other",2019-12-02,1,1,1,18232
"Other",2019-12-30,12,12,1,18260
"Other",2020-01-06,5,5,1,18267
"Other",2020-01-13,6,6,1,18274
"Other",2020-01-20,46,46,1,18281
"Other",2020-01-27,76,76,1,18288
"Other",2020-02-03,75,75,1,18295
"Other",2020-02-10,105,105,1,18302
"Other",2020-02-17,236,236,1,18309
"Other",2020-02-24,949,949,1,18316
"Other",2020-03-02,3433,3433,1,18323
"Other",2020-03-09,9141,9148,0.99923480542195,18330
"Other",2020-03-16,15800,15801,0.999936712866274,18337
"Other",2020-03-23,20425,20426,0.999951042788603,18344
"Other",2020-03-30,19109,19109,1,18351
"Other",2020-04-06,15202,15206,0.999736945942391,18358
"Other",2020-04-13,12674,12674,1,18365
"Other",2020-04-20,10245,10245,1,18372
"Other",2020-04-27,9353,9367,0.998505391267215,18379
"Other",2020-05-04,7493,7497,0.999466453247966,18386
"Other",2020-05-11,6539,6544,0.999235941320293,18393
"Other",2020-05-18,5813,5813,1,18400
"Other",2020-05-25,5205,5205,1,18407
"Other",2020-06-01,5485,5502,0.996910214467466,18414
"Other",2020-06-08,7392,7403,0.99851411589896,18421
"Other",2020-06-15,9836,9849,0.998680069042542,18428
"Other",2020-06-22,7747,7806,0.992441711503971,18435
"Other",2020-06-29,8423,8437,0.998340642408439,18442
"Other",2020-07-06,9106,9147,0.995517656062097,18449
"Other",2020-07-13,10174,10252,0.992391728443231,18456
"Other",2020-07-20,9661,9737,0.992194721166684,18463
"Other",2020-07-27,10115,10269,0.985003408316292,18470
"Other",2020-08-03,9650,9880,0.976720647773279,18477
"Other",2020-08-10,9363,9765,0.958832565284178,18484
"Other",2020-08-17,8746,9572,0.91370664437944,18491
"Other",2020-08-24,9120,10278,0.88733216579101,18498
"Other",2020-08-31,7930,9702,0.817357245928675,18505
"Other",2020-09-07,7848,10290,0.76268221574344,18512
"Other",2020-09-14,8707,11971,0.727341074262802,18519
"Other",2020-09-21,9878,14299,0.69081753968809,18526
"Other",2020-09-28,8744,12777,0.684354699851295,18533
"Other",2020-10-05,11641,17937,0.648993700172827,18540
"Other",2020-10-12,11186,18326,0.61038961038961,18547
"Other",2020-10-19,11712,20782,0.563564623231643,18554
"Other",2020-10-26,13069,21934,0.595832953405672,18561
"Other",2020-11-02,18103,29378,0.616209408400844,18568
"Other",2020-11-09,16643,28574,0.582452579267866,18575
"Other",2020-11-16,14686,23522,0.624351670776294,18582
"Other",2020-11-23,13461,20765,0.648254274018782,18589
"Other",2020-11-30,17189,25523,0.673470986952944,18596
"Other",2020-12-07,21685,36335,0.596807485895142,18603
"Other",2020-12-14,21150,40601,0.520923129972168,18610
"Other",2020-12-21,17614,32254,0.546102808953928,18617
"Other",2020-12-28,21727,41019,0.529681367171311,18624
"Other",2021-01-04,31888,54991,0.579876707097525,18631
"Other",2021-01-11,32844,61713,0.532205532059696,18638
"Other",2021-01-18,30026,58850,0.510212404418012,18645
"Other",2021-01-25,28684,66220,0.433162186650559,18652
"Other",2021-02-01,30612,62478,0.489964467492557,18659
"Other",2021-02-08,30304,67569,0.448489692018529,18666
"Other",2021-02-15,26643,68158,0.390900554593738,18673
"Other",2021-02-22,27738,73476,0.377511024007839,18680
"Other",2021-03-01,29259,78446,0.372982688728552,18687
"Other",2021-03-08,28823,89853,0.320779495398039,18694
"Other",2021-03-15,30332,98237,0.308763500514063,18701
"Other",2021-03-22,30373,102075,0.297555718834191,18708
"Other",2021-03-29,30135,100939,0.298546646984813,18715
"Other",2021-04-05,32095,103856,0.309033661993529,18722
"Other",2021-04-12,29751,109204,0.272435075638255,18729
"Other",2021-04-19,25980,103398,0.251262113387106,18736
"Other",2021-04-26,25338,104261,0.243024716816451,18743
"Other",2021-05-03,21052,93591,0.224936158391298,18750
"Other",2021-05-10,17748,81344,0.218184500393391,18757
"Other",2021-05-17,15670,73775,0.21240257539817,18764
"Other",2021-05-24,12826,65618,0.195464659087446,18771
"Other",2021-05-31,12172,66680,0.18254349130174,18778
"Other",2021-06-07,11752,59289,0.198215520585606,18785
"Other",2021-06-14,9320,56541,0.164836136608833,18792
"Other",2021-06-21,9046,67903,0.133219445385329,18799
"Other",2021-06-28,9754,82165,0.118712347106432,18806
"Other",2021-07-05,8910,93310,0.0954881577537241,18813
"Other",2021-07-12,9148,117055,0.0781512963991286,18820
"Other",2021-07-19,7757,158219,0.0490269815888104,18827
"Other",2021-07-26,6619,172399,0.0383934941617991,18834
"Other",2021-08-02,6716,182874,0.036724739438083,18841
"Other",2021-08-09,4415,175960,0.0250909297567629,18848
"Other",2021-08-16,3877,187107,0.0207207640547922,18855
"Other",2021-08-23,3603,191215,0.0188426640169443,18862
"Other",2021-08-30,2717,189696,0.0143229166666667,18869
"Other",2021-09-06,2191,181374,0.0120800114680164,18876
"Other",2021-09-13,1641,160908,0.0101983742262659,18883
"Other",2021-09-20,1247,145068,0.00859596878705159,18890
"Other",2021-09-27,1092,147202,0.00741837746769745,18897
"Other",2021-10-04,964,150419,0.00640876485018515,18904
"Other",2021-10-11,831,141021,0.00589273937924139,18911
"Other",2021-10-18,805,157000,0.00512738853503185,18918
"Other",2021-10-25,663,163562,0.0040535087612037,18925
"Other",2021-11-01,690,173087,0.0039864345675874,18932
"Other",2021-11-08,745,183248,0.00406552868244128,18939
"Other",2021-11-15,913,187975,0.00485702886022077,18946
"Other",2021-11-22,514,179335,0.00286614436668804,18953
"Other",2021-11-29,807,224941,0.00358760741705603,18960
"Other",2021-12-06,876,217120,0.0040346352247605,18967
"Other",2021-12-13,1184,234761,0.00504342714505391,18974
"Other",2021-12-20,1792,225177,0.00795818400635944,18981
"Other",2021-12-27,3372,290419,0.0116108105874616,18988
"Other",2022-01-03,4652,319672,0.0145524162266323,18995
"Other",2022-01-10,4168,294524,0.0141516480830085,19002
"Other",2022-01-17,3696,297720,0.0124143490528013,19009
"Other",2022-01-24,3211,259738,0.0123624575533807,19016
"Other",2022-01-31,3341,269535,0.0123954217448569,19023
"Other",2022-02-07,4221,248438,0.0169901544852237,19030
"Other",2022-02-14,3644,220400,0.0165335753176044,19037
"Other",2022-02-21,3815,182048,0.0209560116013359,19044
"Other",2022-02-28,3523,171771,0.0205098648782391,19051
"Other",2022-03-07,3667,181557,0.0201975137284709,19058
"Other",2022-03-14,3607,182853,0.019726228172357,19065
"Other",2022-03-21,3783,176105,0.0214815025127055,19072
"Other",2022-03-28,3055,132089,0.0231283452823475,19079
"Other",2022-04-04,3749,127637,0.0293723606791134,19086
"Other",2022-04-11,4235,123300,0.0343471208434712,19093
"Other",2022-04-18,4255,124341,0.0342204100015281,19100
"Other",2022-04-25,4431,110727,0.0400173399441871,19107
"Other",2022-05-02,4526,108011,0.0419031394950514,19114
"Other",2022-05-09,4890,111345,0.0439175535497777,19121
"Other",2022-05-16,5844,102091,0.057243047869058,19128
"Other",2022-05-23,5670,95663,0.0592705643770319,19135
"Other",2022-05-30,8214,98610,0.0832978399756617,19142
"Other",2022-06-06,11935,110550,0.107960199004975,19149
"Other",2022-06-13,14725,111080,0.13256211739287,19156
"Other",2022-06-20,19397,122449,0.158408806931866,19163
"Other",2022-06-27,22880,133718,0.171106358156718,19170
"Other",2022-07-04,24603,137858,0.178466247878252,19177
"Other",2022-07-11,26453,137617,0.192221891190769,19184
"Other",2022-07-18,25096,126412,0.198525456444008,19191
"Other",2022-07-25,22344,107756,0.207357362931066,19198
"Other",2022-08-01,20421,97772,0.208863478296445,19205
"Other",2022-08-08,17862,86799,0.205785780942177,19212
"Other",2022-08-15,17897,84552,0.211668558993282,19219
"Other",2022-08-22,17284,79977,0.216112132238018,19226
"Other",2022-08-29,16126,74328,0.216957270476806,19233
"Other",2022-09-05,15034,68787,0.218558739296669,19240
"Other",2022-09-12,15380,73301,0.209819784177569,19247
"Other",2022-09-19,15473,70660,0.218978205491084,19254
"Other",2022-09-26,14011,65687,0.213299435200268,19261
"Other",2022-10-03,14269,67588,0.211117358110907,19268
"Other",2022-10-10,14494,68441,0.211773644452886,19275
"Other",2022-10-17,13976,63268,0.220901561610925,19282
"Other",2022-10-24,14028,62540,0.224304445155101,19289
"Other",2022-10-31,13564,59825,0.226727956539908,19296
"Other",2022-11-07,15528,65397,0.237442084499289,19303
"Other",2022-11-14,15375,64613,0.237955210251807,19310
"Other",2022-11-21,15210,68283,0.22274943983129,19317
"Other",2022-11-28,16307,77055,0.211628057880735,19324
"Other",2022-12-05,16277,78655,0.206941707456614,19331
"Other",2022-12-12,15929,78325,0.203370571337376,19338
"Other",2022-12-19,14362,67584,0.212505918560606,19345
"Other",2022-12-26,12906,62198,0.207498633396572,19352
"Other",2023-01-02,12136,59685,0.203334171064757,19359
"Other",2023-01-09,9413,47977,0.196198178293766,19366
"Other",2023-01-16,7853,41076,0.191182198850911,19373
"Other",2023-01-23,6649,37568,0.17698573253833,19380
"Other",2023-01-30,4812,32922,0.146163659558958,19387
"Other",2023-02-06,3370,26059,0.129321923327833,19394
"Other",2023-02-13,1544,12055,0.128079635006221,19401
"Other",2023-02-20,197,1932,0.101966873706004,19408
"B.1.177 (EU1)",2020-06-01,14,5502,0.00254452926208651,18414
"B.1.177 (EU1)",2020-06-08,2,7403,0.000270160745643658,18421
"B.1.177 (EU1)",2020-06-15,13,9849,0.00131993095745761,18428
"B.1.177 (EU1)",2020-06-22,59,7806,0.0075582884960287,18435
"B.1.177 (EU1)",2020-06-29,13,8437,0.00154083204930663,18442
"B.1.177 (EU1)",2020-07-06,34,9147,0.0037170657046026,18449
"B.1.177 (EU1)",2020-07-13,57,10252,0.0055598907530238,18456
"B.1.177 (EU1)",2020-07-20,61,9737,0.00626476327410907,18463
"B.1.177 (EU1)",2020-07-27,103,10269,0.0100301879442984,18470
"B.1.177 (EU1)",2020-08-03,154,9880,0.015587044534413,18477
"B.1.177 (EU1)",2020-08-10,278,9765,0.0284690220174091,18484
"B.1.177 (EU1)",2020-08-17,557,9572,0.0581905557877142,18491
"B.1.177 (EU1)",2020-08-24,829,10278,0.0806577155088539,18498
"B.1.177 (EU1)",2020-08-31,1140,9702,0.117501546072975,18505
"B.1.177 (EU1)",2020-09-07,1784,10290,0.173372206025267,18512
"B.1.177 (EU1)",2020-09-14,2502,11971,0.209005095647816,18519
"B.1.177 (EU1)",2020-09-21,3714,14299,0.25973844324778,18526
"B.1.177 (EU1)",2020-09-28,3291,12777,0.257572200046959,18533
"B.1.177 (EU1)",2020-10-05,5350,17937,0.298266153760384,18540
"B.1.177 (EU1)",2020-10-12,5765,18326,0.314580377605588,18547
"B.1.177 (EU1)",2020-10-19,7233,20782,0.348041574439419,18554
"B.1.177 (EU1)",2020-10-26,6798,21934,0.309929789368104,18561
"B.1.177 (EU1)",2020-11-02,8693,29378,0.295901695146028,18568
"B.1.177 (EU1)",2020-11-09,9059,28574,0.317036466717995,18575
"B.1.177 (EU1)",2020-11-16,6483,23522,0.275614318510331,18582
"B.1.177 (EU1)",2020-11-23,4974,20765,0.239537683602215,18589
"B.1.177 (EU1)",2020-11-30,5555,25523,0.217646828350899,18596
"B.1.177 (EU1)",2020-12-07,8880,36335,0.244392459061511,18603
"B.1.177 (EU1)",2020-12-14,10461,40601,0.257653752370631,18610
"B.1.177 (EU1)",2020-12-21,7151,32254,0.221708935325851,18617
"B.1.177 (EU1)",2020-12-28,7213,41019,0.175845339964407,18624
"B.1.177 (EU1)",2021-01-04,7616,54991,0.138495390154753,18631
"B.1.177 (EU1)",2021-01-11,8720,61713,0.141299240030464,18638
"B.1.177 (EU1)",2021-01-18,7676,58850,0.130433305012744,18645
"B.1.177 (EU1)",2021-01-25,7065,66220,0.106689821806101,18652
"B.1.177 (EU1)",2021-02-01,6039,62478,0.0966580236243158,18659
"B.1.177 (EU1)",2021-02-08,5258,67569,0.077816750284894,18666
"B.1.177 (EU1)",2021-02-15,5064,68158,0.0742979547521934,18673
"B.1.177 (EU1)",2021-02-22,3987,73476,0.0542626163645272,18680
"B.1.177 (EU1)",2021-03-01,2886,78446,0.0367896387323764,18687
"B.1.177 (EU1)",2021-03-08,1926,89853,0.0214350105171781,18694
"B.1.177 (EU1)",2021-03-15,1748,98237,0.0177937029836009,18701
"B.1.177 (EU1)",2021-03-22,894,102075,0.0087582659808964,18708
"B.1.177 (EU1)",2021-03-29,689,100939,0.00682590475435659,18715
"B.1.177 (EU1)",2021-04-05,450,103856,0.00433292250808812,18722
"B.1.177 (EU1)",2021-04-12,334,109204,0.0030584960257866,18729
"B.1.177 (EU1)",2021-04-19,290,103398,0.00280469641579141,18736
"B.1.177 (EU1)",2021-04-26,181,104261,0.00173602785317616,18743
"B.1.177 (EU1)",2021-05-03,153,93591,0.00163477257428599,18750
"B.1.177 (EU1)",2021-05-10,95,81344,0.00116787962234461,18757
"B.1.177 (EU1)",2021-05-17,36,73775,0.000487970179600136,18764
"B.1.177 (EU1)",2021-05-24,30,65618,0.000457191624249444,18771
"B.1.177 (EU1)",2021-05-31,25,66680,0.000374925014997001,18778
"B.1.177 (EU1)",2021-06-07,27,59289,0.000455396447907706,18785
"B.1.177 (EU1)",2021-06-14,7,56541,0.000123803965264145,18792
"B.1.177 (EU1)",2021-06-21,5,67903,7.3634449140686e-05,18799
"B.1.177 (EU1)",2021-06-28,14,82165,0.000170388851700846,18806
"B.1.177 (EU1)",2021-07-05,2,93310,2.14339299110492e-05,18813
"B.1.177 (EU1)",2021-07-12,12,117055,0.000102515911323737,18820
"B.1.177 (EU1)",2021-07-19,5,158219,3.16017671708202e-05,18827
"B.1.177 (EU1)",2021-07-26,5,172399,2.90024884135059e-05,18834
"B.1.177 (EU1)",2021-08-02,5,182874,2.73412294804073e-05,18841
"B.1.177 (EU1)",2021-08-09,6,175960,3.40986587860877e-05,18848
"B.1.177 (EU1)",2021-08-16,1,187107,5.34453547969878e-06,18855
"B.1.177 (EU1)",2021-08-23,2,191215,1.04594304840101e-05,18862
"B.1.177 (EU1)",2021-09-06,1,181374,5.51346940575827e-06,18876
"B.1.177 (EU1)",2021-09-13,2,160908,1.24294627986178e-05,18883
"B.1.177 (EU1)",2021-09-20,1,145068,6.89331899522982e-06,18890
"B.1.177 (EU1)",2021-09-27,14,147202,9.51074034320186e-05,18897
"B.1.177 (EU1)",2021-10-04,12,150419,7.97771558114334e-05,18904
"B.1.177 (EU1)",2021-10-11,3,141021,2.12734273618823e-05,18911
"B.1.177 (EU1)",2021-10-18,1,157000,6.36942675159236e-06,18918
"B.1.177 (EU1)",2021-10-25,1,163562,6.1138895342439e-06,18925
"B.1.177 (EU1)",2021-11-01,1,173087,5.77744140230058e-06,18932
"B.1.177 (EU1)",2021-11-08,4,183248,2.18283419191478e-05,18939
"B.1.177 (EU1)",2021-11-15,1,187975,5.31985636387818e-06,18946
"B.1.177 (EU1)",2021-11-22,1,179335,5.57615635542421e-06,18953
"B.1.177 (EU1)",2021-12-06,2,217120,9.21149594694178e-06,18967
"B.1.177 (EU1)",2021-12-13,1,234761,4.25965130494418e-06,18974
"B.1.177 (EU1)",2021-12-27,1,290419,3.44330088596132e-06,18988
"B.1.177 (EU1)",2022-01-17,1,297720,3.35886067445922e-06,19009
"B.1.177 (EU1)",2022-02-28,1,171771,5.82170447863726e-06,19051
"B.1.177 (EU1)",2022-03-21,3,176105,1.70352914454445e-05,19072
"B.1.177 (EU1)",2022-04-04,1,127637,7.83471877276965e-06,19086
"B.1.177 (EU1)",2022-05-09,1,111345,8.98109479545557e-06,19121
"B.1.177 (EU1)",2022-06-06,1,110550,9.04568068747173e-06,19149
"B.1.177 (EU1)",2022-06-27,1,133718,7.4784247446118e-06,19170
"B.1.177 (EU1)",2022-08-29,1,74328,1.34538800990206e-05,19233
"B.1.160 (EU2)",2020-03-09,4,9148,0.000437254044599913,18330
"B.1.160 (EU2)",2020-03-23,1,20426,4.89572113972388e-05,18344
"B.1.160 (EU2)",2020-05-04,2,7497,0.000266773376017073,18386
"B.1.160 (EU2)",2020-05-11,1,6544,0.00015281173594132,18393
"B.1.160 (EU2)",2020-06-01,1,5502,0.000181752090149037,18414
"B.1.160 (EU2)",2020-06-08,1,7403,0.000135080372821829,18421
"B.1.160 (EU2)",2020-07-06,3,9147,0.00032797638570023,18449
"B.1.160 (EU2)",2020-07-13,6,10252,0.000585251658213032,18456
"B.1.160 (EU2)",2020-07-27,22,10269,0.00214237024052975,18470
"B.1.160 (EU2)",2020-08-03,34,9880,0.0034412955465587,18477
"B.1.160 (EU2)",2020-08-10,70,9765,0.00716845878136201,18484
"B.1.160 (EU2)",2020-08-17,169,9572,0.0176556623485165,18491
"B.1.160 (EU2)",2020-08-24,228,10278,0.0221833041447752,18498
"B.1.160 (EU2)",2020-08-31,525,9702,0.0541125541125541,18505
"B.1.160 (EU2)",2020-09-07,522,10290,0.0507288629737609,18512
"B.1.160 (EU2)",2020-09-14,542,11971,0.0452760838693509,18519
"B.1.160 (EU2)",2020-09-21,502,14299,0.0351073501643472,18526
"B.1.160 (EU2)",2020-09-28,516,12777,0.0403850669171167,18533
"B.1.160 (EU2)",2020-10-05,661,17937,0.0368512014272175,18540
"B.1.160 (EU2)",2020-10-12,939,18326,0.0512386772890975,18547
"B.1.160 (EU2)",2020-10-19,1223,20782,0.0588490039457223,18554
"B.1.160 (EU2)",2020-10-26,1402,21934,0.0639190298167229,18561
"B.1.160 (EU2)",2020-11-02,1548,29378,0.0526924909796446,18568
"B.1.160 (EU2)",2020-11-09,1528,28574,0.053475187233149,18575
"B.1.160 (EU2)",2020-11-16,906,23522,0.0385171328968625,18582
"B.1.160 (EU2)",2020-11-23,975,20765,0.046954009150012,18589
"B.1.160 (EU2)",2020-11-30,1201,25523,0.0470555969125886,18596
"B.1.160 (EU2)",2020-12-07,1524,36335,0.0419430301362323,18603
"B.1.160 (EU2)",2020-12-14,1824,40601,0.0449250018472451,18610
"B.1.160 (EU2)",2020-12-21,1418,32254,0.0439635394059652,18617
"B.1.160 (EU2)",2020-12-28,1741,41019,0.042443745581316,18624
"B.1.160 (EU2)",2021-01-04,1909,54991,0.034714771508065,18631
"B.1.160 (EU2)",2021-01-11,2225,61713,0.0360539918655713,18638
"B.1.160 (EU2)",2021-01-18,2083,58850,0.0353950722175021,18645
"B.1.160 (EU2)",2021-01-25,2065,66220,0.031183932346723,18652
"B.1.160 (EU2)",2021-02-01,1616,62478,0.0258651045167899,18659
"B.1.160 (EU2)",2021-02-08,1317,67569,0.0194911867868401,18666
"B.1.160 (EU2)",2021-02-15,1170,68158,0.0171659966548314,18673
"B.1.160 (EU2)",2021-02-22,893,73476,0.0121536283956666,18680
"B.1.160 (EU2)",2021-03-01,764,78446,0.00973918364225072,18687
"B.1.160 (EU2)",2021-03-08,512,89853,0.00569819594226125,18694
"B.1.160 (EU2)",2021-03-15,377,98237,0.00383765790893452,18701
"B.1.160 (EU2)",2021-03-22,212,102075,0.00207690423708058,18708
"B.1.160 (EU2)",2021-03-29,151,100939,0.00149595300131763,18715
"B.1.160 (EU2)",2021-04-05,73,103856,0.00070289631797874,18722
"B.1.160 (EU2)",2021-04-12,70,109204,0.000641002161093,18729
"B.1.160 (EU2)",2021-04-19,55,103398,0.000531925182305267,18736
"B.1.160 (EU2)",2021-04-26,26,104261,0.000249374166754587,18743
"B.1.160 (EU2)",2021-05-03,13,93591,0.000138902244873973,18750
"B.1.160 (EU2)",2021-05-10,8,81344,9.83477576711251e-05,18757
"B.1.160 (EU2)",2021-05-17,8,73775,0.000108437817688919,18764
"B.1.160 (EU2)",2021-05-24,3,65618,4.57191624249444e-05,18771
"B.1.160 (EU2)",2021-05-31,2,66680,2.999400119976e-05,18778
"B.1.160 (EU2)",2021-06-07,7,59289,0.00011806574575385,18785
"B.1.160 (EU2)",2021-06-14,6,56541,0.000106117684512124,18792
"B.1.160 (EU2)",2021-06-21,3,67903,4.41806694844116e-05,18799
"B.1.160 (EU2)",2021-06-28,8,82165,9.73650581147691e-05,18806
"B.1.160 (EU2)",2021-07-05,23,93310,0.000246490193977066,18813
"B.1.160 (EU2)",2021-07-12,8,117055,6.83439408824911e-05,18820
"B.1.160 (EU2)",2021-07-19,2,158219,1.26407068683281e-05,18827
"B.1.160 (EU2)",2021-07-26,3,172399,1.74014930481035e-05,18834
"B.1.160 (EU2)",2021-08-02,2,182874,1.09364917921629e-05,18841
"B.1.160 (EU2)",2021-08-09,2,175960,1.13662195953626e-05,18848
"B.1.160 (EU2)",2021-08-16,1,187107,5.34453547969878e-06,18855
"B.1.160 (EU2)",2021-08-30,1,189696,5.27159244264507e-06,18869
"B.1.160 (EU2)",2021-09-20,4,145068,2.75732759809193e-05,18890
"B.1.160 (EU2)",2021-10-04,1,150419,6.64809631761945e-06,18904
"B.1.160 (EU2)",2021-10-11,2,141021,1.41822849079215e-05,18911
"B.1.160 (EU2)",2021-10-18,2,157000,1.27388535031847e-05,18918
"B.1.160 (EU2)",2021-10-25,1,163562,6.1138895342439e-06,18925
"B.1.160 (EU2)",2021-11-01,1,173087,5.77744140230058e-06,18932
"B.1.160 (EU2)",2021-11-08,3,183248,1.63712564393609e-05,18939
"B.1.160 (EU2)",2021-11-22,1,179335,5.57615635542421e-06,18953
"B.1.160 (EU2)",2021-11-29,1,224941,4.44561018222556e-06,18960
"B.1.160 (EU2)",2021-12-06,4,217120,1.84229918938836e-05,18967
"B.1.160 (EU2)",2021-12-13,3,234761,1.27789539148325e-05,18974
"B.1.160 (EU2)",2022-01-31,1,269535,3.71009330884672e-06,19023
"B.1.160 (EU2)",2022-05-16,1,102091,9.79518272913381e-06,19128
"B.1.221 (20A/S:98F)",2020-03-09,3,9148,0.000327940533449934,18330
"B.1.221 (20A/S:98F)",2020-03-16,1,15801,6.32871337257136e-05,18337
"B.1.221 (20A/S:98F)",2020-04-06,4,15206,0.000263054057608839,18358
"B.1.221 (20A/S:98F)",2020-04-27,1,9367,0.000106757766627522,18379
"B.1.221 (20A/S:98F)",2020-05-04,1,7497,0.000133386688008537,18386
"B.1.221 (20A/S:98F)",2020-05-11,2,6544,0.000305623471882641,18393
"B.1.221 (20A/S:98F)",2020-06-08,6,7403,0.000810482236930974,18421
"B.1.221 (20A/S:98F)",2020-06-29,1,8437,0.000118525542254356,18442
"B.1.221 (20A/S:98F)",2020-07-06,3,9147,0.00032797638570023,18449
"B.1.221 (20A/S:98F)",2020-07-13,2,10252,0.000195083886071011,18456
"B.1.221 (20A/S:98F)",2020-07-20,15,9737,0.00154051555920715,18463
"B.1.221 (20A/S:98F)",2020-07-27,28,10269,0.0027266530334015,18470
"B.1.221 (20A/S:98F)",2020-08-03,41,9880,0.0041497975708502,18477
"B.1.221 (20A/S:98F)",2020-08-10,48,9765,0.00491551459293395,18484
"B.1.221 (20A/S:98F)",2020-08-17,94,9572,0.00982030923526954,18491
"B.1.221 (20A/S:98F)",2020-08-24,85,10278,0.008270091457482,18498
"B.1.221 (20A/S:98F)",2020-08-31,86,9702,0.00886415172129458,18505
"B.1.221 (20A/S:98F)",2020-09-07,107,10290,0.0103984450923226,18512
"B.1.221 (20A/S:98F)",2020-09-14,174,11971,0.0145351265558433,18519
"B.1.221 (20A/S:98F)",2020-09-21,150,14299,0.0104902440730121,18526
"B.1.221 (20A/S:98F)",2020-09-28,143,12777,0.0111919855991234,18533
"B.1.221 (20A/S:98F)",2020-10-05,170,17937,0.00947761610079723,18540
"B.1.221 (20A/S:98F)",2020-10-12,246,18326,0.0134235512386773,18547
"B.1.221 (20A/S:98F)",2020-10-19,387,20782,0.0186218843229718,18554
"B.1.221 (20A/S:98F)",2020-10-26,327,21934,0.0149083614479803,18561
"B.1.221 (20A/S:98F)",2020-11-02,353,29378,0.0120157941316631,18568
"B.1.221 (20A/S:98F)",2020-11-09,384,28574,0.0134387905088542,18575
"B.1.221 (20A/S:98F)",2020-11-16,372,23522,0.0158149817192416,18582
"B.1.221 (20A/S:98F)",2020-11-23,440,20765,0.0211895015651336,18589
"B.1.221 (20A/S:98F)",2020-11-30,525,25523,0.0205696822473847,18596
"B.1.221 (20A/S:98F)",2020-12-07,588,36335,0.0161827439108298,18603
"B.1.221 (20A/S:98F)",2020-12-14,852,40601,0.0209847048102263,18610
"B.1.221 (20A/S:98F)",2020-12-21,665,32254,0.020617597817325,18617
"B.1.221 (20A/S:98F)",2020-12-28,601,41019,0.0146517467515054,18624
"B.1.221 (20A/S:98F)",2021-01-04,737,54991,0.0134021930861414,18631
"B.1.221 (20A/S:98F)",2021-01-11,1020,61713,0.0165281221136551,18638
"B.1.221 (20A/S:98F)",2021-01-18,1101,58850,0.0187085811384877,18645
"B.1.221 (20A/S:98F)",2021-01-25,1133,66220,0.017109634551495,18652
"B.1.221 (20A/S:98F)",2021-02-01,1136,62478,0.0181824002048721,18659
"B.1.221 (20A/S:98F)",2021-02-08,903,67569,0.0133641166807264,18666
"B.1.221 (20A/S:98F)",2021-02-15,730,68158,0.0107104081692538,18673
"B.1.221 (20A/S:98F)",2021-02-22,596,73476,0.00811149218792531,18680
"B.1.221 (20A/S:98F)",2021-03-01,457,78446,0.00582566351375468,18687
"B.1.221 (20A/S:98F)",2021-03-08,312,89853,0.00347233815231545,18694
"B.1.221 (20A/S:98F)",2021-03-15,193,98237,0.00196463654223969,18701
"B.1.221 (20A/S:98F)",2021-03-22,91,102075,0.000891501347048739,18708
"B.1.221 (20A/S:98F)",2021-03-29,69,100939,0.000683581172787525,18715
"B.1.221 (20A/S:98F)",2021-04-05,34,103856,0.000327376367277769,18722
"B.1.221 (20A/S:98F)",2021-04-12,19,109204,0.0001739863008681,18729
"B.1.221 (20A/S:98F)",2021-04-19,21,103398,0.000203098705971102,18736
"B.1.221 (20A/S:98F)",2021-04-26,3,104261,2.8773942317837e-05,18743
"B.1.221 (20A/S:98F)",2021-05-03,1,93591,1.06847880672287e-05,18750
"B.1.221 (20A/S:98F)",2021-05-10,6,81344,7.37608182533438e-05,18757
"B.1.221 (20A/S:98F)",2021-05-17,4,73775,5.42189088444595e-05,18764
"B.1.221 (20A/S:98F)",2021-05-24,1,65618,1.52397208083148e-05,18771
"B.1.221 (20A/S:98F)",2021-06-14,1,56541,1.76862807520207e-05,18792
"B.1.221 (20A/S:98F)",2021-06-21,3,67903,4.41806694844116e-05,18799
"B.1.221 (20A/S:98F)",2021-06-28,1,82165,1.21706322643461e-05,18806
"B.1.221 (20A/S:98F)",2021-07-05,3,93310,3.21508948665738e-05,18813
"B.1.221 (20A/S:98F)",2021-07-12,3,117055,2.56289778309342e-05,18820
"B.1.221 (20A/S:98F)",2021-07-19,4,158219,2.52814137366562e-05,18827
"B.1.221 (20A/S:98F)",2021-07-26,5,172399,2.90024884135059e-05,18834
"B.1.221 (20A/S:98F)",2021-08-02,1,182874,5.46824589608145e-06,18841
"B.1.221 (20A/S:98F)",2021-08-30,1,189696,5.27159244264507e-06,18869
"B.1.221 (20A/S:98F)",2021-09-20,1,145068,6.89331899522982e-06,18890
"B.1.221 (20A/S:98F)",2021-10-25,1,163562,6.1138895342439e-06,18925
"B.1.221 (20A/S:98F)",2021-11-29,1,224941,4.44561018222556e-06,18960
"B.1.221 (20A/S:98F)",2021-12-06,1,217120,4.60574797347089e-06,18967
"B.1.221 (20A/S:98F)",2021-12-20,1,225177,4.44095089640594e-06,18981
"Beta",2020-08-17,6,9572,0.000626828249059758,18491
"Beta",2020-08-24,7,10278,0.000681066355322047,18498
"Beta",2020-08-31,18,9702,0.00185528756957328,18505
"Beta",2020-09-07,27,10290,0.00262390670553936,18512
"Beta",2020-09-14,41,11971,0.00342494361373319,18519
"Beta",2020-09-21,20,14299,0.00139869920973495,18526
"Beta",2020-09-28,37,12777,0.00289582844173124,18533
"Beta",2020-10-05,24,17937,0.00133801639070079,18540
"Beta",2020-10-12,64,18326,0.00349230601331442,18547
"Beta",2020-10-19,76,20782,0.0036570108747955,18554
"Beta",2020-10-26,103,21934,0.00469590589951673,18561
"Beta",2020-11-02,150,29378,0.00510586152903533,18568
"Beta",2020-11-09,111,28574,0.00388465038146567,18575
"Beta",2020-11-16,195,23522,0.0082901113850863,18582
"Beta",2020-11-23,205,20765,0.00987238141102817,18589
"Beta",2020-11-30,240,25523,0.00940328331309015,18596
"Beta",2020-12-07,239,36335,0.00657767992293931,18603
"Beta",2020-12-14,368,40601,0.00906381616216349,18610
"Beta",2020-12-21,467,32254,0.0144788243318658,18617
"Beta",2020-12-28,572,41019,0.0139447573075892,18624
"Beta",2021-01-04,777,54991,0.0141295848411558,18631
"Beta",2021-01-11,745,61713,0.0120720107594834,18638
"Beta",2021-01-18,647,58850,0.0109940526762957,18645
"Beta",2021-01-25,821,66220,0.0123980670492298,18652
"Beta",2021-02-01,829,62478,0.0132686705720414,18659
"Beta",2021-02-08,895,67569,0.0132457191907532,18666
"Beta",2021-02-15,1136,68158,0.0166671557264004,18673
"Beta",2021-02-22,1137,73476,0.0154744406336763,18680
"Beta",2021-03-01,1490,78446,0.0189939576269026,18687
"Beta",2021-03-08,1808,89853,0.02012175442111,18694
"Beta",2021-03-15,2027,98237,0.0206337734254914,18701
"Beta",2021-03-22,1738,102075,0.017026696056821,18708
"Beta",2021-03-29,1917,100939,0.0189916682352708,18715
"Beta",2021-04-05,1611,103856,0.0155118625789555,18722
"Beta",2021-04-12,1741,109204,0.0159426394637559,18729
"Beta",2021-04-19,1525,103398,0.0147488346002824,18736
"Beta",2021-04-26,1459,104261,0.0139937272805747,18743
"Beta",2021-05-03,1356,93591,0.0144885726191621,18750
"Beta",2021-05-10,1043,81344,0.0128220889063729,18757
"Beta",2021-05-17,843,73775,0.0114266350389698,18764
"Beta",2021-05-24,813,65618,0.0123898930171599,18771
"Beta",2021-05-31,643,66680,0.00964307138572286,18778
"Beta",2021-06-07,580,59289,0.00978259036246184,18785
"Beta",2021-06-14,388,56541,0.00686227693178402,18792
"Beta",2021-06-21,541,67903,0.00796724739702222,18799
"Beta",2021-06-28,786,82165,0.00956611695977606,18806
"Beta",2021-07-05,690,93310,0.00739470581931197,18813
"Beta",2021-07-12,521,117055,0.00445089914997224,18820
"Beta",2021-07-19,457,158219,0.00288840151941297,18827
"Beta",2021-07-26,202,172399,0.00117170053190564,18834
"Beta",2021-08-02,196,182874,0.00107177619563197,18841
"Beta",2021-08-09,127,175960,0.000721754944305524,18848
"Beta",2021-08-16,67,187107,0.000358083877139818,18855
"Beta",2021-08-23,52,191215,0.000271945192584264,18862
"Beta",2021-08-30,36,189696,0.000189777327935223,18869
"Beta",2021-09-06,16,181374,8.82155104921323e-05,18876
"Beta",2021-09-13,10,160908,6.21473139930892e-05,18883
"Beta",2021-09-20,12,145068,8.27198279427579e-05,18890
"Beta",2021-09-27,3,147202,2.03801578782897e-05,18897
"Beta",2021-10-04,53,150419,0.000352349104833831,18904
"Beta",2021-10-11,8,141021,5.67291396316861e-05,18911
"Beta",2021-10-18,5,157000,3.18471337579618e-05,18918
"Beta",2021-10-25,5,163562,3.05694476712195e-05,18925
"Beta",2021-11-01,4,173087,2.31097656092023e-05,18932
"Beta",2021-11-08,6,183248,3.27425128787217e-05,18939
"Beta",2021-11-15,1,187975,5.31985636387818e-06,18946
"Beta",2021-11-22,2,179335,1.11523127108484e-05,18953
"Beta",2021-11-29,4,224941,1.77824407289022e-05,18960
"Beta",2021-12-13,1,234761,4.25965130494418e-06,18974
"Beta",2021-12-27,1,290419,3.44330088596132e-06,18988
"Beta",2022-01-03,1,319672,3.12820641157186e-06,18995
"Beta",2022-01-10,2,294524,6.79061808205783e-06,19002
"Beta",2022-01-24,1,259738,3.85003349529141e-06,19016
"Beta",2022-01-31,1,269535,3.71009330884672e-06,19023
"Beta",2022-02-28,1,171771,5.82170447863726e-06,19051
"Beta",2022-03-14,2,182853,1.09377478083488e-05,19065
"Beta",2022-03-21,1,176105,5.67843048181483e-06,19072
"Beta",2022-08-08,1,86799,1.15208700561066e-05,19212
"Beta",2022-09-05,1,68787,1.45376306569555e-05,19240
"Alpha",2020-09-14,3,11971,0.00025060563027316,18519
"Alpha",2020-09-21,33,14299,0.00230785369606266,18526
"Alpha",2020-09-28,43,12777,0.00336542224309306,18533
"Alpha",2020-10-05,90,17937,0.00501756146512795,18540
"Alpha",2020-10-12,126,18326,0.00687547746371276,18547
"Alpha",2020-10-19,147,20782,0.00707342892888076,18554
"Alpha",2020-10-26,224,21934,0.0102124555484636,18561
"Alpha",2020-11-02,509,29378,0.0173258901218599,18568
"Alpha",2020-11-09,834,28574,0.0291873731364177,18575
"Alpha",2020-11-16,867,23522,0.0368591106198453,18582
"Alpha",2020-11-23,698,20765,0.0336142547555984,18589
"Alpha",2020-11-30,796,25523,0.031187556321749,18596
"Alpha",2020-12-07,3403,36335,0.0936562543002615,18603
"Alpha",2020-12-14,5941,40601,0.146326445161449,18610
"Alpha",2020-12-21,4932,32254,0.152911266819619,18617
"Alpha",2020-12-28,9123,41019,0.22240912747751,18624
"Alpha",2021-01-04,11913,54991,0.216635449437181,18631
"Alpha",2021-01-11,16037,61713,0.259864210134007,18638
"Alpha",2021-01-18,17284,58850,0.293695836873407,18645
"Alpha",2021-01-25,26407,66220,0.398776804590758,18652
"Alpha",2021-02-01,22192,62478,0.355197029354333,18659
"Alpha",2021-02-08,28716,67569,0.424987790258847,18666
"Alpha",2021-02-15,33395,68158,0.489964494263329,18673
"Alpha",2021-02-22,39093,73476,0.532051282051282,18680
"Alpha",2021-03-01,43492,78446,0.554419600744461,18687
"Alpha",2021-03-08,56314,89853,0.626734777915039,18694
"Alpha",2021-03-15,63092,98237,0.642242739497338,18701
"Alpha",2021-03-22,68393,102075,0.670026940974773,18708
"Alpha",2021-03-29,67043,100939,0.664193225611508,18715
"Alpha",2021-04-05,67465,103856,0.649601371129256,18722
"Alpha",2021-04-12,74222,109204,0.679663748580638,18729
"Alpha",2021-04-19,71616,103398,0.692624615563164,18736
"Alpha",2021-04-26,71200,104261,0.682901564343331,18743
"Alpha",2021-05-03,64549,93591,0.689692384951545,18750
"Alpha",2021-05-10,54445,81344,0.669317958300551,18757
"Alpha",2021-05-17,45636,73775,0.618583531006438,18764
"Alpha",2021-05-24,35293,65618,0.537855466487854,18771
"Alpha",2021-05-31,26784,66680,0.401679664067187,18778
"Alpha",2021-06-07,22763,59289,0.383932938656412,18785
"Alpha",2021-06-14,15280,56541,0.270246369890876,18792
"Alpha",2021-06-21,11902,67903,0.175279442734489,18799
"Alpha",2021-06-28,9068,82165,0.110363293373091,18806
"Alpha",2021-07-05,7930,93310,0.08498553209731,18813
"Alpha",2021-07-12,5746,117055,0.0490880355388493,18820
"Alpha",2021-07-19,4656,158219,0.0294275655894678,18827
"Alpha",2021-07-26,3803,172399,0.0220592926873126,18834
"Alpha",2021-08-02,1940,182874,0.010608397038398,18841
"Alpha",2021-08-09,1393,175960,0.00791657194817004,18848
"Alpha",2021-08-16,946,187107,0.00505593056379505,18855
"Alpha",2021-08-23,535,191215,0.00279789765447271,18862
"Alpha",2021-08-30,293,189696,0.00154457658569501,18869
"Alpha",2021-09-06,136,181374,0.000749831839183124,18876
"Alpha",2021-09-13,82,160908,0.000509607974743332,18883
"Alpha",2021-09-20,28,145068,0.000193012931866435,18890
"Alpha",2021-09-27,31,147202,0.000210594964742327,18897
"Alpha",2021-10-04,28,150419,0.000186146696893345,18904
"Alpha",2021-10-11,59,141021,0.000418377404783685,18911
"Alpha",2021-10-18,22,157000,0.000140127388535032,18918
"Alpha",2021-10-25,22,163562,0.000134505569753366,18925
"Alpha",2021-11-01,41,173087,0.000236875097494324,18932
"Alpha",2021-11-08,18,183248,9.82275386361652e-05,18939
"Alpha",2021-11-15,32,187975,0.000170235403644102,18946
"Alpha",2021-11-22,21,179335,0.000117099283463908,18953
"Alpha",2021-11-29,27,224941,0.00012003147492009,18960
"Alpha",2021-12-06,14,217120,6.44804716285925e-05,18967
"Alpha",2021-12-13,18,234761,7.66737234889952e-05,18974
"Alpha",2021-12-20,2,225177,8.88190179281188e-06,18981
"Alpha",2021-12-27,8,290419,2.75464070876905e-05,18988
"Alpha",2022-01-03,11,319672,3.44102705272905e-05,18995
"Alpha",2022-01-10,2,294524,6.79061808205783e-06,19002
"Alpha",2022-01-24,8,259738,3.08002679623313e-05,19016
"Alpha",2022-01-31,6,269535,2.22605598530803e-05,19023
"Alpha",2022-02-07,5,248438,2.01257456588767e-05,19030
"Alpha",2022-02-14,2,220400,9.07441016333938e-06,19037
"Alpha",2022-02-21,2,182048,1.09861135524697e-05,19044
"Alpha",2022-02-28,2,171771,1.16434089572745e-05,19051
"Alpha",2022-03-07,3,181557,1.65237363472628e-05,19058
"Alpha",2022-03-14,2,182853,1.09377478083488e-05,19065
"Alpha",2022-03-21,3,176105,1.70352914454445e-05,19072
"Alpha",2022-03-28,1,132089,7.57065312024468e-06,19079
"Alpha",2022-05-09,2,111345,1.79621895909111e-05,19121
"Alpha",2022-05-16,9,102091,8.81566445622043e-05,19128
"Alpha",2022-05-23,8,95663,8.36268985919321e-05,19135
"Alpha",2022-06-06,1,110550,9.04568068747173e-06,19149
"Alpha",2022-07-25,1,107756,9.2802256950889e-06,19198
"Alpha",2022-09-05,1,68787,1.45376306569555e-05,19240
"Alpha",2022-10-03,4,67588,5.91821033319524e-05,19268
"Alpha",2022-11-21,1,68283,1.46449335852262e-05,19317
"Delta",2020-04-27,13,9367,0.00138785096615779,18379
"Delta",2020-05-04,1,7497,0.000133386688008537,18386
"Delta",2020-05-11,2,6544,0.000305623471882641,18393
"Delta",2020-06-01,2,5502,0.000363504180298073,18414
"Delta",2020-06-08,2,7403,0.000270160745643658,18421
"Delta",2020-07-06,1,9147,0.000109325461900077,18449
"Delta",2020-07-13,13,10252,0.00126804525946157,18456
"Delta",2020-07-27,1,10269,9.7380465478625e-05,18470
"Delta",2020-08-10,6,9765,0.000614439324116743,18484
"Delta",2020-08-24,9,10278,0.000875656742556918,18498
"Delta",2020-08-31,3,9702,0.000309214594928881,18505
"Delta",2020-09-07,2,10290,0.000194363459669582,18512
"Delta",2020-09-14,2,11971,0.000167070420182107,18519
"Delta",2020-09-21,2,14299,0.000139869920973495,18526
"Delta",2020-09-28,3,12777,0.000234796900680911,18533
"Delta",2020-10-05,1,17937,5.57506829458661e-05,18540
"Delta",2020-10-19,4,20782,0.000192474256568184,18554
"Delta",2020-10-26,11,21934,0.000501504513540622,18561
"Delta",2020-11-02,22,29378,0.000748859690925182,18568
"Delta",2020-11-09,15,28574,0.000524952754252117,18575
"Delta",2020-11-16,13,23522,0.000552674092339087,18582
"Delta",2020-11-23,12,20765,0.000577895497230917,18589
"Delta",2020-11-30,17,25523,0.000666065901343886,18596
"Delta",2020-12-07,16,36335,0.000440346773083804,18603
"Delta",2020-12-14,5,40601,0.000123149676116352,18610
"Delta",2020-12-21,7,32254,0.000217027345445526,18617
"Delta",2020-12-28,42,41019,0.00102391574636144,18624
"Delta",2021-01-04,151,54991,0.00274590387517957,18631
"Delta",2021-01-11,122,61713,0.00197689303712346,18638
"Delta",2021-01-18,33,58850,0.000560747663551402,18645
"Delta",2021-01-25,45,66220,0.0006795530051344,18652
"Delta",2021-02-01,54,62478,0.000864304235090752,18659
"Delta",2021-02-08,176,67569,0.00260474477941068,18666
"Delta",2021-02-15,20,68158,0.000293435840253529,18673
"Delta",2021-02-22,32,73476,0.000435516359083238,18680
"Delta",2021-03-01,98,78446,0.00124926701170232,18687
"Delta",2021-03-08,158,89853,0.00175842765405718,18694
"Delta",2021-03-15,468,98237,0.0047639891283325,18701
"Delta",2021-03-22,374,102075,0.00366397256918932,18708
"Delta",2021-03-29,935,100939,0.0092630202399469,18715
"Delta",2021-04-05,2128,103856,0.0204899091049145,18722
"Delta",2021-04-12,3067,109204,0.0280850518296033,18729
"Delta",2021-04-19,3911,103398,0.03782471614538,18736
"Delta",2021-04-26,6054,104261,0.058065815597395,18743
"Delta",2021-05-03,6467,93591,0.0690985244307679,18750
"Delta",2021-05-10,7999,81344,0.0983354642014162,18757
"Delta",2021-05-17,11578,73775,0.156936631650288,18764
"Delta",2021-05-24,16652,65618,0.253771830900058,18771
"Delta",2021-05-31,27054,66680,0.405728854229154,18778
"Delta",2021-06-07,24160,59289,0.407495488201859,18785
"Delta",2021-06-14,31539,56541,0.55780760863798,18792
"Delta",2021-06-21,46403,67903,0.68337186869505,18799
"Delta",2021-06-28,62534,82165,0.761078318018621,18806
"Delta",2021-07-05,75752,93310,0.811831529310899,18813
"Delta",2021-07-12,101617,117055,0.868113280082013,18820
"Delta",2021-07-19,145338,158219,0.918587527414533,18827
"Delta",2021-07-26,161762,172399,0.938300106149108,18834
"Delta",2021-08-02,174014,182874,0.951551341360718,18841
"Delta",2021-08-09,170017,175960,0.96622527847238,18848
"Delta",2021-08-16,182215,187107,0.973854532433314,18855
"Delta",2021-08-23,187023,191215,0.978077033705515,18862
"Delta",2021-08-30,186646,189696,0.983921643049933,18869
"Delta",2021-09-06,179027,181374,0.987059887304685,18876
"Delta",2021-09-13,159171,160908,0.9892050115594,18883
"Delta",2021-09-20,143772,145068,0.991066258582182,18890
"Delta",2021-09-27,146035,147202,0.992072118585345,18897
"Delta",2021-10-04,149354,150419,0.992919777421735,18904
"Delta",2021-10-11,140103,141021,0.993490331227264,18911
"Delta",2021-10-18,156156,157000,0.994624203821656,18918
"Delta",2021-10-25,162843,163562,0.995604113424879,18925
"Delta",2021-11-01,172328,173087,0.995614921975654,18932
"Delta",2021-11-08,182410,183248,0.995426962367938,18939
"Delta",2021-11-15,186613,187975,0.992754355632398,18946
"Delta",2021-11-22,177502,179335,0.989778905400507,18953
"Delta",2021-11-29,218958,224941,0.973401914279744,18960
"Delta",2021-12-06,191288,217120,0.8810243183493,18967
"Delta",2021-12-13,130338,234761,0.555194431783814,18974
"Delta",2021-12-20,67770,225177,0.30096324224943,18981
"Delta",2021-12-27,40572,290419,0.139701603545223,18988
"Delta",2022-01-03,23027,319672,0.0720332090392652,18995
"Delta",2022-01-10,10465,294524,0.0355319091143676,19002
"Delta",2022-01-17,4464,297720,0.014993954050786,19009
"Delta",2022-01-24,1928,259738,0.00742286457892184,19016
"Delta",2022-01-31,1156,269535,0.00428886786502681,19023
"Delta",2022-02-07,522,248438,0.00210112784678672,19030
"Delta",2022-02-14,289,220400,0.00131125226860254,19037
"Delta",2022-02-21,176,182048,0.000966777992617332,19044
"Delta",2022-02-28,89,171771,0.000518131698598716,19051
"Delta",2022-03-07,91,181557,0.00050122000253364,19058
"Delta",2022-03-14,77,182853,0.000421103290621428,19065
"Delta",2022-03-21,50,176105,0.000283921524090741,19072
"Delta",2022-03-28,44,132089,0.000333108737290766,19079
"Delta",2022-04-04,31,127637,0.000242876281955859,19086
"Delta",2022-04-11,27,123300,0.000218978102189781,19093
"Delta",2022-04-18,20,124341,0.000160847990606477,19100
"Delta",2022-04-25,31,110727,0.000279967848853487,19107
"Delta",2022-05-02,15,108011,0.000138874744239013,19114
"Delta",2022-05-09,28,111345,0.000251470654272756,19121
"Delta",2022-05-16,13,102091,0.00012733737547874,19128
"Delta",2022-05-23,13,95663,0.00013589371021189,19135
"Delta",2022-05-30,12,98610,0.000121691512017037,19142
"Delta",2022-06-06,4,110550,3.61827227498869e-05,19149
"Delta",2022-06-13,14,111080,0.000126035289881167,19156
"Delta",2022-06-20,20,122449,0.000163333306111116,19163
"Delta",2022-06-27,11,133718,8.22626721907297e-05,19170
"Delta",2022-07-04,6,137858,4.35230454525671e-05,19177
"Delta",2022-07-11,6,137617,4.35992646257366e-05,19184
"Delta",2022-07-18,11,126412,8.70170553428472e-05,19191
"Delta",2022-07-25,9,107756,8.35220312558001e-05,19198
"Delta",2022-08-01,6,97772,6.13672626109725e-05,19205
"Delta",2022-08-08,3,86799,3.45626101683199e-05,19212
"Delta",2022-08-15,4,84552,4.73081653893462e-05,19219
"Delta",2022-08-22,4,79977,5.0014379134001e-05,19226
"Delta",2022-08-29,6,74328,8.07232805941233e-05,19233
"Delta",2022-09-05,5,68787,7.26881532847776e-05,19240
"Delta",2022-09-12,4,73301,5.45695147405902e-05,19247
"Delta",2022-09-19,3,70660,4.24568355505236e-05,19254
"Delta",2022-09-26,10,65687,0.000152237124545192,19261
"Delta",2022-10-03,3,67588,4.43865774989643e-05,19268
"Delta",2022-10-10,4,68441,5.84444996420274e-05,19275
"Delta",2022-10-17,8,63268,0.000126446228741228,19282
"Delta",2022-10-24,2,62540,3.19795330988168e-05,19289
"Delta",2022-10-31,3,59825,5.01462599247806e-05,19296
"Delta",2022-11-07,1,65397,1.5291221309846e-05,19303
"Delta",2022-11-14,3,64613,4.64302849271818e-05,19310
"Delta",2022-11-21,3,68283,4.39348007556786e-05,19317
"Delta",2022-11-28,3,77055,3.8933229511388e-05,19324
"Delta",2022-12-05,1,78655,1.27137499205391e-05,19331
"Delta",2022-12-19,2,67584,2.9592803030303e-05,19345
"Delta",2022-12-26,3,62198,4.82330621563394e-05,19352
"Delta",2023-01-02,2,59685,3.35092569322275e-05,19359
"Delta",2023-01-09,1,47977,2.08433207578631e-05,19366
"Delta",2023-01-16,1,41076,2.43451163696562e-05,19373
"Delta",2023-02-06,1,26059,3.83744579607813e-05,19394
"Omicron (BA.1*)",2021-08-30,2,189696,1.05431848852901e-05,18869
"Omicron (BA.1*)",2021-09-06,2,181374,1.10269388115165e-05,18876
"Omicron (BA.1*)",2021-09-13,2,160908,1.24294627986178e-05,18883
"Omicron (BA.1*)",2021-09-20,3,145068,2.06799569856895e-05,18890
"Omicron (BA.1*)",2021-09-27,24,147202,0.000163041263026318,18897
"Omicron (BA.1*)",2021-10-04,4,150419,2.65923852704778e-05,18904
"Omicron (BA.1*)",2021-10-11,14,141021,9.92759943554506e-05,18911
"Omicron (BA.1*)",2021-10-18,6,157000,3.82165605095541e-05,18918
"Omicron (BA.1*)",2021-10-25,22,163562,0.000134505569753366,18925
"Omicron (BA.1*)",2021-11-01,20,173087,0.000115548828046012,18932
"Omicron (BA.1*)",2021-11-08,62,183248,0.000338339299746791,18939
"Omicron (BA.1*)",2021-11-15,346,187975,0.00184067030190185,18946
"Omicron (BA.1*)",2021-11-22,1285,179335,0.00716536091672011,18953
"Omicron (BA.1*)",2021-11-29,5089,224941,0.0226237102173459,18960
"Omicron (BA.1*)",2021-12-06,24854,217120,0.114471260132646,18967
"Omicron (BA.1*)",2021-12-13,102939,234761,0.438484245679649,18974
"Omicron (BA.1*)",2021-12-20,154235,225177,0.68495006150717,18981
"Omicron (BA.1*)",2021-12-27,239645,290419,0.8251698408162,18988
"Omicron (BA.1*)",2022-01-03,281801,319672,0.881531694987362,18995
"Omicron (BA.1*)",2022-01-10,263749,294524,0.895509364262335,19002
"Omicron (BA.1*)",2022-01-17,262924,297720,0.883125083971517,19009
"Omicron (BA.1*)",2022-01-24,225181,259738,0.866954392503215,19016
"Omicron (BA.1*)",2022-01-31,219079,269535,0.81280353200883,19023
"Omicron (BA.1*)",2022-02-07,187723,248438,0.755613070464261,19030
"Omicron (BA.1*)",2022-02-14,142385,220400,0.646029945553539,19037
"Omicron (BA.1*)",2022-02-21,96912,182048,0.532343118298471,19044
"Omicron (BA.1*)",2022-02-28,65559,171771,0.38166512391498,19051
"Omicron (BA.1*)",2022-03-07,47796,181557,0.263256167484592,19058
"Omicron (BA.1*)",2022-03-14,32640,182853,0.178504044232252,19065
"Omicron (BA.1*)",2022-03-21,21198,176105,0.120371369353511,19072
"Omicron (BA.1*)",2022-03-28,12469,132089,0.094398473756331,19079
"Omicron (BA.1*)",2022-04-04,8723,127637,0.0683422518548697,19086
"Omicron (BA.1*)",2022-04-11,4904,123300,0.0397729115977291,19093
"Omicron (BA.1*)",2022-04-18,3326,124341,0.0267490208378572,19100
"Omicron (BA.1*)",2022-04-25,1798,110727,0.0162381352335022,19107
"Omicron (BA.1*)",2022-05-02,1165,108011,0.01078593846923,19114
"Omicron (BA.1*)",2022-05-09,1049,111345,0.00942116844043289,19121
"Omicron (BA.1*)",2022-05-16,656,102091,0.00642563987031178,19128
"Omicron (BA.1*)",2022-05-23,324,95663,0.00338688939297325,19135
"Omicron (BA.1*)",2022-05-30,249,98610,0.00252509887435351,19142
"Omicron (BA.1*)",2022-06-06,167,110550,0.00151062867480778,19149
"Omicron (BA.1*)",2022-06-13,124,111080,0.00111631256751891,19156
"Omicron (BA.1*)",2022-06-20,112,122449,0.000914666514222248,19163
"Omicron (BA.1*)",2022-06-27,83,133718,0.000620709253802779,19170
"Omicron (BA.1*)",2022-07-04,73,137858,0.000529530386339567,19177
"Omicron (BA.1*)",2022-07-11,71,137617,0.00051592463140455,19184
"Omicron (BA.1*)",2022-07-18,69,126412,0.000545834256241496,19191
"Omicron (BA.1*)",2022-07-25,46,107756,0.00042689038197409,19198
"Omicron (BA.1*)",2022-08-01,53,97772,0.000542077486396923,19205
"Omicron (BA.1*)",2022-08-08,48,86799,0.000553001762693119,19212
"Omicron (BA.1*)",2022-08-15,33,84552,0.000390292364462106,19219
"Omicron (BA.1*)",2022-08-22,34,79977,0.000425122222639009,19226
"Omicron (BA.1*)",2022-08-29,41,74328,0.000551609084059843,19233
"Omicron (BA.1*)",2022-09-05,36,68787,0.000523354703650399,19240
"Omicron (BA.1*)",2022-09-12,33,73301,0.000450198496609869,19247
"Omicron (BA.1*)",2022-09-19,32,70660,0.000452872912538919,19254
"Omicron (BA.1*)",2022-09-26,28,65687,0.000426263948726536,19261
"Omicron (BA.1*)",2022-10-03,22,67588,0.000325501568325738,19268
"Omicron (BA.1*)",2022-10-10,30,68441,0.000438333747315206,19275
"Omicron (BA.1*)",2022-10-17,21,63268,0.000331921350445723,19282
"Omicron (BA.1*)",2022-10-24,27,62540,0.000431723696834026,19289
"Omicron (BA.1*)",2022-10-31,23,59825,0.000384454659423318,19296
"Omicron (BA.1*)",2022-11-07,15,65397,0.00022936831964769,19303
"Omicron (BA.1*)",2022-11-14,13,64613,0.000201197901351121,19310
"Omicron (BA.1*)",2022-11-21,20,68283,0.000292898671704524,19317
"Omicron (BA.1*)",2022-11-28,13,77055,0.000168710661216015,19324
"Omicron (BA.1*)",2022-12-05,9,78655,0.000114423749284852,19331
"Omicron (BA.1*)",2022-12-12,10,78325,0.0001276731567188,19338
"Omicron (BA.1*)",2022-12-19,11,67584,0.000162760416666667,19345
"Omicron (BA.1*)",2022-12-26,11,62198,0.000176854561239911,19352
"Omicron (BA.1*)",2023-01-02,13,59685,0.000217810170059479,19359
"Omicron (BA.1*)",2023-01-09,13,47977,0.000270963169852221,19366
"Omicron (BA.1*)",2023-01-16,9,41076,0.000219106047326906,19373
"Omicron (BA.1*)",2023-01-23,7,37568,0.000186328790459966,19380
"Omicron (BA.1*)",2023-01-30,2,32922,6.07496506895085e-05,19387
"Omicron (BA.1*)",2023-02-06,3,26059,0.000115123373882344,19394
"Omicron (BA.2*)",2021-09-06,1,181374,5.51346940575827e-06,18876
"Omicron (BA.2*)",2021-09-27,3,147202,2.03801578782897e-05,18897
"Omicron (BA.2*)",2021-10-04,3,150419,1.99442889528583e-05,18904
"Omicron (BA.2*)",2021-10-11,1,141021,7.09114245396076e-06,18911
"Omicron (BA.2*)",2021-10-18,3,157000,1.91082802547771e-05,18918
"Omicron (BA.2*)",2021-10-25,4,163562,2.44555581369756e-05,18925
"Omicron (BA.2*)",2021-11-01,1,173087,5.77744140230058e-06,18932
"Omicron (BA.2*)",2021-11-15,69,187975,0.000367070089107594,18946
"Omicron (BA.2*)",2021-11-22,9,179335,5.01854071988179e-05,18953
"Omicron (BA.2*)",2021-11-29,54,224941,0.00024006294984018,18960
"Omicron (BA.2*)",2021-12-06,80,217120,0.000368459837877671,18967
"Omicron (BA.2*)",2021-12-13,269,234761,0.00114584620102998,18974
"Omicron (BA.2*)",2021-12-20,1365,225177,0.00606189797359411,18981
"Omicron (BA.2*)",2021-12-27,6793,290419,0.0233903429183352,18988
"Omicron (BA.2*)",2022-01-03,10114,319672,0.0316386796466378,18995
"Omicron (BA.2*)",2022-01-10,16102,294524,0.0546712661786476,19002
"Omicron (BA.2*)",2022-01-17,26587,297720,0.0893020287518474,19009
"Omicron (BA.2*)",2022-01-24,29361,259738,0.113040833455251,19016
"Omicron (BA.2*)",2022-01-31,45928,269535,0.170397165488712,19023
"Omicron (BA.2*)",2022-02-07,55918,248438,0.225078289150613,19030
"Omicron (BA.2*)",2022-02-14,74049,220400,0.335975499092559,19037
"Omicron (BA.2*)",2022-02-21,81087,182048,0.445415494814554,19044
"Omicron (BA.2*)",2022-02-28,102482,171771,0.596619918379703,19051
"Omicron (BA.2*)",2022-03-07,129757,181557,0.714690152403928,19058
"Omicron (BA.2*)",2022-03-14,146002,182853,0.798466527757269,19065
"Omicron (BA.2*)",2022-03-21,149941,176105,0.851429544873797,19072
"Omicron (BA.2*)",2022-03-28,114136,132089,0.864084064532247,19079
"Omicron (BA.2*)",2022-04-04,109871,127637,0.860808386282974,19086
"Omicron (BA.2*)",2022-04-11,106205,123300,0.861354420113544,19093
"Omicron (BA.2*)",2022-04-18,104744,124341,0.842393096404243,19100
"Omicron (BA.2*)",2022-04-25,88811,110727,0.802071762081516,19107
"Omicron (BA.2*)",2022-05-02,79439,108011,0.735471387173529,19114
"Omicron (BA.2*)",2022-05-09,74561,111345,0.669639409043962,19121
"Omicron (BA.2*)",2022-05-16,59528,102091,0.583087637499878,19128
"Omicron (BA.2*)",2022-05-23,46618,95663,0.487314844819836,19135
"Omicron (BA.2*)",2022-05-30,39497,98610,0.400537470844742,19142
"Omicron (BA.2*)",2022-06-06,33733,110550,0.305137946630484,19149
"Omicron (BA.2*)",2022-06-13,23472,111080,0.211307166006482,19156
"Omicron (BA.2*)",2022-06-20,16959,122449,0.138498476916921,19163
"Omicron (BA.2*)",2022-06-27,12134,133718,0.0907432058511195,19170
"Omicron (BA.2*)",2022-07-04,9280,137858,0.0673156436333038,19177
"Omicron (BA.2*)",2022-07-11,5987,137617,0.0435047995523809,19184
"Omicron (BA.2*)",2022-07-18,3501,126412,0.0276951555232098,19191
"Omicron (BA.2*)",2022-07-25,1890,107756,0.017539626563718,19198
"Omicron (BA.2*)",2022-08-01,1105,97772,0.0113018041975208,19205
"Omicron (BA.2*)",2022-08-08,649,86799,0.00747704466641321,19212
"Omicron (BA.2*)",2022-08-15,470,84552,0.00555870943324818,19219
"Omicron (BA.2*)",2022-08-22,372,79977,0.0046513372594621,19226
"Omicron (BA.2*)",2022-08-29,212,74328,0.00285222258099236,19233
"Omicron (BA.2*)",2022-09-05,215,68787,0.00312559059124544,19240
"Omicron (BA.2*)",2022-09-12,260,73301,0.00354701845813836,19247
"Omicron (BA.2*)",2022-09-19,219,70660,0.00309934899518823,19254
"Omicron (BA.2*)",2022-09-26,308,65687,0.0046889034359919,19261
"Omicron (BA.2*)",2022-10-03,315,67588,0.00466059063739125,19268
"Omicron (BA.2*)",2022-10-10,299,68441,0.00436872634824155,19275
"Omicron (BA.2*)",2022-10-17,287,63268,0.00453625845609155,19282
"Omicron (BA.2*)",2022-10-24,303,62540,0.00484489926447074,19289
"Omicron (BA.2*)",2022-10-31,254,59825,0.00424571667363143,19296
"Omicron (BA.2*)",2022-11-07,310,65397,0.00474027860605227,19303
"Omicron (BA.2*)",2022-11-14,326,64613,0.00504542429542043,19310
"Omicron (BA.2*)",2022-11-21,264,68283,0.00386626246649971,19317
"Omicron (BA.2*)",2022-11-28,251,77055,0.00325741353578613,19324
"Omicron (BA.2*)",2022-12-05,275,78655,0.00349628122814824,19331
"Omicron (BA.2*)",2022-12-12,217,78325,0.00277050750079796,19338
"Omicron (BA.2*)",2022-12-19,187,67584,0.00276692708333333,19345
"Omicron (BA.2*)",2022-12-26,175,62198,0.00281359529245313,19352
"Omicron (BA.2*)",2023-01-02,130,59685,0.00217810170059479,19359
"Omicron (BA.2*)",2023-01-09,139,47977,0.00289722158534298,19366
"Omicron (BA.2*)",2023-01-16,90,41076,0.00219106047326906,19373
"Omicron (BA.2*)",2023-01-23,89,37568,0.00236903747870528,19380
"Omicron (BA.2*)",2023-01-30,80,32922,0.00242998602758034,19387
"Omicron (BA.2*)",2023-02-06,51,26059,0.00195709735599985,19394
"Omicron (BA.2*)",2023-02-13,11,12055,0.000912484446287847,19401
"Omicron (BA.2*)",2023-02-20,4,1932,0.0020703933747412,19408
"Omicron (BA.2.12.1*)",2021-12-20,1,225177,4.44095089640594e-06,18981
"Omicron (BA.2.12.1*)",2021-12-27,3,290419,1.0329902657884e-05,18988
"Omicron (BA.2.12.1*)",2022-01-03,13,319672,4.06666833504342e-05,18995
"Omicron (BA.2.12.1*)",2022-01-17,23,297720,7.72537955125621e-05,19009
"Omicron (BA.2.12.1*)",2022-01-24,7,259738,2.69502344670399e-05,19016
"Omicron (BA.2.12.1*)",2022-01-31,5,269535,1.85504665442336e-05,19023
"Omicron (BA.2.12.1*)",2022-02-07,6,248438,2.4150894790652e-05,19030
"Omicron (BA.2.12.1*)",2022-02-14,14,220400,6.35208711433757e-05,19037
"Omicron (BA.2.12.1*)",2022-02-21,25,182048,0.000137326419405871,19044
"Omicron (BA.2.12.1*)",2022-02-28,75,171771,0.000436627835897794,19051
"Omicron (BA.2.12.1*)",2022-03-07,144,181557,0.000793139344668616,19058
"Omicron (BA.2.12.1*)",2022-03-14,448,182853,0.00245005550907013,19065
"Omicron (BA.2.12.1*)",2022-03-21,987,176105,0.00560461088555123,19072
"Omicron (BA.2.12.1*)",2022-03-28,2149,132089,0.0162693335554058,19079
"Omicron (BA.2.12.1*)",2022-04-04,4789,127637,0.0375204682027939,19086
"Omicron (BA.2.12.1*)",2022-04-11,7355,123300,0.0596512570965126,19093
"Omicron (BA.2.12.1*)",2022-04-18,10941,124341,0.0879918932612734,19100
"Omicron (BA.2.12.1*)",2022-04-25,13767,110727,0.12433281855374,19107
"Omicron (BA.2.12.1*)",2022-05-02,19908,108011,0.184314560554018,19114
"Omicron (BA.2.12.1*)",2022-05-09,26427,111345,0.237343392159504,19121
"Omicron (BA.2.12.1*)",2022-05-16,28864,102091,0.282728154293718,19128
"Omicron (BA.2.12.1*)",2022-05-23,31131,95663,0.32542362250818,19135
"Omicron (BA.2.12.1*)",2022-05-30,29532,98610,0.299482811073928,19142
"Omicron (BA.2.12.1*)",2022-06-06,29880,110550,0.270284938941655,19149
"Omicron (BA.2.12.1*)",2022-06-13,22561,111080,0.2031058696435,19156
"Omicron (BA.2.12.1*)",2022-06-20,17392,122449,0.142034642994226,19163
"Omicron (BA.2.12.1*)",2022-06-27,12832,133718,0.0959631463228586,19170
"Omicron (BA.2.12.1*)",2022-07-04,8866,137858,0.0643125534970767,19177
"Omicron (BA.2.12.1*)",2022-07-11,5678,137617,0.0412594374241554,19184
"Omicron (BA.2.12.1*)",2022-07-18,3290,126412,0.0260260101889061,19191
"Omicron (BA.2.12.1*)",2022-07-25,1741,107756,0.0161568729351498,19198
"Omicron (BA.2.12.1*)",2022-08-01,1027,97772,0.0105040297835781,19205
"Omicron (BA.2.12.1*)",2022-08-08,586,86799,0.00675122985287849,19212
"Omicron (BA.2.12.1*)",2022-08-15,325,84552,0.00384378843788438,19219
"Omicron (BA.2.12.1*)",2022-08-22,200,79977,0.00250071895670005,19226
"Omicron (BA.2.12.1*)",2022-08-29,107,74328,0.0014395651705952,19233
"Omicron (BA.2.12.1*)",2022-09-05,60,68787,0.000872257839417332,19240
"Omicron (BA.2.12.1*)",2022-09-12,33,73301,0.000450198496609869,19247
"Omicron (BA.2.12.1*)",2022-09-19,25,70660,0.00035380696292103,19254
"Omicron (BA.2.12.1*)",2022-09-26,24,65687,0.00036536909890846,19261
"Omicron (BA.2.12.1*)",2022-10-03,13,67588,0.000192341835828845,19268
"Omicron (BA.2.12.1*)",2022-10-10,8,68441,0.000116888999284055,19275
"Omicron (BA.2.12.1*)",2022-10-17,12,63268,0.000189669343111842,19282
"Omicron (BA.2.12.1*)",2022-10-24,13,62540,0.000207866965142309,19289
"Omicron (BA.2.12.1*)",2022-10-31,7,59825,0.000117007939824488,19296
"Omicron (BA.2.12.1*)",2022-11-07,7,65397,0.000107038549168922,19303
"Omicron (BA.2.12.1*)",2022-11-14,4,64613,6.19070465695758e-05,19310
"Omicron (BA.2.12.1*)",2022-11-21,4,68283,5.85797343409048e-05,19317
"Omicron (BA.2.12.1*)",2022-11-28,8,77055,0.000103821945363701,19324
"Omicron (BA.2.12.1*)",2022-12-05,3,78655,3.81412497616172e-05,19331
"Omicron (BA.2.12.1*)",2022-12-19,2,67584,2.9592803030303e-05,19345
"Omicron (BA.2.12.1*)",2022-12-26,5,62198,8.03884369272324e-05,19352
"Omicron (BA.2.12.1*)",2023-01-02,7,59685,0.000117282399262796,19359
"Omicron (BA.2.12.1*)",2023-01-09,1,47977,2.08433207578631e-05,19366
"Omicron (BA.2.12.1*)",2023-01-16,3,41076,7.30353491089687e-05,19373
"Omicron (BA.2.12.1*)",2023-01-23,4,37568,0.000106473594548552,19380
"Omicron (BA.2.12.1*)",2023-01-30,1,32922,3.03748253447543e-05,19387
"Omicron (BA.2.12.1*)",2023-02-06,2,26059,7.67489159215626e-05,19394
"Omicron (BA.2.38*)",2021-11-01,1,173087,5.77744140230058e-06,18932
"Omicron (BA.2.38*)",2022-01-10,3,294524,1.01859271230867e-05,19002
"Omicron (BA.2.38*)",2022-01-24,4,259738,1.54001339811656e-05,19016
"Omicron (BA.2.38*)",2022-01-31,7,269535,2.5970653161927e-05,19023
"Omicron (BA.2.38*)",2022-02-07,9,248438,3.6226342185978e-05,19030
"Omicron (BA.2.38*)",2022-02-14,5,220400,2.26860254083485e-05,19037
"Omicron (BA.2.38*)",2022-02-21,7,182048,3.84513974336439e-05,19044
"Omicron (BA.2.38*)",2022-02-28,13,171771,7.56821582222843e-05,19051
"Omicron (BA.2.38*)",2022-03-07,17,181557,9.36345059678228e-05,19058
"Omicron (BA.2.38*)",2022-03-14,28,182853,0.000153128469316883,19065
"Omicron (BA.2.38*)",2022-03-21,36,176105,0.000204423497345334,19072
"Omicron (BA.2.38*)",2022-03-28,38,132089,0.000287684818569298,19079
"Omicron (BA.2.38*)",2022-04-04,75,127637,0.000587603907957724,19086
"Omicron (BA.2.38*)",2022-04-11,175,123300,0.00141930251419303,19093
"Omicron (BA.2.38*)",2022-04-18,196,124341,0.00157631030794348,19100
"Omicron (BA.2.38*)",2022-04-25,297,110727,0.00268227261643502,19107
"Omicron (BA.2.38*)",2022-05-02,474,108011,0.0043884419179528,19114
"Omicron (BA.2.38*)",2022-05-09,445,111345,0.00399658718397773,19121
"Omicron (BA.2.38*)",2022-05-16,495,102091,0.00484861545092124,19128
"Omicron (BA.2.38*)",2022-05-23,480,95663,0.00501761391551593,19135
"Omicron (BA.2.38*)",2022-05-30,672,98610,0.00681472467295406,19142
"Omicron (BA.2.38*)",2022-06-06,918,110550,0.00830393487109905,19149
"Omicron (BA.2.38*)",2022-06-13,1180,111080,0.0106229744328412,19156
"Omicron (BA.2.38*)",2022-06-20,1047,122449,0.0085504985749169,19163
"Omicron (BA.2.38*)",2022-06-27,1028,133718,0.00768782063746092,19170
"Omicron (BA.2.38*)",2022-07-04,796,137858,0.00577405736337391,19177
"Omicron (BA.2.38*)",2022-07-11,505,137617,0.00366960477266617,19184
"Omicron (BA.2.38*)",2022-07-18,359,126412,0.00283992026073474,19191
"Omicron (BA.2.38*)",2022-07-25,240,107756,0.00222725416682134,19198
"Omicron (BA.2.38*)",2022-08-01,101,97772,0.0010330155872847,19205
"Omicron (BA.2.38*)",2022-08-08,74,86799,0.000852544384151891,19212
"Omicron (BA.2.38*)",2022-08-15,36,84552,0.000425773488504116,19219
"Omicron (BA.2.38*)",2022-08-22,25,79977,0.000312589869587506,19226
"Omicron (BA.2.38*)",2022-08-29,10,74328,0.000134538800990206,19233
"Omicron (BA.2.38*)",2022-09-05,3,68787,4.36128919708666e-05,19240
"Omicron (BA.2.38*)",2022-09-12,3,73301,4.09271360554426e-05,19247
"Omicron (BA.2.38*)",2022-09-19,7,70660,9.90659496178885e-05,19254
"Omicron (BA.2.38*)",2022-09-26,3,65687,4.56711373635575e-05,19261
"Omicron (BA.2.38*)",2022-10-03,2,67588,2.95910516659762e-05,19268
"Omicron (BA.2.38*)",2023-01-02,2,59685,3.35092569322275e-05,19359
"Omicron (BA.4*)",2021-12-13,2,234761,8.51930260988835e-06,18974
"Omicron (BA.4*)",2021-12-20,2,225177,8.88190179281188e-06,18981
"Omicron (BA.4*)",2021-12-27,2,290419,6.88660177192264e-06,18988
"Omicron (BA.4*)",2022-01-03,3,319672,9.38461923471558e-06,18995
"Omicron (BA.4*)",2022-01-10,2,294524,6.79061808205783e-06,19002
"Omicron (BA.4*)",2022-01-17,3,297720,1.00765820233777e-05,19009
"Omicron (BA.4*)",2022-01-24,2,259738,7.70006699058282e-06,19016
"Omicron (BA.4*)",2022-01-31,1,269535,3.71009330884672e-06,19023
"Omicron (BA.4*)",2022-02-07,1,248438,4.02514913177533e-06,19030
"Omicron (BA.4*)",2022-02-14,6,220400,2.72232304900181e-05,19037
"Omicron (BA.4*)",2022-02-21,5,182048,2.74652838811742e-05,19044
"Omicron (BA.4*)",2022-02-28,14,171771,8.15038627009216e-05,19051
"Omicron (BA.4*)",2022-03-07,59,181557,0.000324966814829503,19058
"Omicron (BA.4*)",2022-03-14,33,182853,0.000180472838837755,19065
"Omicron (BA.4*)",2022-03-21,77,176105,0.000437239147099742,19072
"Omicron (BA.4*)",2022-03-28,141,132089,0.0010674620899545,19079
"Omicron (BA.4*)",2022-04-04,236,127637,0.00184899363037364,19086
"Omicron (BA.4*)",2022-04-11,250,123300,0.00202757502027575,19093
"Omicron (BA.4*)",2022-04-18,588,124341,0.00472893092383043,19100
"Omicron (BA.4*)",2022-04-25,1023,110727,0.00923893901216506,19107
"Omicron (BA.4*)",2022-05-02,1316,108011,0.0121839442279027,19114
"Omicron (BA.4*)",2022-05-09,1632,111345,0.0146571467061835,19121
"Omicron (BA.4*)",2022-05-16,2567,102091,0.0251442340656865,19128
"Omicron (BA.4*)",2022-05-23,3818,95663,0.0399109373529996,19135
"Omicron (BA.4*)",2022-05-30,6213,98610,0.0630057803468208,19142
"Omicron (BA.4*)",2022-06-06,9462,110550,0.0855902306648575,19149
"Omicron (BA.4*)",2022-06-13,11758,111080,0.105851638458768,19156
"Omicron (BA.4*)",2022-06-20,13227,122449,0.108020481996586,19163
"Omicron (BA.4*)",2022-06-27,14674,133718,0.109738404702433,19170
"Omicron (BA.4*)",2022-07-04,13690,137858,0.0993050820409407,19177
"Omicron (BA.4*)",2022-07-11,11799,137617,0.0857379538865111,19184
"Omicron (BA.4*)",2022-07-18,9228,126412,0.072999398791254,19191
"Omicron (BA.4*)",2022-07-25,6872,107756,0.063773710976651,19198
"Omicron (BA.4*)",2022-08-01,5290,97772,0.0541054698686741,19205
"Omicron (BA.4*)",2022-08-08,3813,86799,0.0439290775239346,19212
"Omicron (BA.4*)",2022-08-15,2934,84552,0.0347005393130854,19219
"Omicron (BA.4*)",2022-08-22,2395,79977,0.0299461095064831,19226
"Omicron (BA.4*)",2022-08-29,1932,74328,0.0259928963513077,19233
"Omicron (BA.4*)",2022-09-05,1429,68787,0.0207742742087894,19240
"Omicron (BA.4*)",2022-09-12,1201,73301,0.0163844968008622,19247
"Omicron (BA.4*)",2022-09-19,1027,70660,0.0145343900367959,19254
"Omicron (BA.4*)",2022-09-26,724,65687,0.0110219678170719,19261
"Omicron (BA.4*)",2022-10-03,577,67588,0.00853701840563414,19268
"Omicron (BA.4*)",2022-10-10,500,68441,0.00730556245525343,19275
"Omicron (BA.4*)",2022-10-17,349,63268,0.00551621672883606,19282
"Omicron (BA.4*)",2022-10-24,317,62540,0.00506875599616246,19289
"Omicron (BA.4*)",2022-10-31,188,59825,0.00314249895528625,19296
"Omicron (BA.4*)",2022-11-07,200,65397,0.0030582442619692,19303
"Omicron (BA.4*)",2022-11-14,155,64613,0.00239889805457106,19310
"Omicron (BA.4*)",2022-11-21,103,68283,0.0015084281592783,19317
"Omicron (BA.4*)",2022-11-28,99,77055,0.0012847965738758,19324
"Omicron (BA.4*)",2022-12-05,101,78655,0.00128408874197445,19331
"Omicron (BA.4*)",2022-12-12,52,78325,0.000663900414937759,19338
"Omicron (BA.4*)",2022-12-19,48,67584,0.000710227272727273,19345
"Omicron (BA.4*)",2022-12-26,49,62198,0.000787806681886877,19352
"Omicron (BA.4*)",2023-01-02,42,59685,0.000703694395576778,19359
"Omicron (BA.4*)",2023-01-09,14,47977,0.000291806490610084,19366
"Omicron (BA.4*)",2023-01-16,17,41076,0.000413866978284156,19373
"Omicron (BA.4*)",2023-01-23,11,37568,0.000292802385008518,19380
"Omicron (BA.4*)",2023-01-30,8,32922,0.000242998602758034,19387
"Omicron (BA.4*)",2023-02-06,5,26059,0.000191872289803907,19394
"Omicron (BA.4*)",2023-02-13,7,12055,0.000580671920364994,19401
"Omicron (BA.4.6*)",2021-12-13,1,234761,4.25965130494418e-06,18974
"Omicron (BA.4.6*)",2022-01-03,4,319672,1.25128256462874e-05,18995
"Omicron (BA.4.6*)",2022-01-10,1,294524,3.39530904102891e-06,19002
"Omicron (BA.4.6*)",2022-01-24,3,259738,1.15501004858742e-05,19016
"Omicron (BA.4.6*)",2022-03-07,1,181557,5.50791211575428e-06,19058
"Omicron (BA.4.6*)",2022-04-25,4,110727,3.61248837230305e-05,19107
"Omicron (BA.4.6*)",2022-05-02,2,108011,1.85166325652017e-05,19114
"Omicron (BA.4.6*)",2022-05-09,14,111345,0.000125735327136378,19121
"Omicron (BA.4.6*)",2022-05-16,33,102091,0.000323241030061416,19128
"Omicron (BA.4.6*)",2022-05-23,61,95663,0.000637655101763482,19135
"Omicron (BA.4.6*)",2022-05-30,148,98610,0.00150086198154345,19142
"Omicron (BA.4.6*)",2022-06-06,291,110550,0.00263229308005427,19149
"Omicron (BA.4.6*)",2022-06-13,397,111080,0.00357400072020166,19156
"Omicron (BA.4.6*)",2022-06-20,707,122449,0.00577383237102794,19163
"Omicron (BA.4.6*)",2022-06-27,1227,133718,0.00917602716163867,19170
"Omicron (BA.4.6*)",2022-07-04,1610,137858,0.0116786838631055,19177
"Omicron (BA.4.6*)",2022-07-11,2186,137617,0.0158846654119767,19184
"Omicron (BA.4.6*)",2022-07-18,2387,126412,0.0188827010093978,19191
"Omicron (BA.4.6*)",2022-07-25,2478,107756,0.0229963992724303,19198
"Omicron (BA.4.6*)",2022-08-01,2761,97772,0.0282391686781492,19205
"Omicron (BA.4.6*)",2022-08-08,2997,86799,0.0345280475581516,19212
"Omicron (BA.4.6*)",2022-08-15,3219,84552,0.0380712460970764,19219
"Omicron (BA.4.6*)",2022-08-22,3485,79977,0.0435750278204984,19226
"Omicron (BA.4.6*)",2022-08-29,3743,74328,0.0503578732106339,19233
"Omicron (BA.4.6*)",2022-09-05,3753,68787,0.0545597278555541,19240
"Omicron (BA.4.6*)",2022-09-12,4160,73301,0.0567522953302138,19247
"Omicron (BA.4.6*)",2022-09-19,3961,70660,0.056057175205208,19254
"Omicron (BA.4.6*)",2022-09-26,3494,65687,0.0531916513160899,19261
"Omicron (BA.4.6*)",2022-10-03,2977,67588,0.0440462804048056,19268
"Omicron (BA.4.6*)",2022-10-10,2920,68441,0.04266448473868,19275
"Omicron (BA.4.6*)",2022-10-17,2309,63268,0.0364955427704369,19282
"Omicron (BA.4.6*)",2022-10-24,2119,62540,0.0338823153181964,19289
"Omicron (BA.4.6*)",2022-10-31,1848,59825,0.0308900961136649,19296
"Omicron (BA.4.6*)",2022-11-07,1557,65397,0.0238084315794302,19303
"Omicron (BA.4.6*)",2022-11-14,1147,64613,0.0177518456038259,19310
"Omicron (BA.4.6*)",2022-11-21,962,68283,0.0140884261089876,19317
"Omicron (BA.4.6*)",2022-11-28,795,77055,0.0103173058205178,19324
"Omicron (BA.4.6*)",2022-12-05,625,78655,0.00794609370033691,19331
"Omicron (BA.4.6*)",2022-12-12,457,78325,0.00583466326204915,19338
"Omicron (BA.4.6*)",2022-12-19,276,67584,0.00408380681818182,19345
"Omicron (BA.4.6*)",2022-12-26,202,62198,0.00324769285186019,19352
"Omicron (BA.4.6*)",2023-01-02,156,59685,0.00261372204071375,19359
"Omicron (BA.4.6*)",2023-01-09,96,47977,0.00200095879275486,19366
"Omicron (BA.4.6*)",2023-01-16,57,41076,0.00138767163307041,19373
"Omicron (BA.4.6*)",2023-01-23,56,37568,0.00149063032367973,19380
"Omicron (BA.4.6*)",2023-01-30,38,32922,0.00115424336310066,19387
"Omicron (BA.4.6*)",2023-02-06,14,26059,0.000537242411450938,19394
"Omicron (BA.4.6*)",2023-02-13,5,12055,0.000414765657403567,19401
"Omicron (BA.5*)",2021-12-06,1,217120,4.60574797347089e-06,18967
"Omicron (BA.5*)",2021-12-13,5,234761,2.12982565247209e-05,18974
"Omicron (BA.5*)",2021-12-20,9,225177,3.99685580676534e-05,18981
"Omicron (BA.5*)",2021-12-27,20,290419,6.88660177192264e-05,18988
"Omicron (BA.5*)",2022-01-03,41,319672,0.000128256462874446,18995
"Omicron (BA.5*)",2022-01-10,26,294524,8.82780350667518e-05,19002
"Omicron (BA.5*)",2022-01-17,21,297720,7.05360741636437e-05,19009
"Omicron (BA.5*)",2022-01-24,27,259738,0.000103950904372868,19016
"Omicron (BA.5*)",2022-01-31,7,269535,2.5970653161927e-05,19023
"Omicron (BA.5*)",2022-02-07,11,248438,4.42766404495287e-05,19030
"Omicron (BA.5*)",2022-02-14,2,220400,9.07441016333938e-06,19037
"Omicron (BA.5*)",2022-02-21,11,182048,6.04236245385832e-05,19044
"Omicron (BA.5*)",2022-02-28,5,171771,2.91085223931863e-05,19051
"Omicron (BA.5*)",2022-03-07,7,181557,3.855538481028e-05,19058
"Omicron (BA.5*)",2022-03-14,6,182853,3.28132434250463e-05,19065
"Omicron (BA.5*)",2022-03-21,12,176105,6.81411657817779e-05,19072
"Omicron (BA.5*)",2022-03-28,37,132089,0.000280114165449053,19079
"Omicron (BA.5*)",2022-04-04,105,127637,0.000822645471140813,19086
"Omicron (BA.5*)",2022-04-11,109,123300,0.000884022708840227,19093
"Omicron (BA.5*)",2022-04-18,194,124341,0.00156022550888283,19100
"Omicron (BA.5*)",2022-04-25,407,110727,0.00367570691881836,19107
"Omicron (BA.5*)",2022-05-02,904,108011,0.00836951791947117,19114
"Omicron (BA.5*)",2022-05-09,1838,111345,0.0165072522340473,19121
"Omicron (BA.5*)",2022-05-16,3345,102091,0.0327648862289526,19128
"Omicron (BA.5*)",2022-05-23,5954,95663,0.0622393192770455,19135
"Omicron (BA.5*)",2022-05-30,10639,98610,0.107889666362438,19142
"Omicron (BA.5*)",2022-06-06,16952,110550,0.153342379014021,19149
"Omicron (BA.5*)",2022-06-13,24294,111080,0.218707238026647,19156
"Omicron (BA.5*)",2022-06-20,33367,122449,0.27249712125048,19163
"Omicron (BA.5*)",2022-06-27,39652,133718,0.296534497973347,19170
"Omicron (BA.5*)",2022-07-04,42742,137858,0.310043668122271,19177
"Omicron (BA.5*)",2022-07-11,43227,137617,0.31411090199612,19184
"Omicron (BA.5*)",2022-07-18,39911,126412,0.315721608708034,19191
"Omicron (BA.5*)",2022-07-25,33964,107756,0.315193585508,19198
"Omicron (BA.5*)",2022-08-01,29717,97772,0.303941823835045,19205
"Omicron (BA.5*)",2022-08-08,25882,86799,0.298183158792152,19212
"Omicron (BA.5*)",2022-08-15,23820,84552,0.281720124893557,19219
"Omicron (BA.5*)",2022-08-22,21589,79977,0.269940107780987,19226
"Omicron (BA.5*)",2022-08-29,19265,74328,0.259189000107631,19233
"Omicron (BA.5*)",2022-09-05,17213,68787,0.250236236498176,19240
"Omicron (BA.5*)",2022-09-12,17965,73301,0.245085333078676,19247
"Omicron (BA.5*)",2022-09-19,15641,70660,0.221355788281913,19254
"Omicron (BA.5*)",2022-09-26,13711,65687,0.208732321463912,19261
"Omicron (BA.5*)",2022-10-03,12968,67588,0.19186837900219,19268
"Omicron (BA.5*)",2022-10-10,11977,68441,0.174997443053141,19275
"Omicron (BA.5*)",2022-10-17,9671,63268,0.152857684769552,19282
"Omicron (BA.5*)",2022-10-24,8476,62540,0.135529261272785,19289
"Omicron (BA.5*)",2022-10-31,6687,59825,0.111776013372336,19296
"Omicron (BA.5*)",2022-11-07,6025,65397,0.0921296083918223,19303
"Omicron (BA.5*)",2022-11-14,4769,64613,0.0738086762725767,19310
"Omicron (BA.5*)",2022-11-21,4440,68283,0.0650235051184043,19317
"Omicron (BA.5*)",2022-11-28,4199,77055,0.0544935435727727,19324
"Omicron (BA.5*)",2022-12-05,3656,78655,0.0464814697094908,19331
"Omicron (BA.5*)",2022-12-12,3076,78325,0.0392722630067028,19338
"Omicron (BA.5*)",2022-12-19,2366,67584,0.0350082859848485,19345
"Omicron (BA.5*)",2022-12-26,1857,62198,0.0298562654747741,19352
"Omicron (BA.5*)",2023-01-02,1594,59685,0.0267068777749853,19359
"Omicron (BA.5*)",2023-01-09,1146,47977,0.0238864455885112,19366
"Omicron (BA.5*)",2023-01-16,844,41076,0.0205472782159899,19373
"Omicron (BA.5*)",2023-01-23,682,37568,0.0181537478705281,19380
"Omicron (BA.5*)",2023-01-30,453,32922,0.0137597958811737,19387
"Omicron (BA.5*)",2023-02-06,297,26059,0.011397214014352,19394
"Omicron (BA.5*)",2023-02-13,102,12055,0.00846121941103277,19401
"Omicron (BA.5*)",2023-02-20,16,1932,0.0082815734989648,19408
"Omicron (BA.5.2*)",2022-01-31,1,269535,3.71009330884672e-06,19023
"Omicron (BA.5.2*)",2022-02-07,14,248438,5.63520878448547e-05,19030
"Omicron (BA.5.2*)",2022-02-14,1,220400,4.53720508166969e-06,19037
"Omicron (BA.5.2*)",2022-02-21,8,182048,4.39444542098787e-05,19044
"Omicron (BA.5.2*)",2022-02-28,5,171771,2.91085223931863e-05,19051
"Omicron (BA.5.2*)",2022-03-07,10,181557,5.50791211575428e-05,19058
"Omicron (BA.5.2*)",2022-03-14,8,182853,4.37509912333951e-05,19065
"Omicron (BA.5.2*)",2022-03-21,14,176105,7.94980267454076e-05,19072
"Omicron (BA.5.2*)",2022-03-28,18,132089,0.000136271756164404,19079
"Omicron (BA.5.2*)",2022-04-04,54,127637,0.000423074813729561,19086
"Omicron (BA.5.2*)",2022-04-11,34,123300,0.000275750202757502,19093
"Omicron (BA.5.2*)",2022-04-18,65,124341,0.000522755969471051,19100
"Omicron (BA.5.2*)",2022-04-25,141,110727,0.00127340215123683,19107
"Omicron (BA.5.2*)",2022-05-02,231,108011,0.0021386710612808,19114
"Omicron (BA.5.2*)",2022-05-09,419,111345,0.00376307871929588,19121
"Omicron (BA.5.2*)",2022-05-16,689,102091,0.0067488809003732,19128
"Omicron (BA.5.2*)",2022-05-23,1512,95663,0.0158054838338752,19135
"Omicron (BA.5.2*)",2022-05-30,3275,98610,0.0332116418213163,19142
"Omicron (BA.5.2*)",2022-06-06,6716,110550,0.0607507914970602,19149
"Omicron (BA.5.2*)",2022-06-13,11540,111080,0.103889088944905,19156
"Omicron (BA.5.2*)",2022-06-20,18812,122449,0.153631307728115,19163
"Omicron (BA.5.2*)",2022-06-27,27273,133718,0.203959078059797,19170
"Omicron (BA.5.2*)",2022-07-04,34403,137858,0.249553888784111,19177
"Omicron (BA.5.2*)",2022-07-11,39891,137617,0.28986971086421,19184
"Omicron (BA.5.2*)",2022-07-18,40629,126412,0.321401449229504,19191
"Omicron (BA.5.2*)",2022-07-25,36261,107756,0.336510263929619,19198
"Omicron (BA.5.2*)",2022-08-01,35146,97772,0.359468968620873,19205
"Omicron (BA.5.2*)",2022-08-08,32899,86799,0.379025103975852,19212
"Omicron (BA.5.2*)",2022-08-15,33831,84552,0.400120635821743,19219
"Omicron (BA.5.2*)",2022-08-22,32460,79977,0.405866686672418,19226
"Omicron (BA.5.2*)",2022-08-29,30541,74328,0.410894952104187,19233
"Omicron (BA.5.2*)",2022-09-05,27947,68787,0.406283163969936,19240
"Omicron (BA.5.2*)",2022-09-12,30003,73301,0.409312287690482,19247
"Omicron (BA.5.2*)",2022-09-19,28631,70660,0.405193886215681,19254
"Omicron (BA.5.2*)",2022-09-26,25684,65687,0.39100583068187,19261
"Omicron (BA.5.2*)",2022-10-03,25492,67588,0.377167544534533,19268
"Omicron (BA.5.2*)",2022-10-10,24120,68441,0.352420332841425,19275
"Omicron (BA.5.2*)",2022-10-17,20398,63268,0.322406271732946,19282
"Omicron (BA.5.2*)",2022-10-24,18172,62540,0.290566037735849,19289
"Omicron (BA.5.2*)",2022-10-31,15447,59825,0.258203092352695,19296
"Omicron (BA.5.2*)",2022-11-07,13866,65397,0.212028074682325,19303
"Omicron (BA.5.2*)",2022-11-14,11800,64613,0.182625787380249,19310
"Omicron (BA.5.2*)",2022-11-21,10344,68283,0.15148719300558,19317
"Omicron (BA.5.2*)",2022-11-28,9293,77055,0.120602167283109,19324
"Omicron (BA.5.2*)",2022-12-05,8284,78655,0.105320704341746,19331
"Omicron (BA.5.2*)",2022-12-12,6890,78325,0.0879668049792531,19338
"Omicron (BA.5.2*)",2022-12-19,5440,67584,0.0804924242424242,19345
"Omicron (BA.5.2*)",2022-12-26,3962,62198,0.0636997974211389,19352
"Omicron (BA.5.2*)",2023-01-02,3446,59685,0.057736449694228,19359
"Omicron (BA.5.2*)",2023-01-09,2530,47977,0.0527336015173938,19366
"Omicron (BA.5.2*)",2023-01-16,1855,41076,0.0451601908657123,19373
"Omicron (BA.5.2*)",2023-01-23,1325,37568,0.0352693781942078,19380
"Omicron (BA.5.2*)",2023-01-30,863,32922,0.0262134742725229,19387
"Omicron (BA.5.2*)",2023-02-06,356,26059,0.0136613070340381,19394
"Omicron (BA.5.2*)",2023-02-13,83,12055,0.00688510991289921,19401
"Omicron (BA.5.2*)",2023-02-20,7,1932,0.0036231884057971,19408
"Omicron (BF.7*)",2022-03-07,2,181557,1.10158242315086e-05,19058
"Omicron (BF.7*)",2022-03-28,1,132089,7.57065312024468e-06,19079
"Omicron (BF.7*)",2022-04-11,2,123300,1.6220600162206e-05,19093
"Omicron (BF.7*)",2022-05-09,4,111345,3.59243791818223e-05,19121
"Omicron (BF.7*)",2022-05-23,1,95663,1.04533623239915e-05,19135
"Omicron (BF.7*)",2022-05-30,17,98610,0.000172396308690802,19142
"Omicron (BF.7*)",2022-06-06,36,110550,0.000325644504748982,19149
"Omicron (BF.7*)",2022-06-13,64,111080,0.000576161325171048,19156
"Omicron (BF.7*)",2022-06-20,134,122449,0.00109433315094447,19163
"Omicron (BF.7*)",2022-06-27,204,133718,0.00152559864790081,19170
"Omicron (BF.7*)",2022-07-04,266,137858,0.00192952168173048,19177
"Omicron (BF.7*)",2022-07-11,340,137617,0.00247062499545841,19184
"Omicron (BF.7*)",2022-07-18,439,126412,0.00347277157231908,19191
"Omicron (BF.7*)",2022-07-25,512,107756,0.00475147555588552,19198
"Omicron (BF.7*)",2022-08-01,647,97772,0.0066174364848832,19205
"Omicron (BF.7*)",2022-08-08,755,86799,0.00869825689236051,19212
"Omicron (BF.7*)",2022-08-15,909,84552,0.0107507805847289,19219
"Omicron (BF.7*)",2022-08-22,1082,79977,0.0135288895557473,19226
"Omicron (BF.7*)",2022-08-29,1359,74328,0.0182838230545689,19233
"Omicron (BF.7*)",2022-09-05,1786,68787,0.0259642083533226,19240
"Omicron (BF.7*)",2022-09-12,2595,73301,0.0354019726879579,19247
"Omicron (BF.7*)",2022-09-19,3072,70660,0.0434757996037362,19254
"Omicron (BF.7*)",2022-09-26,3865,65687,0.0588396486367165,19261
"Omicron (BF.7*)",2022-10-03,5035,67588,0.0744954725690951,19268
"Omicron (BF.7*)",2022-10-10,5620,68441,0.0821145219970486,19275
"Omicron (BF.7*)",2022-10-17,5625,63268,0.0889075045836758,19282
"Omicron (BF.7*)",2022-10-24,5494,62540,0.0878477774224496,19289
"Omicron (BF.7*)",2022-10-31,4802,59825,0.0802674467195988,19296
"Omicron (BF.7*)",2022-11-07,4806,65397,0.07348960961512,19303
"Omicron (BF.7*)",2022-11-14,4593,64613,0.0710847662235154,19310
"Omicron (BF.7*)",2022-11-21,4762,68283,0.0697391737328471,19317
"Omicron (BF.7*)",2022-11-28,4829,77055,0.0626695217701642,19324
"Omicron (BF.7*)",2022-12-05,4629,78655,0.0588519483821753,19331
"Omicron (BF.7*)",2022-12-12,4396,78325,0.0561251196935844,19338
"Omicron (BF.7*)",2022-12-19,3805,67584,0.0563003077651515,19345
"Omicron (BF.7*)",2022-12-26,3093,62198,0.049728287083186,19352
"Omicron (BF.7*)",2023-01-02,2888,59685,0.0483873670101366,19359
"Omicron (BF.7*)",2023-01-09,2387,47977,0.0497530066490193,19366
"Omicron (BF.7*)",2023-01-16,1789,41076,0.043553413185315,19373
"Omicron (BF.7*)",2023-01-23,1310,37568,0.0348701022146508,19380
"Omicron (BF.7*)",2023-01-30,948,32922,0.028795334426827,19387
"Omicron (BF.7*)",2023-02-06,504,26059,0.0193407268122338,19394
"Omicron (BF.7*)",2023-02-13,108,12055,0.00895893819991705,19401
"Omicron (BF.7*)",2023-02-20,1,1932,0.0005175983436853,19408
"Omicron (BA.2.76*)",2020-08-03,1,9880,0.000101214574898785,18477
"Omicron (BA.2.76*)",2022-01-03,1,319672,3.12820641157186e-06,18995
"Omicron (BA.2.76*)",2022-01-24,1,259738,3.85003349529141e-06,19016
"Omicron (BA.2.76*)",2022-02-07,1,248438,4.02514913177533e-06,19030
"Omicron (BA.2.76*)",2022-04-11,3,123300,2.4330900243309e-05,19093
"Omicron (BA.2.76*)",2022-04-18,11,124341,8.84663948335625e-05,19100
"Omicron (BA.2.76*)",2022-04-25,17,110727,0.00015353075582288,19107
"Omicron (BA.2.76*)",2022-05-02,27,108011,0.000249974539630223,19114
"Omicron (BA.2.76*)",2022-05-09,34,111345,0.000305357223045489,19121
"Omicron (BA.2.76*)",2022-05-16,46,102091,0.000450578405540155,19128
"Omicron (BA.2.76*)",2022-05-23,71,95663,0.000742188725003397,19135
"Omicron (BA.2.76*)",2022-05-30,128,98610,0.00129804279484839,19142
"Omicron (BA.2.76*)",2022-06-06,398,110550,0.00360018091361375,19149
"Omicron (BA.2.76*)",2022-06-13,784,111080,0.00705797623334534,19156
"Omicron (BA.2.76*)",2022-06-20,959,122449,0.007831832028028,19163
"Omicron (BA.2.76*)",2022-06-27,1178,133718,0.0088095843491527,19170
"Omicron (BA.2.76*)",2022-07-04,852,137858,0.00618027245426453,19177
"Omicron (BA.2.76*)",2022-07-11,617,137617,0.00448345771234659,19184
"Omicron (BA.2.76*)",2022-07-18,488,126412,0.00386039300066449,19191
"Omicron (BA.2.76*)",2022-07-25,262,107756,0.00243141913211329,19198
"Omicron (BA.2.76*)",2022-08-01,143,97772,0.00146258642556151,19205
"Omicron (BA.2.76*)",2022-08-08,100,86799,0.00115208700561066,19212
"Omicron (BA.2.76*)",2022-08-15,71,84552,0.000839719935660895,19219
"Omicron (BA.2.76*)",2022-08-22,45,79977,0.000562661765257512,19226
"Omicron (BA.2.76*)",2022-08-29,30,74328,0.000403616402970617,19233
"Omicron (BA.2.76*)",2022-09-05,23,68787,0.000334365505109977,19240
"Omicron (BA.2.76*)",2022-09-12,8,73301,0.00010913902948118,19247
"Omicron (BA.2.76*)",2022-09-19,19,70660,0.000268893291819983,19254
"Omicron (BA.2.76*)",2022-09-26,9,65687,0.000137013412090672,19261
"Omicron (BA.2.76*)",2022-10-03,1,67588,1.47955258329881e-05,19268
"Omicron (BA.2.76*)",2022-10-10,2,68441,2.92222498210137e-05,19275
"Omicron (BA.2.76*)",2022-10-17,1,63268,1.58057785926535e-05,19282
"Omicron (BA.2.76*)",2022-10-24,6,62540,9.59385992964503e-05,19289
"Omicron (BA.2.76*)",2022-10-31,2,59825,3.34308399498537e-05,19296
"Omicron (BA.2.76*)",2022-11-07,1,65397,1.5291221309846e-05,19303
"Omicron (BA.2.76*)",2022-11-14,1,64613,1.54767616423939e-05,19310
"Omicron (BA.2.76*)",2022-11-21,1,68283,1.46449335852262e-05,19317
"Omicron (BA.2.76*)",2022-12-26,1,62198,1.60776873854465e-05,19352
"Omicron (BA.2.76*)",2023-01-23,2,37568,5.3236797274276e-05,19380
"Omicron (BA.2.76*)",2023-01-30,3,32922,9.11244760342628e-05,19387
"Omicron (BA.2.75*)",2022-04-04,1,127637,7.83471877276965e-06,19086
"Omicron (BA.2.75*)",2022-05-02,1,108011,9.25831628260085e-06,19114
"Omicron (BA.2.75*)",2022-05-09,1,111345,8.98109479545557e-06,19121
"Omicron (BA.2.75*)",2022-05-16,1,102091,9.79518272913381e-06,19128
"Omicron (BA.2.75*)",2022-05-23,2,95663,2.0906724647983e-05,19135
"Omicron (BA.2.75*)",2022-05-30,13,98610,0.00013183247135179,19142
"Omicron (BA.2.75*)",2022-06-06,54,110550,0.000488466757123474,19149
"Omicron (BA.2.75*)",2022-06-13,167,111080,0.0015034209578682,19156
"Omicron (BA.2.75*)",2022-06-20,315,122449,0.00257249957125007,19163
"Omicron (BA.2.75*)",2022-06-27,540,133718,0.00403834936209037,19170
"Omicron (BA.2.75*)",2022-07-04,670,137858,0.00486007340887,19177
"Omicron (BA.2.75*)",2022-07-11,851,137617,0.00618382903275031,19184
"Omicron (BA.2.75*)",2022-07-18,1003,126412,0.0079343733189887,19191
"Omicron (BA.2.75*)",2022-07-25,1068,107756,0.00991128104235495,19198
"Omicron (BA.2.75*)",2022-08-01,1254,97772,0.0128257578856932,19205
"Omicron (BA.2.75*)",2022-08-08,1109,86799,0.0127766448922223,19212
"Omicron (BA.2.75*)",2022-08-15,971,84552,0.0114840571482638,19219
"Omicron (BA.2.75*)",2022-08-22,922,79977,0.0115283143903872,19226
"Omicron (BA.2.75*)",2022-08-29,809,74328,0.0108841890001076,19233
"Omicron (BA.2.75*)",2022-09-05,880,68787,0.0127931149781209,19240
"Omicron (BA.2.75*)",2022-09-12,804,73301,0.0109684724628586,19247
"Omicron (BA.2.75*)",2022-09-19,807,70660,0.0114208887630909,19254
"Omicron (BA.2.75*)",2022-09-26,713,65687,0.0108545069800722,19261
"Omicron (BA.2.75*)",2022-10-03,688,67588,0.0101793217730958,19268
"Omicron (BA.2.75*)",2022-10-10,620,68441,0.00905889744451425,19275
"Omicron (BA.2.75*)",2022-10-17,505,63268,0.00798191818929,19282
"Omicron (BA.2.75*)",2022-10-24,433,62540,0.00692356891589383,19289
"Omicron (BA.2.75*)",2022-10-31,337,59825,0.00563309653155036,19296
"Omicron (BA.2.75*)",2022-11-07,335,65397,0.00512255913879842,19303
"Omicron (BA.2.75*)",2022-11-14,289,64613,0.00447278411465185,19310
"Omicron (BA.2.75*)",2022-11-21,237,68283,0.00347084925969861,19317
"Omicron (BA.2.75*)",2022-11-28,192,77055,0.00249172668872883,19324
"Omicron (BA.2.75*)",2022-12-05,138,78655,0.00175449748903439,19331
"Omicron (BA.2.75*)",2022-12-12,126,78325,0.00160868177465688,19338
"Omicron (BA.2.75*)",2022-12-19,88,67584,0.00130208333333333,19345
"Omicron (BA.2.75*)",2022-12-26,57,62198,0.000916428180970449,19352
"Omicron (BA.2.75*)",2023-01-02,43,59685,0.000720449024042892,19359
"Omicron (BA.2.75*)",2023-01-09,35,47977,0.00072951622652521,19366
"Omicron (BA.2.75*)",2023-01-16,31,41076,0.000754698607459344,19373
"Omicron (BA.2.75*)",2023-01-23,22,37568,0.000585604770017036,19380
"Omicron (BA.2.75*)",2023-01-30,8,32922,0.000242998602758034,19387
"Omicron (BA.2.75*)",2023-02-06,1,26059,3.83744579607813e-05,19394
"Omicron (BA.2.75*)",2023-02-13,3,12055,0.00024885939444214,19401
"Omicron (BQ.1.1*)",2022-01-31,1,269535,3.71009330884672e-06,19023
"Omicron (BQ.1.1*)",2022-02-07,1,248438,4.02514913177533e-06,19030
"Omicron (BQ.1.1*)",2022-02-14,1,220400,4.53720508166969e-06,19037
"Omicron (BQ.1.1*)",2022-02-28,2,171771,1.16434089572745e-05,19051
"Omicron (BQ.1.1*)",2022-03-07,1,181557,5.50791211575428e-06,19058
"Omicron (BQ.1.1*)",2022-04-18,1,124341,8.04239953032387e-06,19100
"Omicron (BQ.1.1*)",2022-05-02,3,108011,2.77749488478025e-05,19114
"Omicron (BQ.1.1*)",2022-06-06,1,110550,9.04568068747173e-06,19149
"Omicron (BQ.1.1*)",2022-06-20,1,122449,8.16666530555578e-06,19163
"Omicron (BQ.1.1*)",2022-07-11,1,137617,7.26654410428944e-06,19184
"Omicron (BQ.1.1*)",2022-07-25,40,107756,0.000371209027803556,19198
"Omicron (BQ.1.1*)",2022-08-01,61,97772,0.000623900503211553,19205
"Omicron (BQ.1.1*)",2022-08-08,12,86799,0.00013825044067328,19212
"Omicron (BQ.1.1*)",2022-08-15,6,84552,7.09622480840193e-05,19219
"Omicron (BQ.1.1*)",2022-08-22,20,79977,0.000250071895670005,19226
"Omicron (BQ.1.1*)",2022-08-29,49,74328,0.000659240124852007,19233
"Omicron (BQ.1.1*)",2022-09-05,159,68787,0.00231148327445593,19240
"Omicron (BQ.1.1*)",2022-09-12,335,73301,0.00457019685952443,19247
"Omicron (BQ.1.1*)",2022-09-19,804,70660,0.0113784319275403,19254
"Omicron (BQ.1.1*)",2022-09-26,1501,65687,0.0228507923942333,19261
"Omicron (BQ.1.1*)",2022-10-03,2587,67588,0.0382760253299402,19268
"Omicron (BQ.1.1*)",2022-10-10,3937,68441,0.0575239987726655,19275
"Omicron (BQ.1.1*)",2022-10-17,5327,63268,0.0841973825630651,19282
"Omicron (BQ.1.1*)",2022-10-24,6933,62540,0.110857051487048,19289
"Omicron (BQ.1.1*)",2022-10-31,8515,59825,0.142331801086502,19296
"Omicron (BQ.1.1*)",2022-11-07,12256,65397,0.187409208373473,19303
"Omicron (BQ.1.1*)",2022-11-14,14131,64613,0.218702118768669,19310
"Omicron (BQ.1.1*)",2022-11-21,17570,68283,0.257311483092424,19317
"Omicron (BQ.1.1*)",2022-11-28,22207,77055,0.288196742586464,19324
"Omicron (BQ.1.1*)",2022-12-05,24862,78655,0.316089250524442,19331
"Omicron (BQ.1.1*)",2022-12-12,26714,78325,0.341066070858602,19338
"Omicron (BQ.1.1*)",2022-12-19,22876,67584,0.338482481060606,19345
"Omicron (BQ.1.1*)",2022-12-26,20881,62198,0.335718190295508,19352
"Omicron (BQ.1.1*)",2023-01-02,19170,59685,0.321186227695401,19359
"Omicron (BQ.1.1*)",2023-01-09,14390,47977,0.299935385705651,19366
"Omicron (BQ.1.1*)",2023-01-16,11305,41076,0.275221540558964,19373
"Omicron (BQ.1.1*)",2023-01-23,9263,37568,0.246566226575809,19380
"Omicron (BQ.1.1*)",2023-01-30,7156,32922,0.217362250167062,19387
"Omicron (BQ.1.1*)",2023-02-06,4977,26059,0.190989677270809,19394
"Omicron (BQ.1.1*)",2023-02-13,2084,12055,0.172874326005807,19401
"Omicron (BQ.1.1*)",2023-02-20,311,1932,0.160973084886128,19408
"Omicron (BQ.1*)",2022-02-07,5,248438,2.01257456588767e-05,19030
"Omicron (BQ.1*)",2022-03-07,2,181557,1.10158242315086e-05,19058
"Omicron (BQ.1*)",2022-04-04,1,127637,7.83471877276965e-06,19086
"Omicron (BQ.1*)",2022-04-11,1,123300,8.110300081103e-06,19093
"Omicron (BQ.1*)",2022-07-11,4,137617,2.90661764171578e-05,19184
"Omicron (BQ.1*)",2022-07-18,1,126412,7.91064139480429e-06,19191
"Omicron (BQ.1*)",2022-07-25,14,107756,0.000129923159731245,19198
"Omicron (BQ.1*)",2022-08-01,17,97772,0.000173873910731089,19205
"Omicron (BQ.1*)",2022-08-08,6,86799,6.91252203366398e-05,19212
"Omicron (BQ.1*)",2022-08-15,24,84552,0.000283848992336077,19219
"Omicron (BQ.1*)",2022-08-22,43,79977,0.000537654575690511,19226
"Omicron (BQ.1*)",2022-08-29,71,74328,0.00095522548703046,19233
"Omicron (BQ.1*)",2022-09-05,158,68787,0.00229694564379897,19240
"Omicron (BQ.1*)",2022-09-12,360,73301,0.00491125632665312,19247
"Omicron (BQ.1*)",2022-09-19,624,70660,0.00883102179450892,19254
"Omicron (BQ.1*)",2022-09-26,1107,65687,0.0168526496871527,19261
"Omicron (BQ.1*)",2022-10-03,1785,67588,0.0264100136118838,19268
"Omicron (BQ.1*)",2022-10-10,2848,68441,0.0416124837451235,19275
"Omicron (BQ.1*)",2022-10-17,3455,63268,0.0546089650376178,19282
"Omicron (BQ.1*)",2022-10-24,4600,62540,0.0735529261272785,19289
"Omicron (BQ.1*)",2022-10-31,5653,59825,0.0944922691182616,19296
"Omicron (BQ.1*)",2022-11-07,6875,65397,0.105127146505191,19303
"Omicron (BQ.1*)",2022-11-14,8043,64613,0.124479593889775,19310
"Omicron (BQ.1*)",2022-11-21,9298,68283,0.136168592475433,19317
"Omicron (BQ.1*)",2022-11-28,11899,77055,0.154422165985335,19324
"Omicron (BQ.1*)",2022-12-05,12039,78655,0.15306083529337,19331
"Omicron (BQ.1*)",2022-12-12,11343,78325,0.144819661666135,19338
"Omicron (BQ.1*)",2022-12-19,9689,67584,0.143362334280303,19345
"Omicron (BQ.1*)",2022-12-26,9215,62198,0.148155889256889,19352
"Omicron (BQ.1*)",2023-01-02,8205,59685,0.137471726564463,19359
"Omicron (BQ.1*)",2023-01-09,5706,47977,0.118931988244367,19366
"Omicron (BQ.1*)",2023-01-16,4155,41076,0.101153958515922,19373
"Omicron (BQ.1*)",2023-01-23,3132,37568,0.0833688245315162,19380
"Omicron (BQ.1*)",2023-01-30,2337,32922,0.0709859668306907,19387
"Omicron (BQ.1*)",2023-02-06,1418,26059,0.0544149813883879,19394
"Omicron (BQ.1*)",2023-02-13,550,12055,0.0456242223143924,19401
"Omicron (BQ.1*)",2023-02-20,70,1932,0.036231884057971,19408
"Omicron (BR.2.1*)",2021-12-27,1,290419,3.44330088596132e-06,18988
"Omicron (BR.2.1*)",2022-01-10,1,294524,3.39530904102891e-06,19002
"Omicron (BR.2.1*)",2022-07-25,1,107756,9.2802256950889e-06,19198
"Omicron (BR.2.1*)",2022-10-03,3,67588,4.43865774989643e-05,19268
"Omicron (BR.2.1*)",2022-10-10,26,68441,0.000379889247673178,19275
"Omicron (BR.2.1*)",2022-10-17,43,63268,0.000679648479484099,19282
"Omicron (BR.2.1*)",2022-10-24,83,62540,0.0013271506236009,19289
"Omicron (BR.2.1*)",2022-10-31,156,59825,0.00260760551608859,19296
"Omicron (BR.2.1*)",2022-11-07,250,65397,0.0038228053274615,19303
"Omicron (BR.2.1*)",2022-11-14,302,64613,0.00467398201600297,19310
"Omicron (BR.2.1*)",2022-11-21,381,68283,0.00557971969597118,19317
"Omicron (BR.2.1*)",2022-11-28,433,77055,0.00561936279281033,19324
"Omicron (BR.2.1*)",2022-12-05,568,78655,0.00722140995486619,19331
"Omicron (BR.2.1*)",2022-12-12,583,78325,0.00744334503670603,19338
"Omicron (BR.2.1*)",2022-12-19,358,67584,0.00529711174242424,19345
"Omicron (BR.2.1*)",2022-12-26,346,62198,0.00556287983536448,19352
"Omicron (BR.2.1*)",2023-01-02,453,59685,0.00758984669514954,19359
"Omicron (BR.2.1*)",2023-01-09,350,47977,0.0072951622652521,19366
"Omicron (BR.2.1*)",2023-01-16,261,41076,0.00635407537248028,19373
"Omicron (BR.2.1*)",2023-01-23,208,37568,0.0055366269165247,19380
"Omicron (BR.2.1*)",2023-01-30,157,32922,0.00476884757912642,19387
"Omicron (BR.2.1*)",2023-02-06,119,26059,0.00456656049733298,19394
"Omicron (BR.2.1*)",2023-02-13,57,12055,0.00472832849440066,19401
"Omicron (BR.2.1*)",2023-02-20,10,1932,0.005175983436853,19408
"Omicron (CH.1.1*)",2022-01-03,1,319672,3.12820641157186e-06,18995
"Omicron (CH.1.1*)",2022-07-25,4,107756,3.71209027803556e-05,19198
"Omicron (CH.1.1*)",2022-08-01,10,97772,0.000102278771018287,19205
"Omicron (CH.1.1*)",2022-09-05,1,68787,1.45376306569555e-05,19240
"Omicron (CH.1.1*)",2022-09-12,1,73301,1.36423786851475e-05,19247
"Omicron (CH.1.1*)",2022-09-19,6,70660,8.49136711010473e-05,19254
"Omicron (CH.1.1*)",2022-09-26,7,65687,0.000106565987181634,19261
"Omicron (CH.1.1*)",2022-10-03,23,67588,0.000340297094158726,19268
"Omicron (CH.1.1*)",2022-10-10,38,68441,0.000555222746599261,19275
"Omicron (CH.1.1*)",2022-10-17,73,63268,0.0011538218372637,19282
"Omicron (CH.1.1*)",2022-10-24,140,62540,0.00223856731691717,19289
"Omicron (CH.1.1*)",2022-10-31,214,59825,0.00357709987463435,19296
"Omicron (CH.1.1*)",2022-11-07,320,65397,0.00489319081915073,19303
"Omicron (CH.1.1*)",2022-11-14,464,64613,0.00718121740207079,19310
"Omicron (CH.1.1*)",2022-11-21,766,68283,0.0112180191262833,19317
"Omicron (CH.1.1*)",2022-11-28,1174,77055,0.0152358704821232,19324
"Omicron (CH.1.1*)",2022-12-05,1613,78655,0.0205072786218295,19331
"Omicron (CH.1.1*)",2022-12-12,2259,78325,0.0288413661027769,19338
"Omicron (CH.1.1*)",2022-12-19,2285,67584,0.0338097774621212,19345
"Omicron (CH.1.1*)",2022-12-26,2908,62198,0.0467539149168784,19352
"Omicron (CH.1.1*)",2023-01-02,3387,59685,0.0567479266147273,19359
"Omicron (CH.1.1*)",2023-01-09,2645,47977,0.055130583404548,19366
"Omicron (CH.1.1*)",2023-01-16,2343,41076,0.0570406076541046,19373
"Omicron (CH.1.1*)",2023-01-23,2603,37568,0.0692876916524702,19380
"Omicron (CH.1.1*)",2023-01-30,2717,32922,0.0825284004616973,19387
"Omicron (CH.1.1*)",2023-02-06,2390,26059,0.0917149545262673,19394
"Omicron (CH.1.1*)",2023-02-13,1458,12055,0.12094566569888,19401
"Omicron (CH.1.1*)",2023-02-20,275,1932,0.142339544513458,19408
"Deltacron (XAY.2*)",2022-08-29,1,74328,1.34538800990206e-05,19233
"Deltacron (XAY.2*)",2022-09-19,2,70660,2.83045570336824e-05,19254
"Deltacron (XAY.2*)",2022-09-26,1,65687,1.52237124545192e-05,19261
"Deltacron (XAY.2*)",2022-10-03,3,67588,4.43865774989643e-05,19268
"Deltacron (XAY.2*)",2022-10-10,7,68441,0.000102277874373548,19275
"Deltacron (XAY.2*)",2022-10-17,1,63268,1.58057785926535e-05,19282
"Deltacron (XAY.2*)",2022-10-24,9,62540,0.000143907898944675,19289
"Deltacron (XAY.2*)",2022-10-31,5,59825,8.35770998746343e-05,19296
"Deltacron (XAY.2*)",2022-11-07,13,65397,0.000198785877027998,19303
"Deltacron (XAY.2*)",2022-11-14,19,64613,0.000294058471205485,19310
"Deltacron (XAY.2*)",2022-11-21,33,68283,0.000483282808312464,19317
"Deltacron (XAY.2*)",2022-11-28,38,77055,0.000493154240477581,19324
"Deltacron (XAY.2*)",2022-12-05,74,78655,0.000940817494119891,19331
"Deltacron (XAY.2*)",2022-12-12,72,78325,0.000919246728375359,19338
"Deltacron (XAY.2*)",2022-12-19,63,67584,0.000932173295454545,19345
"Deltacron (XAY.2*)",2022-12-26,83,62198,0.00133444805299206,19352
"Deltacron (XAY.2*)",2023-01-02,46,59685,0.000770712909441233,19359
"Deltacron (XAY.2*)",2023-01-09,35,47977,0.00072951622652521,19366
"Deltacron (XAY.2*)",2023-01-16,37,41076,0.000900769305677281,19373
"Deltacron (XAY.2*)",2023-01-23,42,37568,0.0011179727427598,19380
"Deltacron (XAY.2*)",2023-01-30,37,32922,0.00112386853775591,19387
"Deltacron (XAY.2*)",2023-02-06,35,26059,0.00134310602862735,19394
"Deltacron (XAY.2*)",2023-02-13,31,12055,0.00257154707590212,19401
"Deltacron (XAY.2*)",2023-02-20,4,1932,0.0020703933747412,19408
"Omicron (XBF*)",2022-07-04,1,137858,7.25384090876119e-06,19177
"Omicron (XBF*)",2022-07-25,4,107756,3.71209027803556e-05,19198
"Omicron (XBF*)",2022-08-01,8,97772,8.18230168146299e-05,19205
"Omicron (XBF*)",2022-08-08,1,86799,1.15208700561066e-05,19212
"Omicron (XBF*)",2022-08-22,1,79977,1.25035947835003e-05,19226
"Omicron (XBF*)",2022-09-05,3,68787,4.36128919708666e-05,19240
"Omicron (XBF*)",2022-09-12,3,73301,4.09271360554426e-05,19247
"Omicron (XBF*)",2022-10-03,1,67588,1.47955258329881e-05,19268
"Omicron (XBF*)",2022-10-10,4,68441,5.84444996420274e-05,19275
"Omicron (XBF*)",2022-10-17,15,63268,0.000237086678889802,19282
"Omicron (XBF*)",2022-10-24,45,62540,0.000719539494723377,19289
"Omicron (XBF*)",2022-10-31,100,59825,0.00167154199749269,19296
"Omicron (XBF*)",2022-11-07,191,65397,0.00292062327018059,19303
"Omicron (XBF*)",2022-11-14,211,64613,0.00326559670654512,19310
"Omicron (XBF*)",2022-11-21,331,68283,0.00484747301670987,19317
"Omicron (XBF*)",2022-11-28,365,77055,0.00473687625721887,19324
"Omicron (XBF*)",2022-12-05,434,78655,0.00551776746551395,19331
"Omicron (XBF*)",2022-12-12,562,78325,0.00717523140759655,19338
"Omicron (XBF*)",2022-12-19,483,67584,0.00714666193181818,19345
"Omicron (XBF*)",2022-12-26,622,62198,0.0100003215537477,19352
"Omicron (XBF*)",2023-01-02,702,59685,0.0117617491832119,19359
"Omicron (XBF*)",2023-01-09,749,47977,0.0156116472476395,19366
"Omicron (XBF*)",2023-01-16,687,41076,0.0167250949459538,19373
"Omicron (XBF*)",2023-01-23,620,37568,0.0165034071550256,19380
"Omicron (XBF*)",2023-01-30,643,32922,0.019531012696677,19387
"Omicron (XBF*)",2023-02-06,511,26059,0.0196093480179592,19394
"Omicron (XBF*)",2023-02-13,279,12055,0.023143923683119,19401
"Omicron (XBF*)",2023-02-20,43,1932,0.0222567287784679,19408
"Omicron (XBB*)",2021-12-27,1,290419,3.44330088596132e-06,18988
"Omicron (XBB*)",2022-01-03,2,319672,6.25641282314372e-06,18995
"Omicron (XBB*)",2022-01-10,3,294524,1.01859271230867e-05,19002
"Omicron (XBB*)",2022-01-24,2,259738,7.70006699058282e-06,19016
"Omicron (XBB*)",2022-01-31,1,269535,3.71009330884672e-06,19023
"Omicron (XBB*)",2022-02-07,1,248438,4.02514913177533e-06,19030
"Omicron (XBB*)",2022-02-14,1,220400,4.53720508166969e-06,19037
"Omicron (XBB*)",2022-04-04,1,127637,7.83471877276965e-06,19086
"Omicron (XBB*)",2022-05-30,1,98610,1.01409593347531e-05,19142
"Omicron (XBB*)",2022-06-06,1,110550,9.04568068747173e-06,19149
"Omicron (XBB*)",2022-06-27,1,133718,7.4784247446118e-06,19170
"Omicron (XBB*)",2022-07-11,1,137617,7.26654410428944e-06,19184
"Omicron (XBB*)",2022-07-25,4,107756,3.71209027803556e-05,19198
"Omicron (XBB*)",2022-08-01,2,97772,2.04557542036575e-05,19205
"Omicron (XBB*)",2022-08-08,2,86799,2.30417401122133e-05,19212
"Omicron (XBB*)",2022-08-15,2,84552,2.36540826946731e-05,19219
"Omicron (XBB*)",2022-08-22,16,79977,0.000200057516536004,19226
"Omicron (XBB*)",2022-08-29,25,74328,0.000336347002475514,19233
"Omicron (XBB*)",2022-09-05,80,68787,0.00116301045255644,19240
"Omicron (XBB*)",2022-09-12,153,73301,0.00208728393882757,19247
"Omicron (XBB*)",2022-09-19,307,70660,0.00434474950467025,19254
"Omicron (XBB*)",2022-09-26,487,65687,0.00741394796535083,19261
"Omicron (XBB*)",2022-10-03,820,67588,0.0121323311830502,19268
"Omicron (XBB*)",2022-10-10,987,68441,0.0144211802866703,19275
"Omicron (XBB*)",2022-10-17,1189,63268,0.018793070746665,19282
"Omicron (XBB*)",2022-10-24,1335,62540,0.0213463383434602,19289
"Omicron (XBB*)",2022-10-31,2003,59825,0.0334809862097785,19296
"Omicron (XBB*)",2022-11-07,2806,65397,0.0429071669954279,19303
"Omicron (XBB*)",2022-11-14,2870,64613,0.0444183059136706,19310
"Omicron (XBB*)",2022-11-21,3336,68283,0.0488554984403146,19317
"Omicron (XBB*)",2022-11-28,4339,77055,0.0563104276166375,19324
"Omicron (XBB*)",2022-12-05,3923,78655,0.0498760409382747,19331
"Omicron (XBB*)",2022-12-12,3872,78325,0.0494350462815193,19338
"Omicron (XBB*)",2022-12-19,3027,67584,0.0447887073863636,19345
"Omicron (XBB*)",2022-12-26,2642,62198,0.0424772500723496,19352
"Omicron (XBB*)",2023-01-02,2414,59685,0.0404456731171986,19359
"Omicron (XBB*)",2023-01-09,2098,47977,0.0437292869499969,19366
"Omicron (XBB*)",2023-01-16,1633,41076,0.0397555750316487,19373
"Omicron (XBB*)",2023-01-23,1421,37568,0.0378247444633731,19380
"Omicron (XBB*)",2023-01-30,1371,32922,0.0416438855476581,19387
"Omicron (XBB*)",2023-02-06,1131,26059,0.0434015119536437,19394
"Omicron (XBB*)",2023-02-13,895,12055,0.0742430526752385,19401
"Omicron (XBB*)",2023-02-20,41,1932,0.0212215320910973,19408
"Omicron (XBB.1.5*)",2022-01-03,1,319672,3.12820641157186e-06,18995
"Omicron (XBB.1.5*)",2022-01-17,1,297720,3.35886067445922e-06,19009
"Omicron (XBB.1.5*)",2022-01-24,2,259738,7.70006699058282e-06,19016
"Omicron (XBB.1.5*)",2022-02-14,1,220400,4.53720508166969e-06,19037
"Omicron (XBB.1.5*)",2022-07-25,1,107756,9.2802256950889e-06,19198
"Omicron (XBB.1.5*)",2022-08-01,3,97772,3.06836313054862e-05,19205
"Omicron (XBB.1.5*)",2022-10-17,3,63268,4.74173357779604e-05,19282
"Omicron (XBB.1.5*)",2022-10-24,5,62540,7.99488327470419e-05,19289
"Omicron (XBB.1.5*)",2022-10-31,17,59825,0.000284162139573757,19296
"Omicron (XBB.1.5*)",2022-11-07,35,65397,0.000535192745844611,19303
"Omicron (XBB.1.5*)",2022-11-14,98,64613,0.00151672264095461,19310
"Omicron (XBB.1.5*)",2022-11-21,215,68283,0.00314866072082363,19317
"Omicron (XBB.1.5*)",2022-11-28,610,77055,0.00791642333398222,19324
"Omicron (XBB.1.5*)",2022-12-05,1143,78655,0.0145318161591761,19331
"Omicron (XBB.1.5*)",2022-12-12,1764,78325,0.0225215448451963,19338
"Omicron (XBB.1.5*)",2022-12-19,2211,67584,0.03271484375,19345
"Omicron (XBB.1.5*)",2022-12-26,3161,62198,0.0508215698253963,19352
"Omicron (XBB.1.5*)",2023-01-02,4799,59685,0.0804054620088799,19359
"Omicron (XBB.1.5*)",2023-01-09,6168,47977,0.1285616024345,19366
"Omicron (XBB.1.5*)",2023-01-16,7971,41076,0.19405492258253,19373
"Omicron (XBB.1.5*)",2023-01-23,9915,37568,0.263921422487223,19380
"Omicron (XBB.1.5*)",2023-01-30,10852,32922,0.329627604641273,19387
"Omicron (XBB.1.5*)",2023-02-06,10281,26059,0.394527802294793,19394
"Omicron (XBB.1.5*)",2023-02-13,4463,12055,0.370219825798424,19401
"Omicron (XBB.1.5*)",2023-02-20,840,1932,0.434782608695652,19408
"Omicron (XBB.1.5*)",2023-02-27,4,5,0.8,19415
"Omicron (XBB.1.9.1*+1.9.2*)",2022-11-21,2,68283,2.92898671704524e-05,19317
"Omicron (XBB.1.9.1*+1.9.2*)",2022-11-28,1,77055,1.29777431704627e-05,19324
"Omicron (XBB.1.9.1*+1.9.2*)",2022-12-05,1,78655,1.27137499205391e-05,19331
"Omicron (XBB.1.9.1*+1.9.2*)",2022-12-12,3,78325,3.830194701564e-05,19338
"Omicron (XBB.1.9.1*+1.9.2*)",2022-12-19,5,67584,7.39820075757576e-05,19345
"Omicron (XBB.1.9.1*+1.9.2*)",2022-12-26,19,62198,0.000305476060323483,19352
"Omicron (XBB.1.9.1*+1.9.2*)",2023-01-02,50,59685,0.000837731423305688,19359
"Omicron (XBB.1.9.1*+1.9.2*)",2023-01-09,61,47977,0.00127144256622965,19366
"Omicron (XBB.1.9.1*+1.9.2*)",2023-01-16,135,41076,0.00328659070990359,19373
"Omicron (XBB.1.9.1*+1.9.2*)",2023-01-23,207,37568,0.00551000851788756,19380
"Omicron (XBB.1.9.1*+1.9.2*)",2023-01-30,436,32922,0.0132434238503129,19387
"Omicron (XBB.1.9.1*+1.9.2*)",2023-02-06,593,26059,0.0227560535707433,19394
"Omicron (XBB.1.9.1*+1.9.2*)",2023-02-13,375,12055,0.0311074243052675,19401
"Omicron (XBB.1.9.1*+1.9.2*)",2023-02-20,113,1932,0.0584886128364389,19408
"Omicron (XBB.1.9.1*+1.9.2*)",2023-02-27,1,5,0.2,19415
