NIS,Gemeente,Regio,NONVAC,INC,POP,PROV,TAXINC,TAXPCT,POPDENS,RAND,INC2020,PCTMIGR,PCTNOTBORNINB,CUMULCASES,MEAN_AGE
52022,Fontaine-l’Evêque,Wallonia,0.348627429,228.2977894,17959,Hainaut,15725,0.07,28.660272,no,7995.990868,0.467565009,0.135530932,2633,40.917
57095,Mont-de-l’Enclus,Wallonia,0.259034556,316.5391717,3791,Hainaut,18864,0.427,27.157984,no,6858.348721,0.132418887,0.058295964,407,40.161
25014,Eigenbrakel,Wallonia,0.279150974,366.6475445,40093,BrabantWallon,21790,0.82,52.318584,no,5953.657746,0.333898686,0.165290699,4236,40.86
25015,Kasteelbrakel,Wallonia,0.298613749,341.8154197,10532,BrabantWallon,21686,0.808,22.751678,no,6323.585264,0.297189518,0.123528295,1205,40.607
21019,Sint-Pieters-Woluwe,Brussels,0.348199829,376.2263073,41996,Brussels,21253,0.753,8.94038,no,5245.737689,0.580221926,0.409681874,4417,41.92
62108,Wezet,Wallonia,0.349118388,710.8872096,17865,Liège,17639,0.25,27.727825,no,9415.057375,0.378001679,0.156171285,2656,41.074
21002,Oudergem,Brussels,0.370849293,385.9113556,34723,Brussels,19279,0.474,8.972027,no,5281.801688,0.553696397,0.364859027,3754,40.461
21017,Watermaal-Bosvoorde,Brussels,0.376234091,392.5300345,25221,Brussels,20767,0.698,12.97693,no,6038.618611,0.478014353,0.286903771,3034,42.516
63001,Amel,Wallonia,0.377693283,525.0769509,5523,Liège,17364,0.212,125.888165,no,6807.89426,0.132355604,0.083107007,683,40.93
21018,Sint-Lambrechts-Woluwe,Brussels,0.381210136,461.9893122,58010,Brussels,17886,0.277,7.296997,no,5424.926737,0.636373039,0.443595932,6426,41.104
21016,Ukkel,Brussels,0.39036733,434.0953594,84774,Brussels,20993,0.731,22.865263,no,5954.655909,0.616214877,0.40597353,10160,41.864
21009,Elsene,Brussels,0.406410022,386.3386979,87488,Brussels,16725,0.137,6.406543,no,5830.513899,0.759738478,0.568569404,10803,37.786
62063,Luik,Wallonia,0.411664018,487.019603,196296,Liège,15203,0.044,68.650173,no,8034.295146,0.548421771,0.297250071,25465,40.453
62093,Saint-Nicolas (Luik),Wallonia,0.427929784,477.9957145,24268,Liège,13722,0.017,6.905785,no,9353.881655,0.695813417,0.280698863,3673,40.537
21013,Sint-Gillis,Brussels,0.482884787,617.9364176,49196,Brussels,14089,0.022,2.526967,no,6681.437515,0.811671681,0.561427758,6913,35.609
21007,Vorst (Brussel-Hoofdstad),Brussels,0.488264245,628.9866918,56281,Brussels,15198,0.043,6.304012,no,6647.003429,0.737033812,0.440805956,7896,37.891
21003,Sint-Agatha-Berchem,Brussels,0.504461303,518.8475296,25441,Brussels,15509,0.056,2.947761,no,7542.942494,0.689281082,0.339373452,3721,39.048
21004,Brussel,Brussels,0.555356417,552.6546684,186916,Brussels,13029,0.012,33.075721,no,6626.506024,0.815804961,0.505039697,25180,35.748
21015,Schaarbeek,Brussels,0.555705168,594.8984793,131451,Brussels,12389,0.006,7.898012,no,6880.130239,0.807974074,0.477288115,18771,34.639
21014,Sint-Joost-ten-Node,Brussels,0.591395074,637.8115322,27124,Brussels,9491,,1.177186,no,7535.761687,0.91063265,0.597699454,4057,32.994
21012,Sint-Jans-Molenbeek,Brussels,0.622186888,728.7589693,98112,Brussels,10643,0.001,6.005614,no,8232.428245,0.854136089,0.44810013,15272,34.819
38014,Koksijde,Flanders,0.130514369,27.45744097,21852,WestVlaanderen,26677,0.987,50.360553,no,2759.472817,0.1105162,0.0811825,1212,50.202
24109,Tremelo,Flanders,0.141857676,46.64179104,15008,VlaamsBrabant,22596,0.893,21.88894,no,3118.336887,0.09315032,0.054570896,746,42.537
35011,Middelkerke,Flanders,0.14449075,20.32933523,19676,WestVlaanderen,19430,0.498,79.038822,no,3466.151657,0.091278715,0.062919293,1459,47.996
24134,Scherpenheuvel-Zichem,Flanders,0.146142209,146.9634753,23135,VlaamsBrabant,20491,0.656,51.149678,no,2891.722498,0.102874433,0.066090339,1334,43.898
31012,Jabbeke,Flanders,0.147858817,63.91591506,14081,WestVlaanderen,22415,0.874,53.859995,no,3771.038989,0.062282508,0.041048221,1104,42.028
24007,Begijnendijk,Flanders,0.148033327,106.5684945,10322,VlaamsBrabant,21909,0.837,17.655211,no,2557.643867,0.074404185,0.045436931,482,42.602
35029,De Haan,Flanders,0.15059817,31.27687857,12789,WestVlaanderen,22354,0.867,46.142178,no,3346.626007,0.109390883,0.072796935,821,47.738
24008,Bekkevoort,Flanders,0.153434152,,6348,VlaamsBrabant,21227,0.75,37.280295,no,2536.231884,0.086326402,0.054977946,410,42.28
73098,Wellen,Flanders,0.153918791,53.95926076,7413,Limburg,19843,0.558,26.802744,no,2171.860246,0.091326049,0.041278834,476,41.572
24130,Zoutleeuw,Flanders,0.154026492,117.2195522,8531,VlaamsBrabant,20263,0.617,46.84517,no,2555.386238,0.108545305,0.061540265,573,43.126
12007,Bornem,Flanders,0.154517454,84.00224006,21428,Antwerpen,22363,0.868,46.187102,no,3486.092962,0.116903117,0.059781594,1520,42.319
24137,Glabbeek,Flanders,0.155805243,37.45318352,5340,VlaamsBrabant,22084,0.844,26.991184,no,2659.17603,0.079400749,0.048876404,280,42.119
71020,Halen,Flanders,0.158547009,10.68376068,9360,Limburg,20163,0.601,36.596346,no,3130.34188,0.112179487,0.0625,543,42.325
24133,Linter,Flanders,0.159382325,110.2991865,7253,VlaamsBrabant,20933,0.724,36.871924,no,2150.834138,0.090445333,0.051840618,367,40.892
12005,Bonheiden,Flanders,0.15958358,125.1894314,15177,Antwerpen,25682,0.982,29.192193,no,2609.211307,0.129933452,0.068590631,906,44.059
38016,Nieuwpoort,Flanders,0.159681152,17.14236736,11667,WestVlaanderen,20522,0.667,33.283749,no,3145.624411,0.114853861,0.085454701,865,47.901
11055,Zoersel,Flanders,0.15992232,198.7173697,22142,Antwerpen,22659,0.898,38.684406,no,3924.668052,0.111597868,0.063363743,1698,42.505
31006,Damme,Flanders,0.160393694,63.79294632,10973,WestVlaanderen,21154,0.741,90.355462,no,2870.682585,0.080743643,0.051398888,674,43.084
31043,Knokke-Heist,Flanders,0.160672188,108.8073505,33086,WestVlaanderen,27005,0.993,61.593689,no,3521.126761,0.164601342,0.116121622,2371,49.615
31004,Blankenberge,Flanders,0.160994189,68.36271302,20479,WestVlaanderen,19095,0.444,19.018114,no,3173.983105,0.147565799,0.100835002,1125,47.677
44084,Aalter,Flanders,0.1610013,177.8264141,29242,OostVlaanderen,21363,0.774,119.852605,no,3433.417687,0.077593872,0.052663976,2136,41.338
31040,Zedelgem,Flanders,0.161259334,144.098511,22901,WestVlaanderen,20420,0.636,60.659728,no,3943.059255,0.059953714,0.03934326,1691,41.116
44048,Nazareth,Flanders,0.161263087,67.5447484,11844,OostVlaanderen,22598,0.894,35.434929,no,4609.929078,0.096757852,0.061043566,1080,42.299
33040,Langemark-Poelkapelle,Flanders,0.161417825,114.7520082,7843,WestVlaanderen,18276,0.32,53.066352,no,4985.337243,0.080198903,0.049088359,818,40.282
24011,Bierbeek,Flanders,0.16146753,147.1453796,10194,VlaamsBrabant,25717,0.984,38.964977,no,2167.941927,0.130272709,0.084951933,468,41.21
42003,Berlare,Flanders,0.161608199,98.54158455,15222,OostVlaanderen,20439,0.643,38.227973,no,4105.899356,0.080344239,0.047037183,1184,41.503
24001,Aarschot,Flanders,0.161751593,75.95521944,30281,VlaamsBrabant,21345,0.768,63.040419,no,2605.594267,0.117004062,0.075955219,1485,43.9
24033,Haacht,Flanders,0.161803714,46.41909814,15080,VlaamsBrabant,23188,0.922,30.735604,no,2553.050398,0.098607427,0.056564987,756,41.544
73009,Borgloon,Flanders,0.161826845,152.836465,11123,Limburg,19235,0.462,51.322043,no,3056.7293,0.143846085,0.09053313,697,43.511
41081,Zottegem,Flanders,0.163144014,66.86230081,26921,OostVlaanderen,22172,0.851,57.461033,no,4260.61439,0.106162475,0.063630623,2341,43.743
24048,Keerbergen,Flanders,0.163237206,137.6883653,13073,VlaamsBrabant,28222,0.998,18.542889,no,2524.286698,0.144572784,0.092174711,777,42.902
45062,Horebeke,Flanders,0.163265306,,2009,OostVlaanderen,22448,0.877,11.246913,no,5126.92882,0.036834246,0.020905923,174,43.666
31003,Beernem,Flanders,0.163774061,176.7118965,15845,WestVlaanderen,20320,0.627,72.41838,no,3445.881982,0.066393184,0.042221521,1173,42.095
42026,Wichelen,Flanders,0.164328486,42.77159966,11690,OostVlaanderen,21279,0.76,23.198271,no,4046.193328,0.085115483,0.04867408,920,42.051
31042,Zuienkerke,Flanders,0.165090909,109.0909091,2750,WestVlaanderen,21894,0.834,48.896795,no,2363.636364,0.067272727,0.039272727,157,42.164
44020,Gavere,Flanders,0.165526255,76.8816791,13007,OostVlaanderen,22555,0.887,31.597074,no,3936.34197,0.078496194,0.044437611,1121,41.88
42010,Laarne,Flanders,0.165629294,32.33368361,12371,OostVlaanderen,22526,0.884,32.58059,no,4348.880446,0.068466575,0.03880042,1078,41.981
24043,Holsbeek,Flanders,0.165746945,19.70831691,10148,VlaamsBrabant,23873,0.951,38.777426,no,2315.727237,0.107903035,0.064741821,480,40.808
13049,Westerlo,Flanders,0.165849415,43.49889276,25288,Antwerpen,20440,0.646,55.467875,no,2554.571338,0.104871876,0.062757039,1277,41.495
44012,De Pinte,Flanders,0.165878071,81.89262966,10990,OostVlaanderen,26925,0.989,17.781434,no,3230.209281,0.104185623,0.068243858,736,42.727
12029,Putte,Flanders,0.165884367,121.4865536,18109,Antwerpen,20879,0.712,35.158102,no,2556.739743,0.102821801,0.060356729,1075,42.886
12014,Heist-op-den-Berg,Flanders,0.166279933,111.3792463,43096,Antwerpen,20354,0.629,86.674846,no,2719.509931,0.089729905,0.054854279,2600,42.722
11057,Malle,Flanders,0.166645327,102.4327785,15620,Antwerpen,20436,0.639,51.90154,no,3828.425096,0.139692702,0.083802817,1224,41.219
44034,Lochristi,Flanders,0.166791919,88.41342116,22621,OostVlaanderen,22586,0.889,60.6613,no,4151.010123,0.104460457,0.0599443,1970,39.732
24054,Kortenaken,Flanders,0.167004305,63.30716637,7898,VlaamsBrabant,20371,0.632,49.436792,no,2874.145353,0.070650798,0.037731071,451,43.525
45064,Maarkedal,Flanders,0.167243005,,6362,OostVlaanderen,22349,0.865,46.154702,no,4856.963219,0.04558315,0.029707639,609,43.293
13010,Grobbendonk,Flanders,0.16730376,71.11743266,11249,Antwerpen,21302,0.762,28.367354,no,2613.56565,0.105164904,0.060005334,580,42.059
13013,Herselt,Flanders,0.167451703,40.9584272,14649,Antwerpen,20023,0.579,52.371898,no,2457.505632,0.078844972,0.048194416,706,43.158
38025,Veurne,Flanders,0.1680907,65.72461387,12172,WestVlaanderen,18665,0.379,97.207777,no,2357.870523,0.088563917,0.05356556,819,43.575
71024,Herk-de-Stad,Flanders,0.168921044,86.50519031,12716,Limburg,20661,0.684,43.028801,no,2319.911922,0.111434413,0.06031771,667,41.62
31022,Oostkamp,Flanders,0.168932528,58.74454515,23832,WestVlaanderen,21183,0.746,80.126911,no,3780.631084,0.077962403,0.051527358,1728,41.667
24094,Rotselaar,Flanders,0.168959663,128.7980797,17081,VlaamsBrabant,23720,0.946,37.22155,no,2242.257479,0.10362391,0.063755049,825,41.165
42004,Buggenhout,Flanders,0.169038056,95.30941521,14689,OostVlaanderen,21833,0.831,25.640283,no,3294.98264,0.096534822,0.053781741,1018,41.985
34025,Lendelede,Flanders,0.169268123,104.0582726,5766,WestVlaanderen,19544,0.506,13.268932,no,5913.978495,0.071626778,0.048213666,562,42.584
73001,Alken,Flanders,0.169276851,111.2537441,11685,Limburg,20875,0.71,28.23525,no,3679.931536,0.122207959,0.065982028,803,41.87
13044,Vorselaar,Flanders,0.169480926,37.52345216,7995,Antwerpen,20236,0.613,27.623456,no,2851.782364,0.078549093,0.043652283,391,41.303
71053,Sint-Truiden,Flanders,0.16973642,108.4892867,40557,Limburg,19677,0.539,107.118093,no,3496.31383,0.182385285,0.11524521,3362,43.068
13019,Lille,Flanders,0.170067203,42.38057759,16517,Antwerpen,20269,0.62,59.619246,no,3190.652055,0.092995096,0.049100926,1001,39.403
45059,Brakel,Flanders,0.170098903,101.6122477,14762,OostVlaanderen,20666,0.686,56.962926,no,4044.167457,0.074651131,0.042744886,1181,43.396
11035,Ranst,Flanders,0.170138709,129.8768767,19249,Antwerpen,22836,0.908,43.673413,no,3174.190867,0.095121825,0.046807626,1284,41.515
36011,Lichtervelde,Flanders,0.170274492,390.5378264,8962,WestVlaanderen,18837,0.422,26.157806,no,4485.605892,0.055679536,0.037380049,823,41.513
45063,Lierde,Flanders,0.170389375,60.3682463,6626,OostVlaanderen,20904,0.718,26.315609,no,4029.580441,0.056897072,0.029882282,599,42.153
24135,Tielt-Winge,Flanders,0.170727223,55.16226901,10877,VlaamsBrabant,21802,0.822,44.523012,no,1967.454261,0.100946952,0.061597867,511,41.793
24066,Lubbeek,Flanders,0.17083107,74.68766974,14728,VlaamsBrabant,25539,0.979,45.279028,no,2824.551874,0.12629006,0.081002173,798,42.422
45065,Zwalm,Flanders,0.170963035,206.7120623,8224,OostVlaanderen,22253,0.863,33.877762,no,4571.984436,0.048638132,0.026142996,780,41.643
11054,Zandhoven,Flanders,0.171594026,53.33739714,13124,Antwerpen,21574,0.794,40.098696,no,3139.286803,0.102331606,0.05470893,831,42.578
13053,Laakdal,Flanders,0.171730191,36.82563064,16293,Antwerpen,19803,0.553,42.430041,no,2798.747929,0.102006997,0.058430001,897,42.394
31033,Torhout,Flanders,0.171839922,78.08687164,20490,WestVlaanderen,19386,0.486,45.324632,no,5592.972182,0.082625671,0.05602733,1953,42.626
41063,Sint-Lievens-Houtem,Flanders,0.171949589,95.47450831,10474,OostVlaanderen,21614,0.8,27.052736,no,4620.966202,0.076093183,0.048023678,941,41.957
44085,Lievegem,Flanders,0.171967777,94.55013048,26441,OostVlaanderen,21273,0.756,80.779965,no,2995.348134,0.09436103,0.051737831,1797,39.823
44052,Oosterzele,Flanders,0.172561863,138.2823872,13740,OostVlaanderen,22507,0.882,43.568789,no,3413.391557,0.056113537,0.033114993,1012,41.304
34002,Anzegem,Flanders,0.17278545,87.57157292,14845,WestVlaanderen,20439,0.643,42.353509,no,4499.831593,0.067969013,0.038666218,1366,41.346
13012,Herenthout,Flanders,0.172999456,108.8731628,9185,Antwerpen,19666,0.536,23.608035,no,2645.617855,0.111812738,0.073380512,615,42.505
43010,Maldegem,Flanders,0.173011529,37.32271709,24114,OostVlaanderen,19623,0.522,95.633036,no,2616.737165,0.107447956,0.065729452,1564,42.343
73032,Hoeselt,Flanders,0.173203285,61.60164271,9740,Limburg,19118,0.45,30.103326,no,3223.819302,0.132032854,0.06550308,632,41.533
13017,Kasterlee,Flanders,0.173420113,47.239135,19052,Antwerpen,21275,0.758,72.266419,no,3054.797397,0.115945832,0.069808944,1171,41.379
73040,Kortessem,Flanders,0.173516523,82.90891863,8443,Limburg,20227,0.612,33.986711,no,3162.383039,0.133128035,0.062655454,513,41.304
41034,Lede,Flanders,0.173551106,115.9114858,18980,OostVlaanderen,21334,0.767,29.89281,no,4299.262381,0.091570074,0.054741834,1625,42.289
45068,Kruisem,Flanders,0.173777778,253.968254,15750,OostVlaanderen,21772,0.818,71.588816,no,5174.603175,0.06247619,0.036,1446,41.565
36006,Hooglede,Flanders,0.174206549,120.906801,9925,WestVlaanderen,19316,0.477,38.108791,no,6125.944584,0.069622166,0.047254408,1069,41.169
24028,Geetbets,Flanders,0.174692954,177.7634131,6188,VlaamsBrabant,19623,0.522,35.517686,no,2860.374919,0.102294764,0.058985133,463,42.768
44043,Merelbeke,Flanders,0.174704387,177.5697163,24779,OostVlaanderen,23557,0.941,37.001321,no,3656.321885,0.124379515,0.072198232,1980,41.488
44064,Sint-Martens-Latem,Flanders,0.174773687,12.07000604,8285,OostVlaanderen,30439,1,14.45184,no,3681.351841,0.106216053,0.070488835,737,43.917
41082,Erpe-Mere,Flanders,0.174800355,64.08360446,20286,OostVlaanderen,21811,0.824,34.411704,no,4978.803115,0.117864537,0.066942719,1848,43.164
43014,Sint-Laureins,Flanders,0.175025293,28.90591126,6919,OostVlaanderen,19586,0.517,74.535454,no,2023.413788,0.106229224,0.072842896,391,43.646
13016,Hulshout,Flanders,0.1753056,9.475978395,10553,Antwerpen,20284,0.625,17.378706,no,2634.321994,0.077797783,0.044631858,518,41.407
43007,Kaprijke,Flanders,0.17532268,,6508,OostVlaanderen,21305,0.763,33.63893,no,2304.855562,0.076521205,0.04409957,396,42.395
35002,Bredene,Flanders,0.175826606,105.0536326,18086,WestVlaanderen,19609,0.518,14.2517,no,2775.627557,0.132533451,0.080725423,1284,42.044
41027,Herzele,Flanders,0.176224612,173.7808189,18414,OostVlaanderen,21512,0.789,47.905788,no,4246.768763,0.095307918,0.055121104,1651,41.653
24014,Boortmeerbeek,Flanders,0.176461333,70.80481473,12711,VlaamsBrabant,24394,0.967,18.771756,no,2100.542837,0.129100779,0.070096767,547,42.072
12041,Puurs-Sint-Amands,Flanders,0.17670177,114.4688645,26208,Antwerpen,22140,0.848,49.138667,no,3907.203907,0.12736569,0.065094628,1867,41.597
23024,Gooik,Flanders,0.176706392,433.3694475,9230,VlaamsBrabant,22491,0.881,40.214088,no,4322.860238,0.103900325,0.048212351,818,42.033
43002,Assenede,Flanders,0.176978217,69.59426543,14369,OostVlaanderen,20489,0.655,87.498855,no,2797.68947,0.109680562,0.062774027,917,42.806
73022,Heers,Flanders,0.177408366,68.12917291,7339,Limburg,18459,0.351,53.059617,no,3052.186946,0.139119771,0.07412454,513,42.65
71045,Nieuwerkerken (Hasselt),Flanders,0.177428491,113.2823563,7062,Limburg,19560,0.513,22.509333,no,3440.951572,0.105352591,0.065420561,564,42.692
13029,Olen,Flanders,0.177539683,39.68253968,12600,Antwerpen,20001,0.572,23.123991,no,3849.206349,0.11452381,0.063650794,819,40.678
23039,Kapelle-op-den-Bos,Flanders,0.177656447,104.9979,9524,VlaamsBrabant,22814,0.905,15.367516,no,5060.898782,0.143637127,0.068563629,794,42.017
45061,Wortegem-Petegem,Flanders,0.177657099,155.159038,6445,OostVlaanderen,22381,0.87,42.471584,no,5290.923196,0.063615206,0.035221102,622,41.365
44083,Deinze,Flanders,0.177746915,93.34729748,43922,OostVlaanderen,21217,0.748,128.027316,no,4537.589363,0.112016757,0.072765357,3796,41.829
24038,Herent,Flanders,0.177855393,86.18343464,22046,VlaamsBrabant,25547,0.981,32.737414,no,2458.495872,0.165789712,0.099836705,1106,40.422
11009,Brecht,Flanders,0.178201214,70.44852226,29809,Antwerpen,21495,0.786,91.446219,no,3418.430675,0.149652789,0.081753833,2025,40.682
37018,Wingene,Flanders,0.178583577,34.01591945,14699,WestVlaanderen,18868,0.429,68.53632,no,5013.946527,0.057214777,0.039050276,1381,40.914
33011,Ieper,Flanders,0.178691995,74.38347542,34954,WestVlaanderen,19003,0.437,131.455422,no,4769.125136,0.129913601,0.077873777,2927,42.94
35014,Oudenburg,Flanders,0.178763441,134.4086022,9672,WestVlaanderen,19521,0.505,35.60345,no,2936.311001,0.085711332,0.056555004,678,42.649
45035,Oudenaarde,Flanders,0.179020537,126.3823065,31650,OostVlaanderen,20834,0.701,68.91916,no,4464.454976,0.12300158,0.082622433,2651,42.327
35006,Ichtegem,Flanders,0.17912994,184.8166051,14068,WestVlaanderen,18221,0.317,45.778297,no,5096.673301,0.061273813,0.035897071,1314,41.247
11025,Lint,Flanders,0.179475219,93.29446064,8575,Antwerpen,23602,0.944,5.649824,no,2938.77551,0.137376093,0.075335277,576,42.983
42006,Dendermonde,Flanders,0.179680539,132.5654678,46015,OostVlaanderen,20267,0.618,56.522521,no,4392.046072,0.148886233,0.086428339,4424,42.413
34009,Deerlijk,Flanders,0.180019701,73.87949434,12182,WestVlaanderen,19841,0.556,16.973221,no,5688.721064,0.096125431,0.055737974,1249,42.037
24016,Boutersem,Flanders,0.180021821,48.49072615,8249,VlaamsBrabant,23426,0.936,31.141854,no,2703.357983,0.125712208,0.070069099,456,40.93
33021,Poperinge,Flanders,0.180178807,147.3128111,19686,WestVlaanderen,17647,0.251,120.370393,no,5816.316164,0.097785228,0.047241695,1936,41.976
33037,Zonnebeke,Flanders,0.180401247,31.97186476,12511,WestVlaanderen,18286,0.322,68.093414,no,5595.076333,0.067060986,0.034289825,1186,40.523
44019,Evergem,Flanders,0.180492303,187.1978989,35791,OostVlaanderen,20885,0.713,75.373222,no,3302.506217,0.12930625,0.065714845,2929,42.116
46020,Sint-Gillis-Waas,Flanders,0.180755487,142.9300664,19590,OostVlaanderen,20950,0.727,55.489395,no,5400.71465,0.172179684,0.090301174,1774,40.643
71011,Diepenbeek,Flanders,0.180821632,219.2410085,19157,Limburg,20179,0.603,41.409976,no,2844.913087,0.153990708,0.073028136,1147,41.201
24020,Diest,Flanders,0.180919163,188.756668,24370,VlaamsBrabant,21024,0.734,58.718198,no,2917.521543,0.197414854,0.114690193,1427,42.822
11021,Hove (Antwerpen),Flanders,0.181006396,24.13418607,8287,Antwerpen,26539,0.986,6.01892,no,3390.853143,0.122722336,0.066731024,571,43.035
32003,Diksmuide,Flanders,0.181445138,59.47071067,16815,WestVlaanderen,17859,0.274,150.737469,no,3300.624442,0.082664288,0.057508177,1477,41.808
23023,Galmaarden,Flanders,0.181529385,238.2573179,8814,VlaamsBrabant,21701,0.81,35.290474,no,4753.800771,0.096097118,0.043680508,778,41.31
45060,Kluisbergen,Flanders,0.181682131,119.7246333,6682,OostVlaanderen,20424,0.637,30.634293,no,5447.470817,0.071086501,0.04055672,618,40.992
13046,Vosselaar,Flanders,0.181683125,87.38967054,11443,Antwerpen,22588,0.891,11.832645,no,2787.73049,0.147601154,0.083544525,680,41.043
46003,Beveren (Sint-Niklaas),Flanders,0.18181077,89.68244262,49062,OostVlaanderen,21433,0.779,152.687799,no,4610.492846,0.158737923,0.092739799,4352,41.811
71037,Lummen,Flanders,0.181890494,92.8012727,15086,Limburg,20576,0.674,53.699452,no,1942.198064,0.128596049,0.066087763,696,42.248
11023,Kapellen (Antwerpen),Flanders,0.181942041,81.01042089,27157,Antwerpen,23872,0.95,37.220817,no,3722.797069,0.198770115,0.1233936,2021,43.303
12026,Nijlen,Flanders,0.182249293,65.25995214,22985,Antwerpen,20360,0.631,39.195366,no,2762.671307,0.086273657,0.045594953,1476,42.131
31005,Brugge,Flanders,0.182253286,120.7087206,118467,WestVlaanderen,21110,0.739,140.987787,no,3092.844421,0.158297247,0.111777963,8118,43.761
11039,Schilde,Flanders,0.182534504,65.2446675,19925,Antwerpen,26972,0.991,36.089107,no,3859.473024,0.187001255,0.107954831,1498,44.498
71057,Tessenderlo,Flanders,0.182670409,47.66696679,18881,Limburg,20604,0.677,51.639078,no,2600.497855,0.151527991,0.078226789,1127,41.249
32010,Koekelare,Flanders,0.182847341,22.87021155,8745,WestVlaanderen,18177,0.312,39.439302,no,5809.033734,0.047913093,0.027329903,859,42.177
24086,Oud-Heverlee,Flanders,0.183067178,267.6420733,11209,VlaamsBrabant,27513,0.994,31.182503,no,2239.272014,0.138906236,0.090284593,585,41.17
41024,Haaltert,Flanders,0.183093373,95.27842473,18892,OostVlaanderen,21369,0.775,30.51936,no,4827.440186,0.109093796,0.058172772,1713,42.663
36010,Ledegem,Flanders,0.183221822,30.88008235,9715,WestVlaanderen,18432,0.344,24.830355,no,6525.990736,0.074523932,0.04734946,1171,41.48
36012,Moorslede,Flanders,0.183660987,43.68719965,11445,WestVlaanderen,18343,0.329,35.447408,no,6308.43163,0.083879423,0.051813019,1320,42.554
72004,Bree,Flanders,0.183947319,99.39740324,16097,Limburg,18491,0.356,64.983558,no,2882.524694,0.184630677,0.112008449,1121,41.849
34042,Zwevegem,Flanders,0.184082405,84.49684143,24853,WestVlaanderen,19995,0.57,63.608851,no,4719.752143,0.086146542,0.048364383,2221,41.626
72030,Peer,Flanders,0.184093539,66.98739419,16421,Limburg,18632,0.372,87.235003,no,2314.109981,0.151817794,0.086413739,983,40.502
13004,Beerse,Flanders,0.184401451,98.93371441,18194,Antwerpen,20890,0.715,37.359321,no,3869.407497,0.149225019,0.083544026,1315,39.76
32011,Kortemark,Flanders,0.184571922,125.5591305,12743,WestVlaanderen,18050,0.298,55.431875,no,4841.87397,0.056187711,0.033900965,1306,42.372
46024,Stekene,Flanders,0.184647193,90.12352224,18863,OostVlaanderen,20391,0.634,45.263498,no,4135.079256,0.150453268,0.080103907,1605,41.526
11004,Boechout,Flanders,0.184815554,125.6745768,13527,Antwerpen,22945,0.912,20.707945,no,3489.317661,0.146891402,0.082279885,1001,41.518
72042,Oudsbergen,Flanders,0.185119048,127.5510204,23520,Limburg,18644,0.377,116.369765,no,3069.727891,0.185629252,0.074234694,1624,39.2
44040,Melle,Flanders,0.185197759,254.6257002,11782,OostVlaanderen,22760,0.903,15.338686,no,4430.487184,0.130962485,0.074520455,1074,41.894
11037,Rumst,Flanders,0.185263436,257.4937277,15146,Antwerpen,22456,0.879,20.150267,no,3604.912188,0.15324178,0.075861614,1084,41.916
13011,Herentals,Flanders,0.18528765,85.12449457,28194,Antwerpen,20483,0.651,47.948712,no,3064.481805,0.157905937,0.103071576,1801,42.519
37011,Pittem,Flanders,0.185288915,88.44339623,6784,WestVlaanderen,18691,0.386,34.685682,no,6014.150943,0.072670991,0.05365566,716,41.246
35005,Gistel,Flanders,0.185429917,74.33716032,12107,WestVlaanderen,19345,0.482,42.83752,no,3626.001487,0.088048237,0.056413645,897,41.015
37007,Meulebeke,Flanders,0.185576481,128.6173633,10885,WestVlaanderen,18689,0.384,29.490399,no,5135.507579,0.105741847,0.07073955,1212,41.754
23096,Zemst,Flanders,0.185725315,184.4385348,23314,VlaamsBrabant,24570,0.97,43.228749,no,3328.472163,0.15029596,0.065840268,1471,41.074
23064,Pepingen,Flanders,0.186041343,66.68148477,4499,VlaamsBrabant,23173,0.918,35.928348,no,5378.973105,0.087130473,0.04267615,399,40.855
12002,Berlaar,Flanders,0.186678053,247.6515798,11710,Antwerpen,20049,0.586,24.525238,no,2331.340734,0.114261315,0.068573868,699,42.615
73083,Tongeren,Flanders,0.186683321,54.44529849,31224,Limburg,19009,0.441,87.813416,no,3964.898796,0.196163208,0.110299769,2152,43.398
11038,Schelle,Flanders,0.186704054,70.10164739,8559,Antwerpen,21508,0.787,7.825512,no,4217.782451,0.151886903,0.059936909,651,41.275
24041,Hoegaarden,Flanders,0.186760193,58.45389449,6843,VlaamsBrabant,23058,0.915,34.127788,no,2966.535145,0.135905305,0.076136198,373,40.619
44073,Wachtebeke,Flanders,0.186767924,51.48667782,7769,OostVlaanderen,20280,0.624,34.631538,no,5264.512807,0.144677565,0.079289484,715,42.373
12035,Sint-Katelijne-Waver,Flanders,0.186818889,155.6824079,21197,Antwerpen,21727,0.813,36.154891,no,3575.977733,0.160635939,0.084776148,1487,42.094
13006,Dessel,Flanders,0.186872347,165.6486179,9659,Antwerpen,18634,0.374,27.445976,no,3934.154674,0.155088518,0.095558546,724,41.223
36007,Ingelmunster,Flanders,0.187148092,98.310841,11189,WestVlaanderen,18811,0.418,16.426552,no,5246.22397,0.094110287,0.063544553,1187,42.467
34040,Waregem,Flanders,0.1880628,166.0827819,38535,WestVlaanderen,20223,0.61,44.499506,no,5070.714934,0.146957312,0.09131958,4355,41.827
13023,Merksplas,Flanders,0.188138347,174.0947075,8616,Antwerpen,19259,0.47,44.605955,no,5350.510678,0.178389044,0.111420613,793,39.53
42011,Lebbeke,Flanders,0.188343558,71.57464213,19560,OostVlaanderen,20198,0.605,27.305111,no,3957.055215,0.142944785,0.07305726,1535,41.542
71067,Zutendaal,Flanders,0.188477366,41.15226337,7290,Limburg,20505,0.663,32.112467,no,3086.419753,0.266803841,0.140466392,517,41.667
37020,Ardooie,Flanders,0.188503989,76.4943722,9151,WestVlaanderen,19139,0.451,34.918841,no,6414.599497,0.074090263,0.052125451,983,43.14
13036,Retie,Flanders,0.18874115,43.17043688,11582,Antwerpen,19414,0.494,48.502389,no,5059.575203,0.175962701,0.116214816,928,40.83
11001,Aartselaar,Flanders,0.188792805,110.6883431,14455,Antwerpen,23895,0.953,11.018926,no,4275.337254,0.191767554,0.098374265,1156,44.047
72003,Bocholt,Flanders,0.189617445,60.36369124,13253,Limburg,17627,0.248,59.288738,no,3229.457481,0.231419301,0.152041047,954,41.379
44013,Destelbergen,Flanders,0.19081518,198.0409998,18683,OostVlaanderen,23980,0.96,26.70569,no,3238.23797,0.143124766,0.078252957,1502,42.76
13021,Meerhout,Flanders,0.191944742,97.28572818,10279,Antwerpen,19438,0.5,36.539776,no,2714.271816,0.11226773,0.067127152,714,42.41
44045,Moerbeke (Gent),Flanders,0.192325125,15.10802236,6619,OostVlaanderen,20902,0.717,37.92923,no,4169.814171,0.121015259,0.062396132,481,41.629
23045,Londerzeel,Flanders,0.192469499,299.747581,19016,VlaamsBrabant,22238,0.858,36.525989,no,3765.250316,0.155816155,0.079301641,1512,40.006
42008,Hamme (Dendermonde),Flanders,0.192554043,76.06084868,24980,OostVlaanderen,19117,0.448,40.533386,no,4435.548439,0.15652522,0.089471577,2349,40.894
11044,Stabroek,Flanders,0.192880086,53.53319058,18680,Antwerpen,21595,0.798,21.422149,no,4036.40257,0.16627409,0.089346895,1349,40.32
36008,Izegem,Flanders,0.193002732,217.1324508,28554,WestVlaanderen,19169,0.455,25.635437,no,5487.847587,0.109651888,0.073895076,2838,42.626
13008,Geel,Flanders,0.193031068,76.01579167,40781,Antwerpen,20438,0.641,110.195891,no,3337.338466,0.164758098,0.109756995,2880,41.731
11024,Kontich,Flanders,0.193555974,211.6650988,21260,Antwerpen,23421,0.934,23.801148,no,3170.272813,0.156773283,0.091204139,1480,41.576
34041,Wevelgem,Flanders,0.194394185,79.35752151,31503,WestVlaanderen,19265,0.472,39.137351,no,4910.643431,0.105640733,0.060692632,3045,41.534
13003,Balen,Flanders,0.194416488,223.1654487,22853,Antwerpen,19231,0.46,72.987728,no,3964.46856,0.129567234,0.077276506,1577,41.573
24059,Landen,Flanders,0.195003427,174.4439599,16051,VlaamsBrabant,20757,0.696,53.301373,no,3613.482026,0.179241169,0.097750919,1197,42.542
38008,De Panne,Flanders,0.195067664,62.32193732,11232,WestVlaanderen,19546,0.508,26.627682,no,2359.330484,0.228098291,0.143963675,621,47.449
44081,Zulte,Flanders,0.195165057,170.4222685,15843,OostVlaanderen,20095,0.598,32.761114,no,5825.916809,0.094426561,0.063624314,1751,40.618
37012,Ruiselede,Flanders,0.195389478,130.135713,5379,WestVlaanderen,19665,0.531,30.623269,no,5205.428518,0.081799591,0.057445622,479,41.888
11022,Kalmthout,Flanders,0.195741325,126.1829653,19020,Antwerpen,21635,0.803,59.409054,no,3144.058885,0.214037855,0.127497371,1248,41.565
12009,Duffel,Flanders,0.196962854,152.4218133,17714,Antwerpen,21589,0.796,22.59809,no,3477.475443,0.158913853,0.09015468,1382,41.863
23038,Kampenhout,Flanders,0.197149837,97.71986971,12280,VlaamsBrabant,23919,0.955,33.648508,no,3729.641694,0.173208469,0.078338762,845,40.978
23032,Herne,Flanders,0.197882493,328.0644199,6706,VlaamsBrabant,22131,0.846,44.661353,no,4085.89323,0.118699672,0.057560394,521,41.965
24009,Bertem,Flanders,0.197939156,186.4573111,10190,VlaamsBrabant,23971,0.958,29.990651,no,2512.266928,0.188027478,0.118743867,570,40.372
73006,Bilzen,Flanders,0.198088271,104.4996312,32536,Limburg,18917,0.436,75.979398,no,3230.268011,0.218404229,0.114058274,2167,41.26
36019,Staden,Flanders,0.198132961,43.62240447,11462,WestVlaanderen,17729,0.258,46.81501,no,5592.392253,0.097016228,0.070057582,1445,42.074
35013,Oostende,Flanders,0.198522751,150.5121594,71755,WestVlaanderen,18877,0.432,40.952352,no,3286.182148,0.259285067,0.178119992,6031,46.728
11053,Wuustwezel,Flanders,0.198585215,74.95549517,21346,Antwerpen,19558,0.51,89.410502,no,3363.627846,0.198866298,0.109435023,1658,39.621
13025,Mol,Flanders,0.198698036,205.2888901,37021,Antwerpen,19710,0.543,114.547127,no,3973.420491,0.218767726,0.137219416,2885,42.216
37015,Tielt (Tielt),Flanders,0.198822952,132.4178519,20390,WestVlaanderen,19361,0.484,68.850423,no,6199.117214,0.142569887,0.097547818,2312,42.674
71066,Zonhoven,Flanders,0.199447022,243.6852711,21339,Limburg,20033,0.582,39.674365,no,2755.518066,0.191902151,0.074839496,1544,40.918
42025,Wetteren,Flanders,0.199687095,110.6616805,26206,OostVlaanderen,20054,0.587,37.015895,no,4350.148821,0.200908189,0.124322674,2315,42.227
34003,Avelgem,Flanders,0.199726803,39.02819787,10249,WestVlaanderen,18803,0.415,22.118343,no,4273.587667,0.094253098,0.049956093,881,41.983
11008,Brasschaat,Flanders,0.199785402,117.7671351,38211,Antwerpen,23280,0.925,38.581578,no,3514.694721,0.208238465,0.130564497,2665,43.602
24107,Tienen,Flanders,0.1998312,233.5068223,35545,VlaamsBrabant,19879,0.562,72.771069,no,3297.228865,0.230271487,0.139935293,2312,43.528
71017,Gingelom,Flanders,0.199857584,83.07619274,8426,Limburg,20062,0.593,56.342086,no,3536.672205,0.129598861,0.068003798,581,41.854
38002,Alveringem,Flanders,0.200437898,39.8089172,5024,WestVlaanderen,16680,0.129,80.708434,no,3622.611465,0.073845541,0.044386943,351,40.204
42023,Waasmunster,Flanders,0.200604839,137.4633431,10912,OostVlaanderen,23347,0.927,32.266805,no,4417.155425,0.137921554,0.075696481,976,42.205
23097,Roosdaal,Flanders,0.200633128,154.0041068,11688,VlaamsBrabant,22710,0.9,21.919017,no,5706.707734,0.147073922,0.062029432,1075,41.214
71069,Ham,Flanders,0.200707098,72.52289004,11031,Limburg,19395,0.487,32.787809,no,3272.595413,0.166168072,0.080319101,760,40.879
41018,Geraardsbergen,Flanders,0.200971445,135.4136002,33970,OostVlaanderen,19732,0.544,80.052636,no,4863.114513,0.158227848,0.089402414,3222,42.249
13037,Rijkevorsel,Flanders,0.20119067,65.24221171,12262,Antwerpen,18734,0.394,46.855436,no,4787.147284,0.16636764,0.094519654,1122,39.918
46013,Kruibeke,Flanders,0.202144772,190.6464105,16785,OostVlaanderen,20868,0.708,33.527694,no,4801.906464,0.149836163,0.076854334,1518,41.158
37002,Dentergem,Flanders,0.202568255,92.54974549,8644,WestVlaanderen,19004,0.439,26.089424,no,5865.34012,0.085608515,0.055876909,963,41.191
43005,Eeklo,Flanders,0.203489721,106.7334911,21549,OostVlaanderen,18738,0.396,30.449078,no,2598.728479,0.183024734,0.126177549,1329,42.824
72020,Lommel,Flanders,0.203561524,108.0134287,34255,Limburg,18772,0.408,102.279892,no,3231.645015,0.295051817,0.190979419,2856,42.064
33041,Vleteren,Flanders,0.203891477,,3649,WestVlaanderen,16641,0.127,38.575598,no,5152.096465,0.069608112,0.035626199,283,41.114
34023,Kuurne,Flanders,0.204074235,28.99811512,13794,WestVlaanderen,18725,0.393,10.111692,no,4052.486588,0.149630274,0.087936784,1259,42.545
32006,Houthulst,Flanders,0.204523203,19.5809673,10214,WestVlaanderen,17257,0.198,56.02097,no,4033.679264,0.077442726,0.04777756,1129,40.764
72043,Pelt,Flanders,0.204894707,116.8259294,33383,Limburg,18675,0.381,83.782194,no,2444.357907,0.291525627,0.19000689,2291,41.8
71022,Hasselt,Flanders,0.20527507,163.1073854,79089,Limburg,21162,0.743,102.688009,no,2723.514016,0.232851598,0.134645779,5162,43.107
11050,Wijnegem,Flanders,0.205474018,158.6671956,10084,Antwerpen,21737,0.817,7.891916,no,4353.431178,0.233042443,0.122471242,833,43.629
91143,Vresse-sur-Semois,Wallonia,0.205511811,78.74015748,2540,Namur,15901,0.081,101.403849,no,8031.496063,0.201574803,0.125590551,269,44.869
37010,Oostrozebeke,Flanders,0.205715725,37.76910487,7943,WestVlaanderen,18399,0.341,16.723281,no,4582.651391,0.099206849,0.069495153,985,40.965
34013,Harelbeke,Flanders,0.207940169,76.88544069,28614,WestVlaanderen,19199,0.458,29.398227,no,4560.70455,0.158908227,0.097085343,2703,42.072
13001,Arendonk,Flanders,0.20799576,113.5761339,13207,Antwerpen,18362,0.331,55.152008,no,5754.524116,0.259029303,0.164609677,1340,39.852
37017,Wielsbeke,Flanders,0.209318851,81.21002944,9851,WestVlaanderen,18741,0.398,21.918637,no,4243.224038,0.125164958,0.073596589,1132,39.803
36015,Roeselare,Flanders,0.209588633,191.333532,63763,WestVlaanderen,19080,0.443,60.398248,no,5594.153349,0.191317849,0.139391183,7049,41.624
23104,Lennik,Flanders,0.210119695,184.9836779,9190,VlaamsBrabant,24096,0.962,31.12424,no,5070.729053,0.189662677,0.077910773,837,42.55
33039,Heuvelland,Flanders,0.210712929,63.31518298,7897,WestVlaanderen,16864,0.148,94.789899,no,5812.333798,0.157654806,0.088134735,729,41.614
32030,Lo-Reninge,Flanders,0.211237335,30.70310101,3257,WestVlaanderen,17245,0.193,63.397173,no,4820.386859,0.053116365,0.028553884,268,43.715
12021,Lier,Flanders,0.211873358,59.58345747,36923,Antwerpen,20643,0.679,49.853206,no,3222.923381,0.220079625,0.126858598,3088,42.543
24062,Leuven,Flanders,0.211873466,164.3043788,101032,VlaamsBrabant,21355,0.772,57.507484,no,2447.73933,0.347394885,0.257245229,5944,39.747
13031,Oud-Turnhout,Flanders,0.212027322,77.45933385,14201,Antwerpen,21332,0.765,39.169292,no,3612.42166,0.235687628,0.146327723,1000,42.55
41048,Ninove,Flanders,0.213391247,106.6829231,39369,OostVlaanderen,19665,0.531,73.11847,no,5143.640936,0.207980899,0.10366024,3864,41.959
11040,Schoten,Flanders,0.214516929,102.0675979,34291,Antwerpen,22158,0.85,29.501776,no,3642.355137,0.204368493,0.114432358,2633,42.795
72018,Kinrooi,Flanders,0.214636542,106.4178127,12216,Limburg,17486,0.229,54.802325,no,2578.585462,0.347904388,0.22707924,995,41.073
71002,As,Flanders,0.214760237,96.63002778,8279,Limburg,19296,0.475,22.128714,no,3551.153521,0.288923783,0.098804203,631,40.433
72021,Maaseik,Flanders,0.216550475,141.7936902,25389,Limburg,18334,0.327,77.184239,no,2863.444799,0.304738272,0.194296743,2172,41.496
33029,Wervik,Flanders,0.216762087,275.6573367,18864,WestVlaanderen,17560,0.236,43.768456,no,4998.939779,0.206849025,0.103424512,2036,41.58
72038,Hechtel-Eksel,Flanders,0.216774296,127.5611895,12543,Limburg,18462,0.353,76.676774,no,2112.732201,0.211751575,0.13354062,674,40.693
23060,Opwijk,Flanders,0.218346515,108.1592645,14793,VlaamsBrabant,21819,0.827,19.919663,no,4454.809707,0.158994119,0.081457446,1219,40.761
24045,Huldenberg,Flanders,0.219917844,130.2474702,9981,VlaamsBrabant,23360,0.931,39.945857,no,2905.520489,0.177537321,0.108305781,679,41.02
11052,Wommelgem,Flanders,0.220845201,76.97636825,12991,Antwerpen,20961,0.729,12.993605,no,3787.237318,0.211915942,0.108844585,986,42.316
23086,Ternat,Flanders,0.22268335,297.3240833,16144,VlaamsBrabant,22251,0.862,24.709958,no,5884.539148,0.199021308,0.09867443,1676,41.894
23105,Affligem,Flanders,0.224509585,179.0109644,13407,VlaamsBrabant,22029,0.839,17.922701,no,4930.260312,0.197508764,0.089505482,1244,41.323
24055,Kortenberg,Flanders,0.224577723,156.6707466,20425,VlaamsBrabant,23552,0.939,34.702362,no,3260.709914,0.270208078,0.151970624,1577,40.737
11013,Edegem,Flanders,0.224689804,242.7620931,22244,Antwerpen,23600,0.943,8.71662,no,3677.396152,0.233546125,0.130507103,1682,44.537
23009,Bever,Flanders,0.226715129,90.86778737,2201,VlaamsBrabant,20588,0.675,19.235905,no,3861.880963,0.133575647,0.067242163,150,39.656
71034,Leopoldsburg,Flanders,0.226766262,199.1907874,16065,Limburg,18207,0.315,22.597245,no,3025.210084,0.295736072,0.158605664,1132,41.303
72037,Hamont-Achel,Flanders,0.227313943,62.77463905,14337,Limburg,17241,0.191,43.72945,no,2922.508196,0.519564763,0.343447025,1192,42.633
11056,Zwijndrecht,Flanders,0.228676738,176.504179,19263,Antwerpen,20802,0.7,20.241464,no,4391.839277,0.262420184,0.13403935,1780,42.434
42028,Zele,Flanders,0.228941077,220.3159424,21333,OostVlaanderen,18387,0.337,33.275557,no,5109.454835,0.254488351,0.133642713,2591,40.168
23052,Merchtem,Flanders,0.229217675,128.2499709,17154,VlaamsBrabant,22640,0.896,36.900774,yes,4529.555789,0.211612452,0.098227819,1492,41.118
23081,Steenokkerzeel,Flanders,0.229793081,202.0691885,12372,VlaamsBrabant,23035,0.913,23.628051,no,4324.280634,0.255334627,0.109359845,1121,40.93
73066,Riemst,Flanders,0.229995811,41.89359028,16709,Limburg,18404,0.343,58.056066,no,3644.742354,0.313124663,0.21575199,1096,42.569
72041,Dilsen-Stokkem,Flanders,0.230894856,129.6892262,20819,Limburg,17511,0.232,65.885154,no,3256.640569,0.352802728,0.159373649,1928,40.599
73042,Lanaken,Flanders,0.231386467,111.8740838,25922,Limburg,19195,0.456,58.95317,no,3228.917522,0.449116581,0.326903788,2143,42.436
11030,Niel,Flanders,0.231392357,209.6635852,10493,Antwerpen,18576,0.367,5.346023,no,4145.62089,0.201848852,0.096635852,876,40.399
41002,Aalst (Aalst),Flanders,0.231876151,138.6710314,87978,OostVlaanderen,20021,0.577,78.654136,no,4709.131828,0.253449726,0.148071109,8401,42.348
34022,Kortrijk,Flanders,0.232719879,147.6435315,77213,WestVlaanderen,19746,0.546,80.694363,no,4957.714375,0.217230259,0.135961561,7619,42.502
46014,Lokeren,Flanders,0.232862736,230.1577886,42145,OostVlaanderen,19404,0.493,68.239482,no,4809.585953,0.255356507,0.122885277,4517,41.414
11016,Essen,Flanders,0.235465722,88.56011669,19196,Antwerpen,18802,0.413,47.568895,no,3828.922692,0.353146489,0.230673057,1549,40.558
43018,Zelzate,Flanders,0.237199025,76.19628162,13124,OostVlaanderen,18312,0.324,13.767769,no,3169.765315,0.323072234,0.183175861,1054,42.759
72039,Houthalen-Helchteren,Flanders,0.241097777,147.5506591,30498,Limburg,17115,0.177,78.227462,no,4367.499508,0.470030822,0.162895928,3046,39.549
11029,Mortsel,Flanders,0.241574322,213.9854796,26170,Antwerpen,21474,0.784,7.784179,no,3473.442874,0.242529614,0.140007642,2010,42.219
46025,Temse,Flanders,0.243668901,155.1820913,30287,OostVlaanderen,19886,0.563,40.096175,no,4457.357942,0.25215439,0.127546472,3146,40.093
13035,Ravels,Flanders,0.244041314,39.72457627,15104,Antwerpen,18015,0.294,95.134302,no,3813.559322,0.453853284,0.317068326,1160,41.312
11018,Hemiksem,Flanders,0.244156287,76.77870671,11722,Antwerpen,19441,0.501,5.480433,no,4862.651425,0.237672752,0.120798499,1099,40.454
23050,Meise,Flanders,0.246134411,171.8039414,19790,VlaamsBrabant,24434,0.968,35.066,yes,4946.9429,0.277614957,0.121020718,1818,41.732
23027,Halle (Halle-Vilvoorde),Flanders,0.246827037,241.046832,40656,VlaamsBrabant,19867,0.56,44.982101,no,4348.681621,0.283844943,0.135527351,3810,41.167
34027,Menen,Flanders,0.24905067,231.3990744,33708,WestVlaanderen,17279,0.201,33.163521,no,7214.904474,0.275691231,0.162750682,4298,42.034
23044,Liedekerke,Flanders,0.249740395,133.5113485,13482,VlaamsBrabant,19415,0.496,10.17463,no,6415.962023,0.278296989,0.134846462,1480,42.133
13014,Hoogstraten,Flanders,0.249860853,60.29684601,21560,Antwerpen,18862,0.424,105.394838,no,3692.022263,0.430426716,0.285992579,2165,40.405
51004,Aat,Wallonia,0.249907003,206.2831828,29571,Hainaut,18810,0.417,127.898967,no,6736.329512,0.182611342,0.078658145,2991,40.911
64076,Faimes,Wallonia,0.251964512,532.3193916,3945,Liège,21515,0.791,28.526754,no,8339.670469,0.177439797,0.058808619,484,39.412
62121,Neupré,Wallonia,0.252264037,432.6826323,9938,Liège,24855,0.972,31.74298,no,10535.31898,0.296639163,0.096297042,1494,42.986
46021,Sint-Niklaas (Sint-Niklaas),Flanders,0.256536915,219.2623209,79357,OostVlaanderen,18375,0.332,84.198108,no,4184.886021,0.313507315,0.173834696,8431,41.567
51068,Opzullik,Wallonia,0.256893876,143.2493733,8377,Hainaut,21103,0.737,68.573676,no,5431.538737,0.183597947,0.070550316,793,40.31
71004,Beringen,Flanders,0.256921633,234.6316283,46882,Limburg,17733,0.26,78.561371,no,3466.149055,0.354251099,0.136470287,3543,39.907
64034,Hannuit,Wallonia,0.256954351,190.2044698,16824,Liège,20060,0.591,86.490725,no,6449.120304,0.18158583,0.085532573,1871,40.457
64074,Borgworm,Wallonia,0.258472632,176.9911504,15255,Liège,19519,0.503,30.893529,no,7243.526713,0.217961324,0.098328417,1765,42.677
51017,Elzele,Wallonia,0.259327115,83.27781479,6004,Hainaut,19157,0.453,45.112846,no,5396.402398,0.118421053,0.053297801,561,42.231
71070,Heusden-Zolder,Flanders,0.260648405,283.5676908,34207,Limburg,17997,0.291,53.398585,no,4101.499693,0.403367732,0.161867454,3247,39.911
12025,Mechelen,Flanders,0.263096731,285.3493804,86911,Antwerpen,19668,0.537,65.787631,no,4236.517817,0.351980762,0.185891314,7327,39.948
84029,Herbeumont,Wallonia,0.263157895,120.9921355,1653,Luxembourg,17197,0.184,58.420259,no,5686.630369,0.158499698,0.088324259,194,42.15
52075,Les Bons Villers,Wallonia,0.263869809,126.8096798,9463,Hainaut,20685,0.689,42.967425,no,7027.369756,0.206171404,0.070696396,1157,40.307
61043,Nandrin,Wallonia,0.264288188,242.4662279,5774,Liège,23770,0.948,36.132549,no,9560.096986,0.225493592,0.069102875,774,41.369
64056,Oerle,Wallonia,0.264811032,153.2175689,3916,Liège,19630,0.527,19.49802,no,6996.935649,0.217058223,0.07814096,459,40.094
64047,Lijsem,Wallonia,0.265220012,421.9409283,3318,Liège,20575,0.672,14.732994,no,6359.252562,0.18384569,0.078963231,400,40.648
56086,Ham-sur-Heure-Nalinnes,Wallonia,0.266569022,241.6697181,13655,Hainaut,22390,0.872,45.705328,no,8538.996705,0.227316001,0.060637129,2036,42.875
64029,Geer,Wallonia,0.267278463,143.3897333,3487,Liège,20440,0.646,23.605027,no,7083.452825,0.184685976,0.067393175,394,37.442
82038,Sainte-Ode,Wallonia,0.269424043,463.8577503,2587,Luxembourg,16183,0.091,97.941269,no,9161.190568,0.124855044,0.073444144,439,39.551
41011,Denderleeuw,Flanders,0.27038109,207.4288471,20730,OostVlaanderen,19559,0.512,13.864986,no,5315.967197,0.292185239,0.14799807,2088,40.844
56078,Thuin,Wallonia,0.270507879,135.2539393,14787,Hainaut,19402,0.491,76.654967,no,7729.762629,0.223101373,0.067559343,1917,42.121
57072,Rumes,Wallonia,0.270873046,19.06214258,5246,Hainaut,17255,0.196,24.000281,no,8825.772017,0.250857796,0.113800991,661,41.026
23062,Overijse,Flanders,0.2721107,257.2597934,25655,VlaamsBrabant,24236,0.963,44.996169,yes,4400.701618,0.349990255,0.212785032,2309,41.388
64023,Donceel,Wallonia,0.272200772,418.2754183,3108,Liège,22045,0.843,23.448541,no,7786.357786,0.203989704,0.055341055,355,39.945
13040,Turnhout,Flanders,0.272267515,183.1102585,45874,Antwerpen,17784,0.267,56.710343,no,3801.717749,0.365435759,0.244757379,3916,41.982
34043,Spiere-Helkijn,Flanders,0.272639692,48.16955684,2076,WestVlaanderen,18114,0.306,10.815715,no,6695.568401,0.226878613,0.107899807,221,38.362
51065,Frasnes-lez-Anvaing,Wallonia,0.272780866,185.2787603,11874,Hainaut,18550,0.36,112.863796,no,7849.082028,0.150244231,0.06080512,1481,40.904
12040,Willebroek,Flanders,0.272848122,210.4796721,27081,Antwerpen,18767,0.405,27.365927,no,4198.515564,0.347439164,0.171300912,2478,40.739
71016,Genk,Flanders,0.273019063,242.9769172,66673,Limburg,17075,0.165,87.571593,no,4375.084367,0.585004425,0.216444438,7202,40.295
57094,Leuze-en-Hainaut,Wallonia,0.273085465,179.0959238,13959,Hainaut,17869,0.275,74.462223,no,8374.525396,0.189984956,0.077942546,1776,41.427
62022,Chaudfontaine,Wallonia,0.273705964,365.2616908,20807,Liège,24276,0.965,25.457364,no,9333.397414,0.244244725,0.113711732,2658,44.55
52048,Montigny-le-Tilleul,Wallonia,0.274234946,197.4333662,10130,Hainaut,21538,0.793,15.228742,no,8538.99309,0.329911155,0.1005923,1452,44.114
61063,Verlaine,Wallonia,0.274375883,235.5157796,4246,Liège,21162,0.743,24.399987,no,9161.563825,0.215496938,0.058407913,573,38.612
53084,Quévy,Wallonia,0.27499071,99.09575127,8073,Hainaut,19684,0.541,65.383568,no,7692.307692,0.265824353,0.079152731,979,41.492
64008,Berloz,Wallonia,0.27566719,94.19152276,3185,Liège,20006,0.575,14.507265,no,6875.981162,0.184929356,0.072527473,365,38.466
91141,Yvoir,Wallonia,0.275672707,131.7957166,9105,Namur,20082,0.594,57.099342,no,7171.88358,0.17210324,0.085667216,1216,38.768
64063,Remicourt,Wallonia,0.276078691,198.3798975,6049,Liège,20867,0.706,22.826128,no,8232.765746,0.22003637,0.065630683,761,40.07
57003,Antoing,Wallonia,0.276119403,52.3697303,7638,Hainaut,16280,0.098,31.345808,no,8693.375229,0.237627651,0.096098455,967,40.652
25072,Nijvel,Wallonia,0.276384679,220.446404,29032,BrabantWallon,20938,0.725,60.832746,no,5714.384128,0.298015982,0.149731331,3114,41.541
57093,Brunehaut,Wallonia,0.276442903,49.54173892,8074,Hainaut,17154,0.181,46.535892,no,7951.449096,0.259103295,0.111468913,967,40.161
61081,Tinlot,Wallonia,0.276470588,294.1176471,2720,Liège,20928,0.722,37.252493,no,9227.941176,0.197058824,0.062132353,381,38.738
52025,Gerpinnes,Wallonia,0.27656066,141.3427562,12735,Hainaut,21727,0.813,47.666667,no,8574.793875,0.272791519,0.082528465,1850,43.186
92141,La Bruyère,Wallonia,0.277069723,53.55039092,9337,Namur,22031,0.841,53.042626,no,8075.39895,0.125843419,0.052907786,1269,38.195
93018,Doische,Wallonia,0.277515192,236.3268062,2962,Namur,16076,0.087,84.111493,no,6245.779878,0.164078325,0.065496286,368,41.784
44021,Gent,Flanders,0.277808747,215.3938332,263703,OostVlaanderen,19326,0.479,157.770634,no,3811.864105,0.362601108,0.224085429,25636,40.016
24104,Tervuren,Flanders,0.278334281,218.7130922,22861,VlaamsBrabant,23965,0.956,33.619436,yes,3381.304405,0.4136302,0.28248983,1678,40.567
23003,Beersel,Flanders,0.279468862,302.8420562,25756,VlaamsBrabant,22192,0.853,30.401594,yes,5066.780556,0.336426464,0.154488275,2659,40.717
25005,Bevekom,Wallonia,0.279554937,264.255911,7190,BrabantWallon,22437,0.875,38.569146,no,5285.11822,0.211265647,0.112378303,724,40.01
91013,Beauraing,Wallonia,0.279805616,140.3887689,9260,Namur,16419,0.106,174.650363,no,5550.75594,0.169330454,0.081425486,1157,40.188
56044,Lobbes,Wallonia,0.279815731,153.5574134,5861,Hainaut,19258,0.468,32.229663,no,9964.169937,0.241426378,0.056645624,904,40.667
83044,Rendeux,Wallonia,0.279894379,226.3296869,2651,Luxembourg,16703,0.136,69.231874,no,5130.13957,0.116559789,0.068276122,221,39.298
51014,Chièvres,Wallonia,0.280466724,129.6456353,6942,Hainaut,18096,0.305,47.370412,no,7188.130222,0.162201095,0.059492942,806,40.083
93014,Couvin,Wallonia,0.281956522,123.1884058,13800,Namur,15554,0.06,206.96962,no,7362.318841,0.19326087,0.095,1774,41.597
84016,Daverdisse,Wallonia,0.282685512,212.0141343,1415,Luxembourg,15697,0.068,56.862517,no,5229.681979,0.142756184,0.059363958,149,43.055
25048,Geldenaken,Wallonia,0.283318191,160.7379971,14309,BrabantWallon,20644,0.681,73.732072,no,5940.317283,0.219582081,0.108812635,1681,40.004
57018,Celles (Doornik),Wallonia,0.283499644,35.63791875,5612,Hainaut,17815,0.27,67.489127,no,10334.99644,0.171952958,0.078403421,779,40.084
73107,Maasmechelen,Flanders,0.283700621,158.3207783,39161,Limburg,15926,0.084,76.849337,no,4315.51799,0.597992901,0.264268022,4804,40.462
93090,Viroinval,Wallonia,0.283776643,88.07468733,5677,Namur,15829,0.075,121.122364,no,4861.722741,0.188127532,0.088955434,525,42.048
64025,Fexhe-le-Haut-Clocher,Wallonia,0.283878862,183.5423677,3269,Liège,20561,0.67,19.441754,no,7555.82747,0.255735699,0.070663812,329,40.555
84075,Wellin,Wallonia,0.283879255,96.33911368,3114,Luxembourg,17088,0.17,67.891353,no,7257.546564,0.116891458,0.05908799,462,41.739
64015,Braives,Wallonia,0.284304511,78.32080201,6384,Liège,20270,0.622,44.045215,no,6657.26817,0.150532581,0.05764411,758,39.301
25084,Perwijs (Nijvel),Wallonia,0.284368716,179.9132183,9449,BrabantWallon,20836,0.703,51.170038,no,6402.793946,0.198962853,0.09164991,1197,38.586
91030,Ciney,Wallonia,0.284448936,154.5595054,16822,Namur,17793,0.268,147.869483,no,8441.326834,0.138687433,0.069551777,2209,40.797
92114,Sombreffe,Wallonia,0.285070556,189.7308194,8433,Namur,19115,0.446,35.894896,no,7340.211076,0.208941065,0.075773746,1199,38.775
23033,Hoeilaart,Flanders,0.285602572,269.3544183,11509,VlaamsBrabant,23101,0.917,20.534323,yes,4535.58085,0.351377183,0.201842037,1115,40.754
51019,Vloesberg,Wallonia,0.286171761,,3435,Hainaut,19562,0.515,23.276026,no,6229.985444,0.164774381,0.068995633,302,42.536
61072,Wanze,Wallonia,0.286252081,296.8218345,13813,Liège,19630,0.527,44.035551,no,8571.635416,0.206689351,0.08397886,1860,40.494
55085,Seneffe,Wallonia,0.286403086,236.6967651,11407,Hainaut,20058,0.589,63.769572,no,7381.432454,0.267730341,0.108003857,1439,39.779
62032,Esneux,Wallonia,0.286449531,430.1736058,13018,Liège,22712,0.901,34.151287,no,9302.504225,0.222998925,0.097710862,1642,42.702
93022,Florennes,Wallonia,0.287402274,97.72565743,11256,Namur,17200,0.186,134.175037,no,5854.655295,0.154406539,0.05250533,1534,40.039
92035,Eghezée,Wallonia,0.287499242,175.8961606,16487,Namur,20502,0.66,103.216444,no,7272.396434,0.144538121,0.059744041,1984,39.256
56016,Chimay,Wallonia,0.287550534,93.29325179,9647,Hainaut,15831,0.077,198.599526,no,5856.743029,0.204312221,0.099409143,1081,40.898
63003,Aubel,Wallonia,0.288119738,374.181478,4276,Liège,19942,0.567,18.849735,no,12160.89804,0.185453695,0.08676333,648,40.536
53083,Honnelles,Wallonia,0.288304094,136.4522417,5130,Hainaut,18717,0.391,44.274266,no,6257.309942,0.280116959,0.080896686,504,41.347
58003,Estinnes,Wallonia,0.288321634,204.2118698,7835,Hainaut,18329,0.325,73.293106,no,8781.110402,0.275175495,0.068793874,1121,39.734
61048,Ouffet,Wallonia,0.288825419,357.0153517,2801,Liège,18759,0.401,40.241667,no,9532.309889,0.160656908,0.055694395,375,39.777
56029,Froidchapelle,Wallonia,0.288955373,,4011,Hainaut,15894,0.079,86.543319,no,5061.082024,0.150585889,0.060084767,413,41.072
11005,Boom,Flanders,0.289217512,276.610458,18799,Antwerpen,17583,0.239,7.381982,no,4713.01665,0.398372254,0.203627853,1878,40.616
92142,Gembloux,Wallonia,0.289683296,163.8781966,26239,Namur,20676,0.687,96.477614,no,6372.194062,0.223636572,0.116010519,3302,39.123
56005,Beaumont,Wallonia,0.290589888,182.5842697,7120,Hainaut,17343,0.208,93.476826,no,7598.314607,0.18988764,0.067134831,996,40.09
57081,Doornik,Wallonia,0.291024057,87.21564067,68795,Hainaut,17972,0.287,215.341505,no,7834.87172,0.306315866,0.173457373,8072,41.691
13002,Baarle-Hertog,Flanders,0.292333901,102.2146508,2935,Antwerpen,16446,0.108,7.415179,no,3543.441227,0.716865417,0.5120954,238,40.228
64021,Crisnée,Wallonia,0.292334096,171.624714,3496,Liège,21006,0.732,16.977474,no,8810.06865,0.247139588,0.06493135,483,40.316
92087,Mettet,Wallonia,0.292587286,75.40909434,13261,Namur,18620,0.37,116.96227,no,7593.6958,0.165070508,0.046301184,1879,39.2
62006,Awans,Wallonia,0.294015423,434.4520474,9207,Liège,19820,0.555,27.215088,no,9612.251548,0.310307375,0.097425872,1258,42.254
93010,Cerfontaine,Wallonia,0.294117647,20.0080032,4998,Namur,17251,0.194,83.441712,no,5902.360944,0.147058824,0.052020808,529,38.927
92140,Jemeppe-sur-Sambre,Wallonia,0.294182046,140.7569596,19182,Namur,17705,0.255,46.962311,no,7079.553748,0.205140236,0.067094151,2593,39.115
58002,Binche,Wallonia,0.294260235,218.4582236,33416,Hainaut,16598,0.124,61.221785,no,10144.84079,0.387030165,0.100311228,5464,41.885
51008,Beloeil,Wallonia,0.294727867,106.5795083,14074,Hainaut,17393,0.215,62.264379,no,7858.462413,0.252451329,0.093292596,1693,40.267
56049,Merbes-le-Château,Wallonia,0.294938505,23.65184484,4228,Hainaut,16991,0.156,30.531469,no,7805.108798,0.243140965,0.070482498,588,38.368
91059,Hamois,Wallonia,0.295272924,189.6248138,7383,Namur,18754,0.4,76.587242,no,8925.910876,0.107679805,0.046999865,1078,37.391
11007,Borsbeek,Flanders,0.296740995,261.8037375,11077,Antwerpen,18833,0.42,3.901301,no,4531.912973,0.33619211,0.178297373,1001,42.057
51067,Edingen,Wallonia,0.296997527,148.3574709,14155,Hainaut,19917,0.565,39.396989,no,5305.545744,0.300953727,0.129494878,1220,39.905
25037,Graven,Wallonia,0.297339817,235.9839817,13984,BrabantWallon,23187,0.92,55.553791,no,6321.510297,0.251930778,0.132508581,1694,40.636
93088,Walcourt,Wallonia,0.297357668,87.16970853,18355,Namur,18871,0.431,123.642422,no,6815.581585,0.202778534,0.060855353,2268,40.549
25124,Walhain,Wallonia,0.297529538,255.1020408,7448,BrabantWallon,22821,0.906,38.080727,no,6968.313641,0.184613319,0.087540279,1027,38.184
64075,Wasseiges,Wallonia,0.298064085,133.5113485,2996,Liège,18572,0.365,24.481033,no,8544.726302,0.144526035,0.058411215,389,37.534
61041,Modave,Wallonia,0.298341232,284.3601896,4220,Liège,20001,0.572,40.412084,no,8151.658768,0.206872038,0.062796209,533,38.434
61068,Villers-Le-Bouillet,Wallonia,0.298847087,227.5485437,6592,Liège,20031,0.581,32.86263,no,9314.320388,0.194781553,0.065230583,945,38.239
55050,Ecaussinnes,Wallonia,0.299124126,265.4162612,11303,Hainaut,18023,0.296,34.860039,no,6776.961869,0.236043528,0.080332655,1332,39.506
91054,Gedinne,Wallonia,0.299397331,279.8105898,4646,Namur,16362,0.103,151.573403,no,4670.68446,0.139259578,0.066508825,459,42.646
83034,Marche-en-Famenne,Wallonia,0.299864084,317.1367086,17658,Luxembourg,17399,0.217,122.072169,no,7498.017896,0.185128554,0.105674482,2310,39.105
25120,Orp-Jauche,Wallonia,0.300299967,144.4283968,9001,BrabantWallon,20503,0.662,50.798029,no,5699.366737,0.183535163,0.081324297,964,39.855
25018,Chaumont-Gistoux,Wallonia,0.300601892,163.3705933,11630,BrabantWallon,24920,0.974,48.32553,no,6027.515047,0.21616509,0.113413586,1311,39.338
62060,Juprelle,Wallonia,0.301278664,855.9653387,9463,Liège,20092,0.596,35.474467,no,10239.88164,0.323364684,0.099968298,1537,41.077
56088,Sivry-Rance,Wallonia,0.301583993,,4798,Hainaut,16745,0.139,73.555452,no,7565.652355,0.19028762,0.070237599,568,40.403
25068,Mont-Saint-Guibert,Wallonia,0.301889169,138.5390428,7940,BrabantWallon,21678,0.806,18.724484,no,6851.38539,0.249622166,0.124685139,1017,37.977
25110,Waterloo,Wallonia,0.301952006,431.2189341,30379,BrabantWallon,23467,0.937,21.324413,no,5678.264591,0.432140623,0.257348826,3249,42.334
55040,Zinnik,Wallonia,0.301967433,194.2707781,28311,Hainaut,17975,0.289,111.266966,no,6559.287909,0.293666773,0.137225813,3058,40.583
23016,Dilbeek,Flanders,0.302478734,354.4315375,43732,VlaamsBrabant,22225,0.856,41.476966,yes,6516.966981,0.372633312,0.158099332,5083,42.609
57064,Péruwelz,Wallonia,0.303003842,145.5349866,17178,Hainaut,16360,0.101,61.01551,no,9127.95436,0.337699383,0.140412155,2253,39.914
73109,Voeren,Flanders,0.303124255,357.739089,4193,Limburg,18240,0.318,50.60837,no,7059.384689,0.460052468,0.305747675,441,42.497
93056,Philippeville,Wallonia,0.303764604,54.0891389,9244,Namur,17003,0.16,157.351548,no,6631.328429,0.179359585,0.063500649,1258,41.223
92006,Assesse,Wallonia,0.303767552,152.9264563,7193,Namur,20734,0.693,78.527075,no,7173.64104,0.141804532,0.056582789,914,37.756
53044,Jurbeke,Wallonia,0.30408259,75.08212107,10655,Hainaut,21066,0.736,58.177259,no,6269.357109,0.292820272,0.145096199,1052,39.646
25119,Lasne,Wallonia,0.304393525,371.382524,14271,BrabantWallon,27780,0.996,47.570329,no,6972.181347,0.278957326,0.165300259,1889,41.497
25117,Chastre,Wallonia,0.304556045,181.2063163,7726,BrabantWallon,21718,0.812,31.569956,no,6199.84468,0.219906808,0.11040642,939,37.807
92054,Gesves,Wallonia,0.304677798,137.988133,7247,Namur,20505,0.663,65.007628,no,6402.649372,0.137298192,0.06209466,796,38.081
25091,Rixensart,Wallonia,0.304911263,219.6450536,22764,BrabantWallon,23226,0.924,17.560499,no,6343.349148,0.31747496,0.177033913,2668,41.578
61010,Burdinne,Wallonia,0.305151515,181.8181818,3300,Liège,21449,0.782,32.615009,no,7393.939394,0.12969697,0.056666667,437,39.356
62119,Blegny,Wallonia,0.305186071,448.3634733,13382,Liège,20200,0.606,26.078479,no,11044.68689,0.269989538,0.082125243,2108,40.656
83049,Tenneville,Wallonia,0.305190311,207.6124567,2890,Luxembourg,18011,0.293,91.952865,no,7543.252595,0.111764706,0.071280277,414,39.522
92101,Profondeville,Wallonia,0.305420745,164.5142716,12157,Namur,20499,0.658,50.392354,no,7304.43366,0.15020153,0.071728222,1408,39.631
52055,Pont-à-Celles,Wallonia,0.305473842,92.28816981,17337,Hainaut,19772,0.548,56.101533,no,6973.524831,0.238853319,0.084501355,2251,39.989
51069,Lessen,Wallonia,0.306551761,176.6406166,18682,Hainaut,17206,0.187,72.671616,no,5882.667809,0.228455198,0.088641473,1692,40.836
45041,Ronse,Flanders,0.30724255,147.1142965,26510,OostVlaanderen,15789,0.074,34.700169,no,5820.445115,0.351603169,0.167106752,2856,40.086
91005,Anhée,Wallonia,0.307306191,153.3742331,7172,Namur,17928,0.284,66.028478,no,6748.466258,0.149749024,0.068042387,918,40.776
25107,Villers-la-Ville,Wallonia,0.307409788,119.364613,10891,BrabantWallon,21443,0.781,48.03089,no,6133.504729,0.203011661,0.08603434,1382,38.672
55004,’s Gravenbrakel,Wallonia,0.307447286,264.6926873,22290,Hainaut,18777,0.412,84.870539,no,6047.554957,0.324764468,0.131987438,2466,39.62
55035,Le Roeulx,Wallonia,0.307473876,181.7355747,8804,Hainaut,19626,0.525,43.412748,no,8587.005906,0.301453885,0.088368923,1215,40.731
83013,Erezée,Wallonia,0.307645446,213.2196162,3283,Luxembourg,17590,0.243,78.892586,no,7066.70728,0.117270789,0.065488882,319,41.425
23100,Linkebeek,Flanders,0.307870859,253.2179785,4739,VlaamsBrabant,22898,0.91,4.189119,yes,6815.783921,0.369276219,0.186959274,576,39.485
25043,Incourt,Wallonia,0.308096359,108.6759645,5521,BrabantWallon,21393,0.777,38.908151,no,6973.374389,0.186741532,0.094548089,770,39.23
57062,Pecq,Wallonia,0.308114599,102.9336078,5829,Hainaut,17924,0.282,33.142803,no,11065.36284,0.300737691,0.150283067,905,41.089
25122,Ramillies,Wallonia,0.308404126,318.5679612,6592,BrabantWallon,20545,0.668,49.077298,no,6962.985437,0.160042476,0.072360437,859,38.583
25112,Waver,Wallonia,0.308447711,180.8993281,34826,BrabantWallon,21234,0.751,42.104922,no,5788.778499,0.350743697,0.19026015,3943,41.611
92048,Fosses-la-Ville,Wallonia,0.30893919,124.6882793,10426,Namur,18439,0.346,63.310008,no,8181.469403,0.194801458,0.060425858,1491,38.944
25031,Genepiën,Wallonia,0.309941146,185.5168884,15632,BrabantWallon,21621,0.801,90.349676,no,5808.597748,0.246801433,0.109454964,1885,39.835
33016,Mesen,Flanders,0.31018078,,1051,WestVlaanderen,14261,0.025,3.596312,no,6279.733587,0.302568982,0.151284491,107,41.43
62100,Sprimont,Wallonia,0.31067506,569.2472542,14932,Liège,21348,0.77,74.508784,no,10621.48406,0.190262523,0.06321993,2180,39.707
83028,Hotton,Wallonia,0.311197457,247.2624514,5662,Luxembourg,16478,0.113,57.023236,no,8300.953727,0.161603674,0.089014483,721,37.267
92138,Fernelmont,Wallonia,0.311245975,185.7815209,8074,Namur,20913,0.72,65.831776,no,8162.001486,0.144909586,0.056849145,1071,38.203
25118,Hélécine,Wallonia,0.311677632,383.7719298,3648,BrabantWallon,19794,0.551,16.982539,no,4961.622807,0.247258772,0.106359649,376,40.585
92045,Floreffe,Wallonia,0.311971572,122.5340032,8161,Namur,19665,0.531,39.11794,no,7155.985786,0.176939101,0.066045828,1028,38.801
61039,Marchin,Wallonia,0.312488638,290.856208,5501,Liège,18685,0.382,30.148887,no,8707.507726,0.187056899,0.065260862,709,39.149
25044,Itter,Wallonia,0.312491098,227.8877653,7021,BrabantWallon,21674,0.805,35.027919,no,6865.118929,0.250961402,0.102976784,885,39.939
61012,Clavier,Wallonia,0.3125,211.1486486,4736,Liège,19256,0.467,79.495432,no,8952.702703,0.154138514,0.05152027,571,39.396
56022,Erquelinnes,Wallonia,0.312593628,179.7663038,10013,Hainaut,15344,0.051,44.543359,no,6211.924498,0.307100769,0.10626186,1249,40.022
25050,Terhulpen,Wallonia,0.312995565,309.0982395,7441,BrabantWallon,23385,0.932,15.516775,no,6612.014514,0.365273485,0.219862922,923,41.453
56051,Momignies,Wallonia,0.313370998,56.49717514,5310,Hainaut,14512,0.031,86.007346,no,5781.544256,0.288323917,0.137664783,582,39.8
85047,Rouvroy,Wallonia,0.313567362,664.1366224,2108,Luxembourg,17585,0.241,28.096762,no,4933.586338,0.267552182,0.131404175,221,39.303
23101,Sint-Genesius-Rode,Flanders,0.314077097,193.2782133,18626,VlaamsBrabant,25419,0.977,22.750797,yes,6152.689788,0.41715881,0.232739182,2261,40.732
61003,Amay,Wallonia,0.314379176,215.7572383,14368,Liège,17009,0.162,27.678015,no,7815.979955,0.256611915,0.083101336,1763,40.277
91114,Rochefort,Wallonia,0.31514864,181.8469323,12648,Namur,17089,0.172,166.336756,no,6506.957622,0.137650221,0.074003795,1582,40.202
92003,Andenne,Wallonia,0.315226427,307.203007,27669,Namur,17083,0.168,86.129051,no,7409.013698,0.24373848,0.103184069,3833,39.752
62027,Dalhem,Wallonia,0.315616366,1091.961584,7601,Liège,20846,0.705,36.10891,no,9301.40771,0.235100645,0.090119721,1072,39.582
53046,Lens,Wallonia,0.315618924,43.205876,4629,Hainaut,18551,0.362,49.825619,no,6005.616764,0.235472024,0.117519983,436,39.5
61031,Hoei,Wallonia,0.315772251,439.4166043,21392,Liège,17399,0.217,47.632989,no,7521.503366,0.274588631,0.136826851,2506,40.913
91142,Hastière,Wallonia,0.316084377,115.3592617,6068,Namur,15267,0.048,56.594514,no,4878.04878,0.201054713,0.095583388,567,44.008
25121,Ottignies-Louvain-la-Neuve,Wallonia,0.31635535,221.4519546,31158,BrabantWallon,19983,0.568,33.400317,no,6373.964953,0.379581488,0.237691765,3723,38.052
64065,Saint-Georges-sur-Meuse,Wallonia,0.316423409,340.087856,7057,Liège,18182,0.313,20.931343,no,7595.295451,0.277313306,0.079495536,876,40.979
61028,Héron,Wallonia,0.316492241,306.7484663,5542,Liège,20257,0.615,38.405672,no,7253.699026,0.150306748,0.053410321,704,37.734
25123,Rebecq,Wallonia,0.317428519,154.7987616,10982,BrabantWallon,18769,0.406,39.256853,no,5445.274085,0.339282462,0.12046986,973,39.049
92094,Namen,Wallonia,0.31762587,258.0575791,111603,Namur,18602,0.368,175.893395,no,7128.840623,0.298692687,0.167889752,13674,41.126
83031,La Roche-en-Ardenne,Wallonia,0.317825777,71.2081652,4213,Luxembourg,16810,0.144,148.52673,no,6005.221932,0.131023024,0.076667458,431,42.113
63038,Jalhay,Wallonia,0.318008987,748.934209,8679,Liège,21253,0.753,106.921428,no,10945.96152,0.126166609,0.051849291,1295,39.812
58004,Morlanwelz,Wallonia,0.318494938,229.6211251,19162,Hainaut,16310,0.1,20.377516,no,9779.772466,0.456841666,0.133910865,3040,40.538
84068,Tellin,Wallonia,0.318580542,358.8516746,2508,Luxembourg,17821,0.272,56.967513,no,6858.054226,0.108851675,0.057416268,431,40.08
23025,Grimbergen,Flanders,0.319674271,307.9814167,38314,VlaamsBrabant,22218,0.855,38.669886,yes,5546.275513,0.400297541,0.178472621,4129,41.998
53070,Saint-Ghislain,Wallonia,0.320242207,179.0968402,23451,Hainaut,17781,0.265,70.585182,no,6809.944139,0.382158543,0.118289199,2718,41.971
61079,Anthisnes,Wallonia,0.320390662,476.4173416,4198,Liège,20479,0.65,37.305106,no,7932.348737,0.184373511,0.059790376,498,40.4
51009,Bernissart,Wallonia,0.320399864,67.77363606,11804,Hainaut,16994,0.158,43.803061,no,6768.891901,0.414774653,0.131141986,1287,40.183
53020,Dour,Wallonia,0.320728461,169.4094869,16528,Hainaut,15383,0.053,33.620142,no,6546.466602,0.349528074,0.088879477,1878,40.447
82036,Vaux-sur-Sûre,Wallonia,0.320880246,170.5902422,5862,Luxembourg,17380,0.213,135.717627,no,7932.446264,0.116854316,0.066189014,934,35.795
81001,Aarlen,Wallonia,0.321060771,177.6724904,30393,Luxembourg,21811,0.824,119.062618,no,5820.419175,0.393182641,0.309906886,3351,38.848
62011,Bitsingen,Wallonia,0.321516439,570.3422053,8942,Liège,18863,0.425,38.206186,no,10366.80832,0.258219638,0.102885261,1328,40.579
63035,Herve,Wallonia,0.321581869,394.8949808,17473,Liège,19397,0.489,56.83973,no,11617.9248,0.219080868,0.078292222,2563,39.826
63057,Olne,Wallonia,0.321648976,419.6494693,4051,Liège,21858,0.832,16.037898,no,8886.694643,0.224142187,0.06763762,471,40.266
53039,Hensies,Wallonia,0.321877742,102.3691138,6838,Hainaut,16187,0.093,26.412478,no,6463.878327,0.422638198,0.137467096,778,40.356
52010,Chapelle-lez-Herlaimont,Wallonia,0.322633186,203.5968782,14735,Hainaut,16050,0.086,18.20621,no,9548.693587,0.498133695,0.142517815,2391,40.279
84077,Libramont-Chevigny,Wallonia,0.323462811,322.2435116,11482,Luxembourg,18141,0.308,179.209692,no,6044.243163,0.177930674,0.105121059,1440,37.924
81003,Attert,Wallonia,0.323487796,70.74637425,5654,Luxembourg,25076,0.975,71.084107,no,6844.711709,0.250265299,0.199681641,664,36.004
25023,Court-Saint-Etienne,Wallonia,0.323898481,226.4364563,10599,BrabantWallon,20719,0.691,26.875434,no,5925.087272,0.298235683,0.147183697,1184,38.059
84059,Saint-Hubert,Wallonia,0.323911111,231.1111111,5625,Luxembourg,17454,0.222,111.979609,no,5600,0.128533333,0.080177778,673,41.859
81015,Messancy,Wallonia,0.323931829,96.01536246,8332,Luxembourg,22240,0.86,52.622318,no,5856.93711,0.374819971,0.298727796,892,38.702
85046,Habay,Wallonia,0.324324324,129.2596945,8510,Luxembourg,20660,0.682,103.515136,no,5323.149236,0.194712103,0.142303173,1005,36.897
91072,Houyet,Wallonia,0.324639399,177.8304683,5061,Namur,16983,0.155,122.840205,no,6698.280972,0.128037937,0.058881644,657,41.119
23103,Wezembeek-Oppem,Flanders,0.325171882,441.9811983,14254,VlaamsBrabant,23348,0.929,6.863638,yes,5465.132594,0.450680511,0.288831205,1652,40.716
62099,Soumagne,Wallonia,0.325290698,476.744186,17200,Liège,18477,0.355,27.192941,no,10343.02326,0.325406977,0.096627907,2435,39.703
63089,Thimister-Clermont,Wallonia,0.325416519,265.8631691,5642,Liège,20033,0.582,28.641055,no,12442.39631,0.15349167,0.049805034,856,37.495
85045,Virton,Wallonia,0.326356521,395.7435582,11371,Luxembourg,17770,0.263,95.625236,no,4054.172896,0.305426084,0.167355554,1152,39.838
57097,Komen-Waasten,Wallonia,0.326810392,88.44665561,18090,Hainaut,15419,0.055,61.33962,no,6926.478718,0.5697623,0.353344389,1924,41.823
91103,Onhaye,Wallonia,0.327379119,123.1906375,3247,Namur,17575,0.237,65.667741,no,6744.687404,0.128734216,0.053895904,364,40.208
62009,Aywaille,Wallonia,0.327675101,666.2965019,12607,Liège,18454,0.35,79.941314,no,9058.459586,0.181486476,0.070199096,1648,40.286
84035,Libin,Wallonia,0.328793038,170.261067,5286,Luxembourg,18072,0.303,140.558233,no,5391.600454,0.125614832,0.073401438,630,39.458
61019,Ferrières,Wallonia,0.329285288,437.9852678,5023,Liège,19612,0.52,57.072941,no,7863.826399,0.134979096,0.053553653,639,40.835
51012,Brugelette,Wallonia,0.329902492,216.6847237,3692,Hainaut,17079,0.167,28.586632,no,5552.546046,0.224268689,0.099674973,307,38.67
91034,Dinant,Wallonia,0.330300752,218.0451128,13300,Namur,16610,0.125,100.055969,no,6233.082707,0.198270677,0.104285714,1535,40.51
85009,Etalle,Wallonia,0.331035642,168.1237391,5948,Luxembourg,21827,0.829,79.435196,no,5279.085407,0.186281103,0.124579691,593,36.15
63023,Eupen,Wallonia,0.331658291,241.2060302,19900,Liège,18396,0.339,95.996507,no,4668.341709,0.428542714,0.304673367,1567,41.612
83012,Durbuy,Wallonia,0.331887954,312.2018906,11531,Luxembourg,16884,0.15,157.079449,no,8151.938253,0.152285144,0.083947619,1398,41.63
92137,Sambreville,Wallonia,0.332050286,173.0348188,28318,Namur,16463,0.112,34.270423,no,8404.548344,0.328271771,0.100324882,4227,40.902
57096,Moeskroen,Wallonia,0.333763719,113.8255581,58862,Hainaut,15556,0.062,40.623219,no,9454.316877,0.512401889,0.306122796,7799,40.494
52021,Fleurus,Wallonia,0.334668118,169.749728,22975,Hainaut,16277,0.096,59.475766,no,7817.192601,0.408095756,0.131186072,3245,40.543
82014,Houffalize,Wallonia,0.334797555,114.5912911,5236,Luxembourg,17455,0.224,167.40339,no,6818.181818,0.161382735,0.097020626,628,40.167
84010,Bouillon,Wallonia,0.334870849,313.6531365,5420,Luxembourg,16789,0.143,148.651735,no,6789.667897,0.21697417,0.117527675,517,43.901
56001,Anderlues,Wallonia,0.335103387,201.1424893,12429,Hainaut,15551,0.058,17.195775,no,8753.721136,0.405503259,0.105720492,1884,41.526
91064,Havelange,Wallonia,0.335159645,170.0358965,5293,Namur,17907,0.281,104.74925,no,7538.258077,0.11713584,0.04931041,688,38.817
63076,Theux,Wallonia,0.336275081,790.9416368,12011,Liège,20208,0.608,83.463607,no,10307.21838,0.140454583,0.057031055,1700,39.834
62038,Fléron,Wallonia,0.336992722,511.9032935,16214,Liège,17328,0.206,13.683741,no,8992.228938,0.402676699,0.153694338,2072,42.784
83055,Manhay,Wallonia,0.337399501,332.686443,3607,Luxembourg,18378,0.334,120.171264,no,8871.638481,0.140560022,0.059329082,493,39.205
63072,Spa,Wallonia,0.337482711,405.0582889,10122,Liège,18051,0.301,39.828211,no,10185.73404,0.204999012,0.119344003,1472,43.924
63045,Lierneux,Wallonia,0.337542088,196.4085297,3564,Liège,17349,0.21,92.33149,no,9876.54321,0.135241302,0.060886644,514,40.893
91015,Bièvre,Wallonia,0.337762031,118.0986123,3387,Namur,15786,0.072,109.549704,no,6082.078536,0.135518158,0.059935046,319,41.806
83040,Nassogne,Wallonia,0.338164251,286.2766148,5589,Luxembourg,17224,0.189,113.108527,no,6602.254428,0.137412775,0.073895151,665,38.888
92097,Ohey,Wallonia,0.338286376,289.4635276,5182,Namur,18385,0.336,56.675534,no,7120.802779,0.130644539,0.048629873,658,37.871
82009,Fauvillers,Wallonia,0.338323353,42.77159966,2338,Luxembourg,18636,0.375,74.787471,no,6287.42515,0.175791275,0.107356715,308,36.8
23002,Asse,Flanders,0.338989565,354.7462086,33827,VlaamsBrabant,20486,0.653,50.22166,yes,5729.15127,0.40186833,0.201554971,3689,40.948
85024,Meix-devant-Virton,Wallonia,0.339216378,423.5792446,2833,Luxembourg,18050,0.298,54.968741,no,4624.07342,0.206847864,0.109777621,297,40.273
55086,Manage,Wallonia,0.339448762,254.8095299,23547,Hainaut,15215,0.046,19.430586,no,7792.924789,0.448209963,0.151229456,3286,39.582
85034,Saint-Léger (Virton),Wallonia,0.339745326,325.1151449,3691,Luxembourg,20743,0.694,36.250602,no,5364.399892,0.243023571,0.161473855,394,37.989
62079,Oupeye,Wallonia,0.340833859,736.9167718,25376,Liège,17953,0.286,36.089777,no,8886.349306,0.362350252,0.129374212,3617,41.655
61080,Engis,Wallonia,0.341549863,370.5493797,6207,Liège,15907,0.082,27.744354,no,7282.100854,0.290156275,0.094409538,752,39.533
91120,Somme-Leuze,Wallonia,0.342006803,238.0952381,5880,Namur,17465,0.225,95.236043,no,7278.911565,0.126870748,0.059353741,676,40.277
61024,Hamoir,Wallonia,0.342227979,388.6010363,3860,Liège,17897,0.279,27.74144,no,8497.409326,0.152849741,0.072279793,471,41.062
63084,Welkenraedt,Wallonia,0.342800983,343.980344,10175,Liège,18442,0.348,24.717021,no,8422.604423,0.27990172,0.147911548,1184,40.06
53053,Bergen,Wallonia,0.343231806,137.9238284,95705,Hainaut,16489,0.115,147.558377,no,6583.773053,0.439924769,0.213269944,9942,40.277
84009,Bertrix,Wallonia,0.344673232,302.1486124,8936,Luxembourg,16461,0.11,138.488898,no,6031.781558,0.187108326,0.093442256,1007,39.682
23077,Sint-Pieters-Leeuw,Flanders,0.344684978,544.7648384,35061,VlaamsBrabant,18905,0.434,40.668683,yes,6129.317475,0.490972876,0.214397764,4390,41.283
85026,Musson,Wallonia,0.345360825,257.7319588,4656,Luxembourg,18569,0.363,35.371108,no,4853.95189,0.328178694,0.220360825,499,38.04
53028,Frameries,Wallonia,0.346470453,87.37640837,21745,Hainaut,15564,0.063,26.090983,no,7155.66797,0.383398482,0.123108761,2574,40.458
63004,Baelen,Wallonia,0.347385032,518.4851217,4436,Liège,19246,0.463,85.645176,no,7191.16321,0.266907124,0.142470694,481,38.991
62120,Flémalle,Wallonia,0.348306946,386.3343686,26402,Liège,16553,0.12,36.567684,no,8953.867131,0.394364063,0.125179911,3729,41.775
82003,Bastenaken,Wallonia,0.349656357,362.0520373,16296,Luxembourg,17298,0.205,173.03309,no,7498.772705,0.231467845,0.14721404,2209,37.346
23099,Kraainem,Flanders,0.350184155,519.9682242,13847,VlaamsBrabant,22537,0.886,5.836344,yes,5726.872247,0.544450061,0.348667581,1556,40.648
25105,Tubeke,Wallonia,0.350537713,230.44846,27338,BrabantWallon,16979,0.153,32.771622,no,6748.847758,0.509510571,0.218523667,3295,39.619
85007,Chiny,Wallonia,0.351774132,171.6901946,5242,Luxembourg,17619,0.244,114.06274,no,4731.018695,0.162914918,0.092521938,539,40.521
84050,Paliseul,Wallonia,0.352099762,256.7394095,5453,Luxembourg,16700,0.134,111.249699,no,7207.041995,0.14414084,0.075921511,671,39.947
11002,Antwerpen,Flanders,0.353103508,259.7196539,529417,Antwerpen,16415,0.105,204.316171,no,5782.776148,0.535915923,0.315743544,61781,39.835
52015,Courcelles,Wallonia,0.355521206,286.6067691,31053,Hainaut,15617,0.065,44.524902,no,7384.14968,0.407851093,0.129037452,4280,39.965
23094,Zaventem,Flanders,0.357349932,403.5925421,35184,VlaamsBrabant,19246,0.463,27.726959,yes,5363.233288,0.548743747,0.305280809,3834,39.964
53014,Boussu,Wallonia,0.357524443,206.6323959,19842,Hainaut,14466,0.029,20.076038,no,6214.091321,0.456859188,0.134462252,2329,40.475
63086,Trois-Ponts,Wallonia,0.35851272,469.667319,2555,Liège,17113,0.175,68.835247,no,6966.731898,0.144422701,0.078277886,279,40.697
58001,La Louvière,Wallonia,0.358704784,222.3759636,80944,Hainaut,14819,0.036,64.557282,no,9067.997628,0.543598043,0.190971536,12573,40.401
85011,Florenville,Wallonia,0.359240373,228.5915245,5687,Luxembourg,17276,0.2,148.066249,no,5257.605064,0.216986109,0.123087744,538,43.316
81004,Aubange,Wallonia,0.359805229,220.2770854,17251,Luxembourg,16511,0.117,46.116312,no,5576.48832,0.527331749,0.436670338,1831,39.495
84033,Léglise,Wallonia,0.360113758,266.6192677,5626,Luxembourg,18759,0.401,173.72403,no,6256.665482,0.168147885,0.100071098,665,35.254
63048,Lontzen,Wallonia,0.361087511,237.8929482,5885,Liège,18699,0.387,28.708258,no,5369.583687,0.409515718,0.294817332,511,41.413
62122,Trooz,Wallonia,0.361284889,384.985563,8312,Liège,18775,0.41,24.258365,no,9311.838306,0.289100096,0.10166025,1114,39.367
82005,Bertogne,Wallonia,0.361866667,106.6666667,3750,Luxembourg,17177,0.182,91.659314,no,7386.666667,0.1056,0.0632,497,37.085
53068,Quiévrain,Wallonia,0.362053703,118.0289171,6778,Hainaut,15055,0.037,21.478595,no,5355.562113,0.463853644,0.181026852,682,40.878
82037,Gouvy,Wallonia,0.362879349,37.0096225,5404,Luxembourg,16172,0.089,165.357151,no,6476.683938,0.165618061,0.093264249,610,37.831
63075,Stoumont,Wallonia,0.36389414,598.6137366,3174,Liège,19339,0.481,108.559982,no,9073.724008,0.142407057,0.070888469,388,40.388
62026,Comblain-au-Pont,Wallonia,0.363906977,353.4883721,5375,Liège,16940,0.151,22.587689,no,7758.139535,0.217302326,0.084651163,637,40.693
52074,Aiseau-Presles,Wallonia,0.366450417,278.0352178,10790,Hainaut,16191,0.094,22.424804,no,7562.557924,0.488878591,0.14244671,1612,40.766
63073,Stavelot,Wallonia,0.366643502,319.666435,7195,Liège,17709,0.256,85.130528,no,9645.587213,0.147463516,0.070743572,918,40.986
63067,Sankt Vith,Wallonia,0.368212727,355.2217599,9853,Liège,18708,0.389,147.146226,no,6414.290064,0.201461484,0.133766366,1078,41.681
62003,Ans,Wallonia,0.369013788,473.6343543,28503,Liège,16756,0.141,23.346246,no,8834.157808,0.515489598,0.215065081,3985,42.364
85039,Tintigny,Wallonia,0.371198157,230.4147465,4340,Luxembourg,18535,0.358,81.882368,no,5921.658986,0.190322581,0.102073733,520,37.981
62015,Beyne-Heusay,Wallonia,0.373432536,443.0697208,11962,Liège,16522,0.118,7.285253,no,9145.627821,0.430948002,0.158501923,1570,40.21
63049,Malmedy,Wallonia,0.374471748,1025.199562,12778,Liège,17683,0.253,100.3662,no,10729.37862,0.208483331,0.11457192,2016,41.57
62118,Grâce-Hollogne,Wallonia,0.375765529,358.7051619,22860,Liège,15645,0.067,34.172219,no,9190.726159,0.561986002,0.194050744,3284,40.692
82032,Vielsalm,Wallonia,0.377966747,533.0625714,7879,Luxembourg,16686,0.131,140.700863,no,7386.724204,0.165376317,0.093793629,960,40.509
23102,Wemmel,Flanders,0.378181391,282.1371892,17013,VlaamsBrabant,21903,0.836,8.773071,yes,7065.185446,0.503203433,0.236289896,2272,41.784
53065,Quaregnon,Wallonia,0.381151003,147.8352693,18940,Hainaut,14169,0.024,11.209192,no,6710.665259,0.541710665,0.176663147,2344,40.313
84043,Neufchâteau (Neufchâteau),Wallonia,0.381699847,204.1858091,7836,Luxembourg,18143,0.31,114.457429,no,6342.521695,0.194104135,0.107580398,874,37.695
63046,Limburg,Wallonia,0.382819158,715.8684166,5867,Liège,17473,0.227,24.646539,no,9476.734276,0.227373445,0.09221067,826,40.919
53082,Colfontaine,Wallonia,0.383607983,159.4742183,20693,Hainaut,13537,0.013,13.745634,no,6548.108056,0.445126371,0.125887981,2453,39.049
63012,Büllingen,Wallonia,0.384784601,329.9725023,5455,Liège,17093,0.174,150.67323,no,7864.344638,0.188267644,0.143904675,626,40.637
52012,Châtelet,Wallonia,0.388421852,196.8116512,35567,Hainaut,14066,0.02,27.363932,no,7147.074535,0.501307392,0.161526134,4946,40.426
57027,Estaimpuis,Wallonia,0.389436753,113.7872179,10546,Hainaut,17619,0.244,32.084326,no,8410.771857,0.538592831,0.381661293,1199,40.451
23088,Vilvoorde,Flanders,0.389981407,463.742754,45715,VlaamsBrabant,17733,0.26,21.573436,yes,6625.833971,0.581844034,0.246374275,5963,38.58
63058,Pepinster,Wallonia,0.392199688,873.6349454,9615,Liège,17122,0.179,24.894544,no,11003.64015,0.21050442,0.07800312,1486,38.892
23098,Drogenbos,Flanders,0.394981576,403.5795754,5699,VlaamsBrabant,16695,0.132,2.495508,yes,6738.024215,0.592384629,0.30321109,779,40.824
81013,Martelange,Wallonia,0.395093946,,1916,Luxembourg,17496,0.231,29.984351,no,5584.551148,0.347077244,0.260960334,184,37.903
21005,Etterbeek,Brussels,0.396246715,546.2332664,48331,Brussels,15060,0.039,3.175347,no,5816.142848,0.758726283,0.559144235,5925,37.419
63013,Bütgenbach,Wallonia,0.397394718,392.5767309,5604,Liège,17033,0.163,97.039633,no,11170.59243,0.170592434,0.113133476,796,41.248
62096,Seraing,Wallonia,0.399815009,506.3727719,63787,Liège,14275,0.027,35.246571,no,8374.747206,0.527019612,0.223540847,8426,40.776
23047,Machelen (Halle-Vilvoorde),Flanders,0.403711859,415.2249135,15895,VlaamsBrabant,16859,0.146,11.494237,yes,8499.528154,0.611387229,0.248254168,2446,38.909
63088,Plombières,Wallonia,0.403716697,976.5810183,10547,Liège,17289,0.203,53.17043,no,8277.235233,0.405233716,0.25893619,1233,40.905
52011,Charleroi,Wallonia,0.412773674,277.451607,201837,Hainaut,13539,0.015,102.94935,no,7325.713323,0.490692985,0.197401864,27883,40.033
62051,Herstal,Wallonia,0.413502005,458.2015589,40157,Liège,14725,0.034,23.358457,no,9647.134995,0.601563862,0.256866798,6130,40.818
63087,Burg-Reuland,Wallonia,0.418840213,177.2600658,3949,Liège,17435,0.22,109.827202,no,5241.833376,0.229931628,0.136237022,392,40.667
63061,Raeren,Wallonia,0.423454863,101.0193774,10889,Liège,20119,0.6,72.812431,no,2745.890348,0.680227753,0.612636606,558,42.135
63040,Kelmis,Wallonia,0.427025077,505.1416201,11086,Liège,16585,0.122,18.039301,no,3554.032113,0.603554032,0.509922425,698,41.967
52018,Farciennes,Wallonia,0.439160963,391.0763488,11251,Hainaut,11974,0.005,10.365355,no,6079.459604,0.589547596,0.210914585,1456,38.749
63079,Verviers,Wallonia,0.440109502,465.9257782,55159,Liège,14535,0.032,33.008287,no,10215.92125,0.442194384,0.219438351,7805,39.051
63080,Weismes,Wallonia,0.451665094,2440.33976,7417,Liège,17556,0.234,97.56958,no,11042.20035,0.148442767,0.08237832,1258,40.077
63020,Dison,Wallonia,0.468970987,416.3637565,15131,Liège,12526,0.008,13.976878,no,10666.84291,0.471746745,0.221928491,2159,37.255
21006,Evere,Brussels,0.491070807,538.7705813,43061,Brussels,13758,0.018,5.128598,no,7166.577646,0.723229837,0.416362834,5988,39.13
21010,Jette,Brussels,0.503121807,546.7892686,52854,Brussels,15282,0.05,5.189034,no,7136.640557,0.70278503,0.381522685,7273,38.795
21008,Ganshoren,Brussels,0.507801024,563.7381397,25189,Brussels,15179,0.041,2.433709,no,6872.047322,0.68470364,0.371471674,3440,40.948
21001,Anderlecht,Brussels,0.567650026,667.601637,121929,Brussels,11786,0.003,17.912044,no,7291.128444,0.800859517,0.448826776,17318,37.053
21011,Koekelberg,Brussels,0.586156449,557.7652814,21873,Brussels,12908,0.01,1.187699,no,7346.957436,0.809491153,0.453892927,3050,36.148
73028,Herstappe,Flanders,0.679487179,,78,Limburg,19786,0.55,1.34735,no,,0.08974359,0.051282051,8,46.056
