Virus name	Accession ID	Collection date	Location	Host	Additional location information	Sampling strategy	Gender	Patient age	Patient status	Last vaccinated	Passage	Specimen	Additional host information	Lineage	Clade	AA Substitutions
hCoV-19/USA/TX-HHD-2104272758/2021	EPI_ISL_1789778	2021-04-19	North America / United States / Texas	Human			unknown	unknown	unknown		Original			B.1.1.7	GRY	(Spike_H69del,NS8_Q27stop,NSP3_T183I,Spike_T716I,NS8_K68stop,NSP6_S106del,N_R203K,Spike_A570D,NSP14_G37S,Spike_N501Y,NSP3_I1412T,NS8_R52I,Spike_P681H,Spike_Y144del,NSP12_P227L,NSP12_S647I,NSP6_G107del,NSP3_A890D,Spike_D1118H,NSP6_F108del,NS8_Y73C,NSP3_M1441I,N_G204R,Spike_V70del,NSP12_P323L,Spike_D614G,N_D3L,Spike_S982A,N_S235F)
hCoV-19/USA/TX-HHD-2104272759/2021	EPI_ISL_1789779	2021-04-19	North America / United States / Texas	Human			unknown	unknown	unknown		Original			B.1.1.7	GRY	(Spike_H69del,NS8_Q27stop,NSP3_T183I,Spike_T716I,NS8_K68stop,NSP6_S106del,N_R203K,Spike_A570D,Spike_N501Y,NSP3_I1412T,NS8_R52I,Spike_P681H,Spike_Y144del,NSP12_P227L,NSP12_S647I,NSP6_G107del,NSP3_A890D,Spike_D1118H,NSP6_F108del,NS8_Y73C,NSP3_M1441I,N_G204R,Spike_V70del,NSP12_P323L,Spike_D614G,N_D3L,Spike_S982A,N_S235F)
hCoV-19/USA/TX-HHD-2104272770/2021	EPI_ISL_1789780	2021-04-19	North America / United States / Texas	Human			unknown	unknown	unknown		Original			B.1.1.7	GRY	(Spike_H69del,NS8_Q27stop,NSP3_T183I,Spike_T716I,NS7a_S81L,NSP6_S106del,N_R203K,Spike_S155R,Spike_A570D,Spike_N501Y,NS7a_F63Y,Spike_L841I,NSP3_I1412T,NS8_R52I,Spike_P681H,Spike_Y144del,NSP2_L550F,NSP6_G107del,NSP3_A890D,Spike_D1118H,NSP6_F108del,NS8_Y73C,N_G204R,Spike_V70del,NS7a_Q62del,NSP12_P323L,Spike_D614G,N_D3L,Spike_S982A,N_S235F)
hCoV-19/USA/TX-HHD-2104272773/2021	EPI_ISL_1789781	2021-04-19	North America / United States / Texas	Human			unknown	unknown	unknown		Original			B.1.1.7	GRY	(Spike_H69del,NS8_Q27stop,NSP3_T183I,Spike_T716I,NS8_K68stop,NSP6_S106del,N_R203K,Spike_A570D,Spike_N501Y,NSP3_I1412T,NS8_R52I,Spike_P681H,Spike_Y144del,NS8_C61F,NSP12_P227L,NSP6_G107del,NSP3_A890D,Spike_D1118H,NSP6_F108del,NS8_Y73C,NSP3_M1441I,N_G204R,Spike_V70del,NSP12_P323L,Spike_D614G,N_D3L,Spike_S982A,N_S235F)
hCoV-19/USA/TX-HHD-2104272785/2021	EPI_ISL_1789782	2021-04-19	North America / United States / Texas	Human			unknown	unknown	unknown		Original			B.1.1.7	GRY	(Spike_H69del,NS8_Q27stop,NSP3_T183I,Spike_T716I,NS7a_S81L,NSP6_S106del,N_R203K,Spike_S155R,Spike_A570D,Spike_N501Y,NS7a_F63Y,Spike_L841I,NSP3_I1412T,NS8_R52I,Spike_P681H,Spike_Y144del,NSP2_L550F,NSP6_G107del,NSP3_A890D,Spike_D1118H,NSP6_F108del,NS8_Y73C,N_G204R,Spike_V70del,NS7a_Q62del,NSP12_P323L,Spike_D614G,N_D3L,Spike_S982A,N_S235F)
hCoV-19/USA/TX-HHD-2104272786/2021	EPI_ISL_1789783	2021-04-19	North America / United States / Texas	Human			unknown	unknown	unknown		Original			B.1.1.7	GRY	(Spike_H69del,NS8_Q27stop,NSP3_T183I,Spike_T716I,NS8_K68stop,NSP6_S106del,N_R203K,Spike_A570D,Spike_N501Y,NSP3_I1412T,NS8_R52I,Spike_P681H,Spike_Y144del,NS8_C61F,NSP12_P227L,N_D401H,NSP6_G107del,NSP3_A890D,Spike_D1118H,NSP6_F108del,NS8_Y73C,NSP3_M1441I,N_G204R,Spike_V70del,NS3_Q213K,NSP12_P323L,Spike_D614G,NSP12_V473F,Spike_P812S,N_D3L,Spike_S982A,N_S235F)
hCoV-19/USA/TX-HHD-2104272787/2021	EPI_ISL_1789784	2021-04-19	North America / United States / Texas	Human			unknown	unknown	unknown		Original			B.1.1.7	GRY	(Spike_H69del,NS8_Q27stop,NSP3_T183I,Spike_T716I,NS8_K68stop,NSP6_S106del,N_R203K,NSP4_I2F,Spike_A570D,Spike_N501Y,NSP3_I1412T,NS8_R52I,Spike_P681H,NSP3_S769L,Spike_Y144del,NSP6_G107del,NSP3_A890D,Spike_D1118H,NSP6_F108del,NS8_Y73C,N_G204R,Spike_V70del,NSP12_P323L,Spike_D614G,N_D3L,Spike_S982A,N_S235F)
hCoV-19/USA/TX-HHD-2104272788/2021	EPI_ISL_1789785	2021-04-19	North America / United States / Texas	Human			unknown	unknown	unknown		Original			B.1.1.7	GRY	(Spike_H69del,NS8_Q27stop,NSP3_T183I,Spike_T716I,NS8_K68stop,NSP6_S106del,N_R203K,NSP4_I2F,Spike_A570D,Spike_N501Y,NSP3_I1412T,NS8_R52I,Spike_P681H,NSP3_S769L,Spike_Y144del,NSP6_G107del,NSP3_A890D,Spike_D1118H,NSP6_F108del,NS8_Y73C,N_G204R,Spike_V70del,NSP12_P323L,Spike_D614G,N_D3L,Spike_S982A,N_S235F)
hCoV-19/USA/TX-HHD-2104273384/2021	EPI_ISL_1789786	2021-04-19	North America / United States / Texas	Human			unknown	unknown	unknown		Original			B.1.1.7	GRY	(Spike_H69del,NS8_Q27stop,NSP3_T183I,Spike_K1191N,Spike_T716I,NSP6_S106del,N_R203K,Spike_A570D,NSP8_Q24R,NSP13_K460R,Spike_N501Y,NSP3_I1412T,NS8_R52I,Spike_P681H,Spike_Y144del,NSP6_G107del,NSP3_A890D,NSP3_I1541V,Spike_D1118H,NSP6_F108del,NS8_Y73C,N_G204R,NSP12_M124I,Spike_V70del,NSP12_P323L,Spike_D614G,N_D3L,NSP16_K160R,Spike_S982A,N_S235F)
hCoV-19/USA/TX-HHD-2104273980/2021	EPI_ISL_1789787	2021-04-20	North America / United States / Texas	Human			unknown	unknown	unknown		Original			B.1.1.7	GRY	(Spike_H69del,NS8_Q27stop,NSP3_T183I,Spike_K1191N,Spike_T716I,NSP6_S106del,N_R203K,Spike_A570D,NSP8_Q24R,NSP13_K460R,Spike_N501Y,NS3_V202L,NSP3_I1412T,NS8_R52I,Spike_P681H,Spike_A684V,NSP3_L1791F,Spike_Y144del,NSP6_G107del,NSP3_A890D,Spike_D1118H,NSP6_F108del,NS8_Y73C,N_G204R,Spike_V70del,NSP12_P323L,Spike_D614G,N_D3L,NSP16_K160R,Spike_S982A,N_S235F)
hCoV-19/USA/TX-HHD-2104274420/2021	EPI_ISL_1789788	2021-04-20	North America / United States / Texas	Human			unknown	unknown	unknown		Original			B.1.1.7	GRY	(NSP3_A1527V,Spike_H69del,NS8_Q27stop,NSP3_T183I,Spike_T716I,NS8_K68stop,NSP6_S106del,N_R203K,Spike_A570D,Spike_N501Y,NSP2_P125S,NSP3_I1412T,NS8_R52I,Spike_P681H,Spike_Y144del,NSP15_P205S,NSP6_G107del,NSP3_A890D,Spike_D1118H,NSP6_F108del,NS8_Y73C,N_G204R,Spike_V70del,NS8_L109F,NSP12_P323L,Spike_D614G,N_D3L,Spike_S982A,N_S235F)
hCoV-19/USA/TX-HHD-2104274508/2021	EPI_ISL_1789789	2021-04-20	North America / United States / Texas	Human			unknown	unknown	unknown		Original			B.1.1.7	GRY	(Spike_H69del,NS8_Q27stop,NSP3_T183I,Spike_T716I,NS8_K68stop,NSP6_S106del,N_R203K,Spike_A570D,NSP16_S261F,Spike_N501Y,NSP3_I1412T,NS8_R52I,Spike_P681H,Spike_Y144del,NSP12_P227L,NSP7_S25L,NS8_Q72R,NSP6_G107del,NSP3_A890D,Spike_D1118H,NSP6_F108del,NS8_Y73C,N_G204R,Spike_V70del,NSP12_P323L,NSP14_P451S,Spike_D614G,N_D3L,Spike_S982A,N_S235F)
hCoV-19/USA/TX-HHD-2104275226/2021	EPI_ISL_1789790	2021-04-20	North America / United States / Texas	Human			unknown	unknown	unknown		Original			B.1.1.7	GRY	(Spike_H69del,NS8_Q27stop,NSP3_T183I,Spike_K1191N,Spike_T716I,NSP6_S106del,N_R203K,Spike_A570D,NSP8_Q24R,NSP13_K460R,Spike_N501Y,NS3_V202L,NSP3_I1412T,NS8_R52I,Spike_P681H,Spike_A684V,NSP3_L1791F,Spike_Y144del,NSP6_G107del,NSP3_A890D,Spike_D1118H,NSP6_F108del,NS8_Y73C,N_G204R,Spike_V70del,NSP12_P323L,Spike_D614G,N_D3L,NSP16_K160R,Spike_S982A,N_S235F)
hCoV-19/USA/TX-HHD-2104275235/2021	EPI_ISL_1789791	2021-04-21	North America / United States / Texas	Human			unknown	unknown	unknown		Original			B.1.1.7	GRY	(Spike_H69del,NS8_Q27stop,NSP3_T183I,Spike_K1191N,Spike_T716I,NSP6_S106del,N_R203K,Spike_A570D,NSP8_Q24R,NSP13_K460R,Spike_N501Y,NS3_V202L,NSP3_I1412T,NS8_R52I,Spike_P681H,Spike_A684V,NSP3_L1791F,Spike_Y144del,NSP6_G107del,NSP3_A890D,Spike_D1118H,NSP6_F108del,NS8_Y73C,N_G204R,Spike_V70del,NSP12_P323L,Spike_D614G,N_D3L,NSP16_K160R,Spike_S982A,N_S235F)
hCoV-19/USA/TX-HHD-2104275239/2021	EPI_ISL_1789792	2021-04-21	North America / United States / Texas	Human			unknown	unknown	unknown		Original			B.1.1.7	GRY	(Spike_H69del,NS8_Q27stop,NSP3_T183I,Spike_K1191N,Spike_T716I,NSP6_S106del,N_R203K,Spike_A570D,NSP8_Q24R,NSP13_K460R,Spike_N501Y,NS3_V202L,NSP3_I1412T,NS8_R52I,Spike_P681H,Spike_A684V,NSP3_L1791F,Spike_Y144del,NSP6_G107del,NSP3_A890D,Spike_D1118H,NSP6_F108del,NS8_Y73C,N_G204R,Spike_V70del,NSP12_P323L,Spike_D614G,N_D3L,NSP16_K160R,Spike_S982A,N_S235F)
hCoV-19/USA/TX-HHD-2104275241/2021	EPI_ISL_1789793	2021-04-21	North America / United States / Texas	Human			unknown	unknown	unknown		Original			B.1.1.7	GRY	(Spike_H69del,NS8_Q27stop,NSP3_T183I,Spike_K1191N,Spike_T716I,NSP6_S106del,N_R203K,Spike_A570D,NSP8_Q24R,NSP13_K460R,Spike_N501Y,NS3_V202L,NSP3_I1412T,NS8_R52I,Spike_P681H,Spike_A684V,NSP3_L1791F,Spike_Y144del,NSP6_G107del,NSP3_A890D,Spike_D1118H,NSP6_F108del,NS8_Y73C,N_G204R,Spike_V70del,NSP12_P323L,Spike_D614G,N_D3L,NSP16_K160R,Spike_S982A,N_S235F)
hCoV-19/USA/TX-HHD-2104275243/2021	EPI_ISL_1789794	2021-04-21	North America / United States / Texas	Human			unknown	unknown	unknown		Original			B.1.1.7	GRY	(Spike_H69del,NS8_Q27stop,NSP3_T183I,Spike_K1191N,Spike_T716I,NSP6_S106del,N_R203K,Spike_A570D,NSP8_Q24R,NSP13_K460R,Spike_N501Y,NS3_V202L,NSP3_I1412T,NS8_R52I,Spike_P681H,Spike_A684V,NSP3_L1791F,Spike_Y144del,NSP6_G107del,NSP3_A890D,Spike_D1118H,NSP6_F108del,NS8_Y73C,N_G204R,Spike_V70del,NSP12_P323L,Spike_D614G,N_D3L,NSP16_K160R,Spike_S982A,N_S235F)
hCoV-19/USA/TX-HHD-2104275245/2021	EPI_ISL_1789795	2021-04-21	North America / United States / Texas	Human			unknown	unknown	unknown		Original			B.1.1.7	GRY	(Spike_H69del,NS8_Q27stop,NSP3_T183I,Spike_K1191N,Spike_T716I,NSP6_S106del,N_R203K,Spike_A570D,NSP8_Q24R,NSP13_K460R,Spike_N501Y,NS3_V202L,NSP3_I1412T,NS8_R52I,Spike_P681H,Spike_A684V,NSP3_L1791F,Spike_Y144del,NSP6_G107del,NSP3_A890D,Spike_D1118H,NSP6_F108del,NS8_Y73C,N_G204R,Spike_V70del,NSP12_P323L,Spike_D614G,N_D3L,NSP16_K160R,Spike_S982A,N_S235F)
hCoV-19/USA/TX-HHD-2104275248/2021	EPI_ISL_1789796	2021-04-21	North America / United States / Texas	Human			unknown	unknown	unknown		Original			B.1.1.7	GRY	(Spike_H69del,NS8_Q27stop,NSP3_T183I,Spike_K1191N,Spike_T716I,NSP6_S106del,N_R203K,Spike_A570D,NSP8_Q24R,NSP13_K460R,Spike_N501Y,NS3_V202L,NSP3_I1412T,NS8_R52I,Spike_P681H,Spike_A684V,NSP3_L1791F,Spike_Y144del,NSP6_G107del,NSP3_A890D,Spike_D1118H,NSP6_F108del,NS8_Y73C,N_G204R,Spike_V70del,NSP12_P323L,Spike_D614G,N_D3L,NSP16_K160R,Spike_S982A,N_S235F)
hCoV-19/USA/TX-HHD-2104275263/2021	EPI_ISL_1789797	2021-04-21	North America / United States / Texas	Human			unknown	unknown	unknown		Original			B.1.1.7	GRY	(Spike_H69del,NS8_Q27stop,NSP3_T183I,Spike_K1191N,Spike_T716I,NSP6_S106del,N_R203K,Spike_A570D,NSP8_Q24R,NSP13_K460R,Spike_N501Y,NS3_V202L,NSP3_I1412T,NS8_R52I,Spike_P681H,Spike_A684V,NSP3_L1791F,Spike_Y144del,NSP6_G107del,NSP3_A890D,Spike_D1118H,NSP6_F108del,NS8_Y73C,N_G204R,Spike_V70del,NSP12_P323L,Spike_D614G,N_D3L,NSP16_K160R,Spike_S982A,N_S235F)
hCoV-19/USA/TX-HHD-2104275266/2021	EPI_ISL_1789798	2021-04-21	North America / United States / Texas	Human			unknown	unknown	unknown		Original			B.1.1.7	GRY	(Spike_H69del,NS8_Q27stop,NSP3_T183I,Spike_K1191N,Spike_T716I,NSP6_S106del,N_R203K,Spike_A570D,NSP8_Q24R,NSP13_K460R,Spike_N501Y,NS3_V202L,NSP3_I1412T,NS8_R52I,Spike_P681H,Spike_A684V,NSP3_L1791F,Spike_Y144del,NSP6_G107del,NSP3_A890D,Spike_D1118H,NSP6_F108del,NS8_Y73C,N_G204R,Spike_V70del,NSP12_P323L,Spike_D614G,N_D3L,NSP16_K160R,Spike_S982A,N_S235F)
hCoV-19/USA/TX-HHD-2104275270/2021	EPI_ISL_1789799	2021-04-21	North America / United States / Texas	Human			unknown	unknown	unknown		Original			B.1.1.7	GRY	(Spike_H69del,NS8_Q27stop,NSP3_T183I,Spike_K1191N,Spike_T716I,NSP6_S106del,N_R203K,Spike_A570D,NSP8_Q24R,NSP13_K460R,Spike_N501Y,NS3_V202L,NSP3_I1412T,NS8_R52I,Spike_P681H,Spike_A684V,NSP3_L1791F,Spike_Y144del,NSP6_G107del,NSP3_A890D,Spike_D1118H,NSP6_F108del,NS8_Y73C,N_G204R,Spike_V70del,NSP12_P323L,Spike_D614G,N_D3L,NSP16_K160R,Spike_S982A,N_S235F)
hCoV-19/USA/TX-HHD-2104275271/2021	EPI_ISL_1789800	2021-04-21	North America / United States / Texas	Human			unknown	unknown	unknown		Original			B.1.1.7	GRY	(Spike_H69del,NS8_Q27stop,NSP3_T183I,Spike_K1191N,Spike_T716I,NSP6_S106del,N_R203K,Spike_A570D,NSP8_Q24R,NSP13_K460R,Spike_N501Y,NS3_V202L,NSP3_I1412T,NS8_R52I,Spike_P681H,Spike_A684V,NSP3_L1791F,Spike_Y144del,NSP6_G107del,NSP3_A890D,Spike_D1118H,NSP6_F108del,NS8_Y73C,N_G204R,Spike_V70del,NSP12_P323L,Spike_D614G,N_D3L,NSP16_K160R,Spike_S982A,N_S235F)
hCoV-19/USA/TX-HHD-2104275274/2021	EPI_ISL_1789801	2021-04-21	North America / United States / Texas	Human			unknown	unknown	unknown		Original			B.1.1.7	GRY	(Spike_H69del,NS8_Q27stop,NSP3_T183I,Spike_K1191N,Spike_T716I,NSP6_S106del,N_R203K,Spike_A570D,NSP8_Q24R,NSP13_K460R,Spike_N501Y,NS3_V202L,NSP3_I1412T,M_H155Y,NS8_R52I,Spike_P681H,Spike_A684V,NSP3_L1791F,Spike_Y144del,NSP6_G107del,NSP3_A890D,Spike_D1118H,NSP6_F108del,NS8_Y73C,N_G204R,Spike_V70del,NSP12_P323L,Spike_D614G,N_D3L,NSP16_K160R,Spike_S982A,N_S235F)
hCoV-19/USA/TX-HHD-2104275277/2021	EPI_ISL_1789802	2021-04-21	North America / United States / Texas	Human			unknown	unknown	unknown		Original			B.1.1.7	GRY	(Spike_H69del,NS8_Q27stop,NSP3_T183I,Spike_K1191N,Spike_T716I,NSP6_S106del,N_R203K,Spike_A570D,NSP8_Q24R,NSP13_K460R,Spike_N501Y,NS3_V202L,NSP3_I1412T,NS8_R52I,Spike_P681H,Spike_A684V,NSP3_L1791F,Spike_Y144del,NSP6_G107del,NSP3_A890D,Spike_D1118H,NSP6_F108del,NS8_Y73C,N_G204R,Spike_V70del,NSP12_P323L,Spike_D614G,N_D3L,NSP16_K160R,Spike_S982A,N_S235F)
hCoV-19/USA/TX-HHD-2104275293/2021	EPI_ISL_1789803	2021-04-21	North America / United States / Texas	Human			unknown	unknown	unknown		Original			B.1.1.7	GRY	(Spike_H69del,NS8_Q27stop,NSP3_T183I,Spike_K1191N,Spike_T716I,NSP6_S106del,N_R203K,Spike_A570D,NSP8_Q24R,NSP13_K460R,Spike_N501Y,NS3_V202L,NSP3_I1412T,NS8_R52I,Spike_P681H,Spike_A684V,NSP3_L1791F,Spike_Y144del,NSP6_G107del,NSP3_A890D,Spike_D1118H,NSP6_F108del,NS8_Y73C,N_G204R,Spike_V70del,NSP12_P323L,Spike_D614G,N_D3L,NSP16_K160R,Spike_S982A,N_S235F)
hCoV-19/USA/TX-HHD-2104275297/2021	EPI_ISL_1789804	2021-04-21	North America / United States / Texas	Human			unknown	unknown	unknown		Original			B.1.1.7	GRY	(Spike_H69del,NS8_Q27stop,NSP3_T183I,Spike_K1191N,Spike_T716I,NSP6_S106del,N_R203K,Spike_A570D,NSP8_Q24R,NSP13_K460R,Spike_N501Y,NS3_V202L,NSP3_I1412T,NS8_R52I,Spike_P681H,Spike_A684V,NSP3_L1791F,Spike_Y144del,NSP6_G107del,NSP3_A890D,Spike_D1118H,NSP6_F108del,NS8_Y73C,N_G204R,Spike_V70del,NSP12_P323L,Spike_D614G,N_D3L,NSP16_K160R,Spike_S982A,NSP3_P723S,N_S235F)
hCoV-19/USA/TX-HHD-2104275299/2021	EPI_ISL_1789805	2021-04-21	North America / United States / Texas	Human			unknown	unknown	unknown		Original			B.1.1.7	GRY	(Spike_H69del,NS8_Q27stop,NSP3_T183I,Spike_K1191N,Spike_T716I,NSP6_S106del,N_R203K,Spike_A570D,NSP8_Q24R,NSP13_K460R,Spike_N501Y,NS3_V202L,NSP3_I1412T,NS8_R52I,Spike_P681H,Spike_A684V,NSP3_L1791F,Spike_Y144del,NSP6_G107del,NSP3_A890D,Spike_D1118H,NSP6_F108del,NS8_Y73C,N_G204R,Spike_V70del,NSP12_P323L,Spike_D614G,N_D3L,NSP16_K160R,Spike_S982A,N_S235F)
hCoV-19/USA/TX-HHD-2104275318/2021	EPI_ISL_1789806	2021-04-21	North America / United States / Texas	Human			unknown	unknown	unknown		Original			B.1.1.7	GRY	(Spike_H69del,NS8_Q27stop,NSP3_T183I,Spike_K1191N,Spike_T716I,NSP6_S106del,N_R203K,Spike_A570D,NSP8_Q24R,NSP13_K460R,Spike_N501Y,NS3_V202L,NSP3_I1412T,NS8_R52I,Spike_P681H,Spike_A684V,NSP3_L1791F,Spike_Y144del,NSP6_G107del,NSP3_A890D,Spike_D1118H,NSP6_F108del,NS8_Y73C,N_G204R,Spike_V70del,NSP12_P323L,Spike_D614G,N_D3L,NSP16_K160R,Spike_S982A,N_S235F)
hCoV-19/USA/TX-HHD-2104276873/2021	EPI_ISL_1789807	2021-04-21	North America / United States / Texas	Human			unknown	unknown	unknown		Original			B.1.2	GH	(N_P67S,NSP16_R216C,NS3_Q57H,NSP2_T85I,NSP5_L89F,NSP14_V167L,NS8_S24L,NSP14_N129D,NS3_G172V,NS3_S180P,N_Q389L,NSP12_P323L,Spike_D614G,N_P199L,NSP12_Q81E,NSP12_V776L,Spike_A520S,Spike_S640F,NSP3_P395L)
hCoV-19/USA/TX-HHD-2104276877/2021	EPI_ISL_1789808	2021-04-23	North America / United States / Texas	Human			unknown	unknown	unknown		Original			B.1.526.1	GH	(NSP4_K399E,NS3_P104L,NS7a_Q76del,NSP6_S106del,NS7a_L77del,Spike_S155R,Spike_D80G,Spike_T859N,Spike_F157S,NS7a_Y75del,NSP4_L438P,NS7a_K72del,Spike_D950H,N_M234I,NS7a_H73del,NS3_P42L,NSP6_G107del,NS8_A51S,N_T205I,NSP6_F108del,NS3_Q57H,NSP4_A446V,NS8_T11I,NSP2_T85I,NSP6_V278I,NSP12_P323L,Spike_D614G,Spike_L452R,NSP3_A861S,NS7a_V74del)
hCoV-19/USA/TX-HHD-2104276883/2021	EPI_ISL_1789809	2021-04-23	North America / United States / Texas	Human			unknown	unknown	unknown		Original			B.1.1.7	GRY	(Spike_H69del,NS8_Q27stop,NSP3_T183I,Spike_T716I,NS8_K68stop,NSP6_S106del,N_R203K,Spike_A570D,Spike_N501Y,NS3_L83F,NSP3_I1412T,NS8_R52I,Spike_P681H,Spike_Y144del,NS8_F3L,NSP12_P227L,NSP6_G107del,NSP3_A890D,Spike_D1118H,NSP6_F108del,NS8_Y73C,N_G204R,Spike_V70del,NSP12_P323L,NSP14_P451S,Spike_D614G,N_D3L,Spike_S982A,N_S235F)
hCoV-19/USA/TX-HHD-2104277315/2021	EPI_ISL_1789810	2021-04-23	North America / United States / Texas	Human			unknown	unknown	unknown		Original			B.1.1.7	GRY	(Spike_H69del,NS8_Q27stop,NSP3_T183I,Spike_T716I,NS8_K68stop,NSP6_S106del,N_R203K,Spike_A570D,Spike_N501Y,NSP3_I1412T,NS8_R52I,Spike_P681H,Spike_V1228L,Spike_Y144del,NS8_C61F,NSP12_P227L,NSP6_G107del,NSP3_A890D,Spike_D1118H,NSP6_F108del,NS8_Y73C,NSP3_M1441I,N_G204R,Spike_V70del,NSP12_P323L,Spike_D614G,N_D3L,Spike_S982A,N_S235F)
