"Week","REGION","LINEAGE2","count","total","collection_date","collection_date_num","prop"
1,"London","other",38,2001,2020-12-28,18624.5,0.0189905047476262
2,"London","other",31,1547,2021-01-04,18631.5,0.0200387847446671
3,"London","other",22,1479,2021-01-11,18638.5,0.0148749154834348
4,"London","other",25,1639,2021-01-18,18645.5,0.0152532031726663
5,"London","other",23,1500,2021-01-25,18652.5,0.0153333333333333
6,"London","other",0,509,2021-02-01,18659.5,0
7,"London","other",6,672,2021-02-08,18666.5,0.00892857142857143
8,"London","other",4,902,2021-02-15,18673.5,0.00443458980044346
9,"London","other",1,584,2021-02-22,18680.5,0.00171232876712329
10,"London","other",2,646,2021-03-01,18687.5,0.00309597523219814
11,"London","other",7,585,2021-03-08,18694.5,0.011965811965812
12,"London","other",5,515,2021-03-15,18701.5,0.00970873786407767
13,"London","other",6,647,2021-03-22,18708.5,0.00927357032457496
14,"London","other",7,438,2021-03-29,18715.5,0.0159817351598174
15,"London","other",15,351,2021-04-05,18722.5,0.0427350427350427
16,"London","other",6,323,2021-04-12,18729.5,0.0185758513931889
17,"London","other",16,360,2021-04-19,18736.5,0.0444444444444444
18,"London","other",7,298,2021-04-26,18743.5,0.023489932885906
19,"London","other",20,388,2021-05-03,18750.5,0.0515463917525773
20,"London","other",11,356,2021-05-10,18757.5,0.0308988764044944
1,"North West","other",30,750,2020-12-28,18624.5,0.04
2,"North West","other",51,1530,2021-01-04,18631.5,0.0333333333333333
3,"North West","other",97,3504,2021-01-11,18638.5,0.0276826484018265
4,"North West","other",54,3280,2021-01-18,18645.5,0.0164634146341463
5,"North West","other",67,4794,2021-01-25,18652.5,0.0139758030871923
6,"North West","other",11,1058,2021-02-01,18659.5,0.0103969754253308
7,"North West","other",15,1922,2021-02-08,18666.5,0.00780437044745057
8,"North West","other",9,2485,2021-02-15,18673.5,0.00362173038229376
9,"North West","other",1,1881,2021-02-22,18680.5,0.000531632110579479
10,"North West","other",5,1702,2021-03-01,18687.5,0.00293772032902468
11,"North West","other",6,1404,2021-03-08,18694.5,0.00427350427350427
12,"North West","other",5,2021,2021-03-15,18701.5,0.0024740227610094
13,"North West","other",14,2694,2021-03-22,18708.5,0.00519673348181143
14,"North West","other",11,1773,2021-03-29,18715.5,0.00620417371686407
15,"North West","other",6,890,2021-04-05,18722.5,0.00674157303370787
16,"North West","other",8,767,2021-04-12,18729.5,0.0104302477183833
17,"North West","other",10,866,2021-04-19,18736.5,0.0115473441108545
18,"North West","other",1,1116,2021-04-26,18743.5,0.000896057347670251
19,"North West","other",19,1587,2021-05-03,18750.5,0.0119722747321991
20,"North West","other",35,1833,2021-05-10,18757.5,0.0190943807965085
1,"South West","other",4,126,2020-12-28,18624.5,0.0317460317460317
2,"South West","other",6,258,2021-01-04,18631.5,0.0232558139534884
3,"South West","other",9,467,2021-01-11,18638.5,0.019271948608137
4,"South West","other",4,255,2021-01-18,18645.5,0.0156862745098039
5,"South West","other",1,277,2021-01-25,18652.5,0.0036101083032491
6,"South West","other",0,92,2021-02-01,18659.5,0
7,"South West","other",0,197,2021-02-08,18666.5,0
8,"South West","other",1,271,2021-02-15,18673.5,0.003690036900369
9,"South West","other",1,190,2021-02-22,18680.5,0.00526315789473684
10,"South West","other",1,209,2021-03-01,18687.5,0.00478468899521531
11,"South West","other",1,140,2021-03-08,18694.5,0.00714285714285714
12,"South West","other",1,103,2021-03-15,18701.5,0.00970873786407767
13,"South West","other",0,150,2021-03-22,18708.5,0
14,"South West","other",0,100,2021-03-29,18715.5,0
15,"South West","other",0,93,2021-04-05,18722.5,0
16,"South West","other",0,47,2021-04-12,18729.5,0
17,"South West","other",0,32,2021-04-19,18736.5,0
18,"South West","other",0,30,2021-04-26,18743.5,0
19,"South West","other",0,20,2021-05-03,18750.5,0
20,"South West","other",1,54,2021-05-10,18757.5,0.0185185185185185
1,"South East","other",21,863,2020-12-28,18624.5,0.0243337195828505
2,"South East","other",25,951,2021-01-04,18631.5,0.0262881177707676
3,"South East","other",23,852,2021-01-11,18638.5,0.0269953051643192
4,"South East","other",9,851,2021-01-18,18645.5,0.0105757931844888
5,"South East","other",10,1069,2021-01-25,18652.5,0.00935453695042095
6,"South East","other",4,273,2021-02-01,18659.5,0.0146520146520147
7,"South East","other",4,597,2021-02-08,18666.5,0.0067001675041876
8,"South East","other",7,828,2021-02-15,18673.5,0.00845410628019324
9,"South East","other",1,526,2021-02-22,18680.5,0.00190114068441065
10,"South East","other",5,704,2021-03-01,18687.5,0.00710227272727273
11,"South East","other",5,699,2021-03-08,18694.5,0.00715307582260372
12,"South East","other",1,484,2021-03-15,18701.5,0.00206611570247934
13,"South East","other",0,554,2021-03-22,18708.5,0
14,"South East","other",1,326,2021-03-29,18715.5,0.00306748466257669
15,"South East","other",1,387,2021-04-05,18722.5,0.00258397932816537
16,"South East","other",6,324,2021-04-12,18729.5,0.0185185185185185
17,"South East","other",14,262,2021-04-19,18736.5,0.0534351145038168
18,"South East","other",7,218,2021-04-26,18743.5,0.0321100917431193
19,"South East","other",4,234,2021-05-03,18750.5,0.0170940170940171
20,"South East","other",6,199,2021-05-10,18757.5,0.0301507537688442
1,"East of England","other",13,584,2020-12-28,18624.5,0.0222602739726027
2,"East of England","other",20,705,2021-01-04,18631.5,0.0283687943262411
3,"East of England","other",20,737,2021-01-11,18638.5,0.0271370420624152
4,"East of England","other",15,723,2021-01-18,18645.5,0.020746887966805
5,"East of England","other",6,706,2021-01-25,18652.5,0.0084985835694051
6,"East of England","other",5,326,2021-02-01,18659.5,0.0153374233128834
7,"East of England","other",9,604,2021-02-08,18666.5,0.0149006622516556
8,"East of England","other",13,865,2021-02-15,18673.5,0.015028901734104
9,"East of England","other",2,437,2021-02-22,18680.5,0.0045766590389016
10,"East of England","other",6,619,2021-03-01,18687.5,0.00969305331179321
11,"East of England","other",2,806,2021-03-08,18694.5,0.00248138957816377
12,"East of England","other",1,784,2021-03-15,18701.5,0.00127551020408163
13,"East of England","other",4,968,2021-03-22,18708.5,0.00413223140495868
14,"East of England","other",0,463,2021-03-29,18715.5,0
15,"East of England","other",5,368,2021-04-05,18722.5,0.0135869565217391
16,"East of England","other",4,339,2021-04-12,18729.5,0.0117994100294985
17,"East of England","other",5,415,2021-04-19,18736.5,0.0120481927710843
18,"East of England","other",2,447,2021-04-26,18743.5,0.00447427293064877
19,"East of England","other",12,503,2021-05-03,18750.5,0.0238568588469185
20,"East of England","other",10,469,2021-05-10,18757.5,0.0213219616204691
1,"East Midlands","other",2,85,2020-12-28,18624.5,0.0235294117647059
2,"East Midlands","other",13,283,2021-01-04,18631.5,0.0459363957597173
3,"East Midlands","other",3,300,2021-01-11,18638.5,0.01
4,"East Midlands","other",7,401,2021-01-18,18645.5,0.0174563591022444
5,"East Midlands","other",7,548,2021-01-25,18652.5,0.0127737226277372
6,"East Midlands","other",2,219,2021-02-01,18659.5,0.0091324200913242
7,"East Midlands","other",2,516,2021-02-08,18666.5,0.00387596899224806
8,"East Midlands","other",6,631,2021-02-15,18673.5,0.00950871632329636
9,"East Midlands","other",0,486,2021-02-22,18680.5,0
10,"East Midlands","other",5,662,2021-03-01,18687.5,0.00755287009063444
11,"East Midlands","other",1,976,2021-03-08,18694.5,0.00102459016393443
12,"East Midlands","other",1,1337,2021-03-15,18701.5,0.00074794315632012
13,"East Midlands","other",0,1836,2021-03-22,18708.5,0
14,"East Midlands","other",2,1135,2021-03-29,18715.5,0.00176211453744493
15,"East Midlands","other",3,712,2021-04-05,18722.5,0.00421348314606742
16,"East Midlands","other",1,587,2021-04-12,18729.5,0.00170357751277683
17,"East Midlands","other",2,624,2021-04-19,18736.5,0.00320512820512821
18,"East Midlands","other",4,583,2021-04-26,18743.5,0.00686106346483705
19,"East Midlands","other",4,828,2021-05-03,18750.5,0.00483091787439614
20,"East Midlands","other",8,587,2021-05-10,18757.5,0.0136286201022147
1,"West Midlands","other",23,502,2020-12-28,18624.5,0.0458167330677291
2,"West Midlands","other",31,874,2021-01-04,18631.5,0.0354691075514874
3,"West Midlands","other",18,921,2021-01-11,18638.5,0.0195439739413681
4,"West Midlands","other",8,1027,2021-01-18,18645.5,0.00778967867575463
5,"West Midlands","other",10,1265,2021-01-25,18652.5,0.00790513833992095
6,"West Midlands","other",2,328,2021-02-01,18659.5,0.00609756097560976
7,"West Midlands","other",2,396,2021-02-08,18666.5,0.00505050505050505
8,"West Midlands","other",4,607,2021-02-15,18673.5,0.00658978583196046
9,"West Midlands","other",1,430,2021-02-22,18680.5,0.00232558139534884
10,"West Midlands","other",3,606,2021-03-01,18687.5,0.00495049504950495
11,"West Midlands","other",3,839,2021-03-08,18694.5,0.00357568533969011
12,"West Midlands","other",3,1004,2021-03-15,18701.5,0.00298804780876494
13,"West Midlands","other",16,1213,2021-03-22,18708.5,0.0131904369332234
14,"West Midlands","other",3,882,2021-03-29,18715.5,0.00340136054421769
15,"West Midlands","other",3,534,2021-04-05,18722.5,0.00561797752808989
16,"West Midlands","other",4,527,2021-04-12,18729.5,0.00759013282732448
17,"West Midlands","other",4,530,2021-04-19,18736.5,0.00754716981132075
18,"West Midlands","other",5,499,2021-04-26,18743.5,0.0100200400801603
19,"West Midlands","other",5,529,2021-05-03,18750.5,0.00945179584120983
20,"West Midlands","other",8,418,2021-05-10,18757.5,0.0191387559808612
1,"North East","other",15,263,2020-12-28,18624.5,0.0570342205323194
2,"North East","other",9,322,2021-01-04,18631.5,0.0279503105590062
3,"North East","other",7,233,2021-01-11,18638.5,0.0300429184549356
4,"North East","other",9,750,2021-01-18,18645.5,0.012
5,"North East","other",0,460,2021-01-25,18652.5,0
6,"North East","other",0,174,2021-02-01,18659.5,0
7,"North East","other",0,206,2021-02-08,18666.5,0
8,"North East","other",0,1148,2021-02-15,18673.5,0
9,"North East","other",1,1546,2021-02-22,18680.5,0.000646830530401035
10,"North East","other",0,1001,2021-03-01,18687.5,0
11,"North East","other",0,1416,2021-03-08,18694.5,0
12,"North East","other",3,1039,2021-03-15,18701.5,0.00288739172281039
13,"North East","other",0,843,2021-03-22,18708.5,0
14,"North East","other",0,842,2021-03-29,18715.5,0
15,"North East","other",2,444,2021-04-05,18722.5,0.0045045045045045
16,"North East","other",0,234,2021-04-12,18729.5,0
17,"North East","other",1,186,2021-04-19,18736.5,0.00537634408602151
18,"North East","other",1,180,2021-04-26,18743.5,0.00555555555555556
19,"North East","other",0,68,2021-05-03,18750.5,0
20,"North East","other",0,29,2021-05-10,18757.5,0
1,"Yorkshire and The Humber","other",20,195,2020-12-28,18624.5,0.102564102564103
2,"Yorkshire and The Humber","other",12,366,2021-01-04,18631.5,0.0327868852459016
3,"Yorkshire and The Humber","other",27,535,2021-01-11,18638.5,0.0504672897196262
4,"Yorkshire and The Humber","other",27,858,2021-01-18,18645.5,0.0314685314685315
5,"Yorkshire and The Humber","other",25,981,2021-01-25,18652.5,0.0254841997961264
6,"Yorkshire and The Humber","other",1,225,2021-02-01,18659.5,0.00444444444444444
7,"Yorkshire and The Humber","other",4,513,2021-02-08,18666.5,0.00779727095516569
8,"Yorkshire and The Humber","other",8,1420,2021-02-15,18673.5,0.00563380281690141
9,"Yorkshire and The Humber","other",6,2493,2021-02-22,18680.5,0.00240673886883273
10,"Yorkshire and The Humber","other",4,2491,2021-03-01,18687.5,0.00160578081091931
11,"Yorkshire and The Humber","other",5,3273,2021-03-08,18694.5,0.00152765047357165
12,"Yorkshire and The Humber","other",4,3687,2021-03-15,18701.5,0.0010848928668294
13,"Yorkshire and The Humber","other",5,3692,2021-03-22,18708.5,0.00135427952329361
14,"Yorkshire and The Humber","other",4,2876,2021-03-29,18715.5,0.00139082058414465
15,"Yorkshire and The Humber","other",2,1889,2021-04-05,18722.5,0.00105876124933827
16,"Yorkshire and The Humber","other",1,1662,2021-04-12,18729.5,0.000601684717208183
17,"Yorkshire and The Humber","other",0,1592,2021-04-19,18736.5,0
18,"Yorkshire and The Humber","other",11,1006,2021-04-26,18743.5,0.010934393638171
19,"Yorkshire and The Humber","other",8,359,2021-05-03,18750.5,0.0222841225626741
20,"Yorkshire and The Humber","other",11,142,2021-05-10,18757.5,0.0774647887323944
1,"London","B.1.1.7",1859,2001,2020-12-28,18624.5,0.929035482258871
2,"London","B.1.1.7",1445,1547,2021-01-04,18631.5,0.934065934065934
3,"London","B.1.1.7",1420,1479,2021-01-11,18638.5,0.960108181203516
4,"London","B.1.1.7",1580,1639,2021-01-18,18645.5,0.964002440512508
5,"London","B.1.1.7",1463,1500,2021-01-25,18652.5,0.975333333333333
6,"London","B.1.1.7",508,509,2021-02-01,18659.5,0.99803536345776
7,"London","B.1.1.7",660,672,2021-02-08,18666.5,0.982142857142857
8,"London","B.1.1.7",895,902,2021-02-15,18673.5,0.992239467849224
9,"London","B.1.1.7",578,584,2021-02-22,18680.5,0.98972602739726
10,"London","B.1.1.7",635,646,2021-03-01,18687.5,0.98297213622291
11,"London","B.1.1.7",575,585,2021-03-08,18694.5,0.982905982905983
12,"London","B.1.1.7",487,515,2021-03-15,18701.5,0.945631067961165
13,"London","B.1.1.7",618,647,2021-03-22,18708.5,0.955177743431221
14,"London","B.1.1.7",424,438,2021-03-29,18715.5,0.968036529680365
15,"London","B.1.1.7",308,351,2021-04-05,18722.5,0.877492877492878
16,"London","B.1.1.7",274,323,2021-04-12,18729.5,0.848297213622291
17,"London","B.1.1.7",270,360,2021-04-19,18736.5,0.75
18,"London","B.1.1.7",183,298,2021-04-26,18743.5,0.614093959731544
19,"London","B.1.1.7",187,388,2021-05-03,18750.5,0.481958762886598
20,"London","B.1.1.7",172,356,2021-05-10,18757.5,0.48314606741573
1,"North West","B.1.1.7",426,750,2020-12-28,18624.5,0.568
2,"North West","B.1.1.7",1002,1530,2021-01-04,18631.5,0.654901960784314
3,"North West","B.1.1.7",2672,3504,2021-01-11,18638.5,0.762557077625571
4,"North West","B.1.1.7",2797,3280,2021-01-18,18645.5,0.852743902439024
5,"North West","B.1.1.7",4329,4794,2021-01-25,18652.5,0.903003754693367
6,"North West","B.1.1.7",1000,1058,2021-02-01,18659.5,0.945179584120983
7,"North West","B.1.1.7",1849,1922,2021-02-08,18666.5,0.962018730489074
8,"North West","B.1.1.7",2442,2485,2021-02-15,18673.5,0.982696177062374
9,"North West","B.1.1.7",1866,1881,2021-02-22,18680.5,0.992025518341308
10,"North West","B.1.1.7",1672,1702,2021-03-01,18687.5,0.982373678025852
11,"North West","B.1.1.7",1395,1404,2021-03-08,18694.5,0.993589743589744
12,"North West","B.1.1.7",2009,2021,2021-03-15,18701.5,0.994062345373577
13,"North West","B.1.1.7",2675,2694,2021-03-22,18708.5,0.992947290274685
14,"North West","B.1.1.7",1759,1773,2021-03-29,18715.5,0.992103778905809
15,"North West","B.1.1.7",877,890,2021-04-05,18722.5,0.985393258426966
16,"North West","B.1.1.7",740,767,2021-04-12,18729.5,0.964797913950456
17,"North West","B.1.1.7",800,866,2021-04-19,18736.5,0.92378752886836
18,"North West","B.1.1.7",877,1116,2021-04-26,18743.5,0.78584229390681
19,"North West","B.1.1.7",806,1587,2021-05-03,18750.5,0.507876496534342
20,"North West","B.1.1.7",628,1833,2021-05-10,18757.5,0.342607746863066
1,"South West","B.1.1.7",86,126,2020-12-28,18624.5,0.682539682539683
2,"South West","B.1.1.7",197,258,2021-01-04,18631.5,0.763565891472868
3,"South West","B.1.1.7",388,467,2021-01-11,18638.5,0.830835117773019
4,"South West","B.1.1.7",232,255,2021-01-18,18645.5,0.909803921568627
5,"South West","B.1.1.7",263,277,2021-01-25,18652.5,0.949458483754513
6,"South West","B.1.1.7",89,92,2021-02-01,18659.5,0.967391304347826
7,"South West","B.1.1.7",195,197,2021-02-08,18666.5,0.989847715736041
8,"South West","B.1.1.7",263,271,2021-02-15,18673.5,0.970479704797048
9,"South West","B.1.1.7",189,190,2021-02-22,18680.5,0.994736842105263
10,"South West","B.1.1.7",203,209,2021-03-01,18687.5,0.971291866028708
11,"South West","B.1.1.7",139,140,2021-03-08,18694.5,0.992857142857143
12,"South West","B.1.1.7",102,103,2021-03-15,18701.5,0.990291262135922
13,"South West","B.1.1.7",150,150,2021-03-22,18708.5,1
14,"South West","B.1.1.7",98,100,2021-03-29,18715.5,0.98
15,"South West","B.1.1.7",91,93,2021-04-05,18722.5,0.978494623655914
16,"South West","B.1.1.7",46,47,2021-04-12,18729.5,0.978723404255319
17,"South West","B.1.1.7",31,32,2021-04-19,18736.5,0.96875
18,"South West","B.1.1.7",27,30,2021-04-26,18743.5,0.9
19,"South West","B.1.1.7",13,20,2021-05-03,18750.5,0.65
20,"South West","B.1.1.7",33,54,2021-05-10,18757.5,0.611111111111111
1,"South East","B.1.1.7",780,863,2020-12-28,18624.5,0.903823870220162
2,"South East","B.1.1.7",885,951,2021-01-04,18631.5,0.930599369085173
3,"South East","B.1.1.7",804,852,2021-01-11,18638.5,0.943661971830986
4,"South East","B.1.1.7",813,851,2021-01-18,18645.5,0.955346650998825
5,"South East","B.1.1.7",1034,1069,2021-01-25,18652.5,0.967259120673527
6,"South East","B.1.1.7",266,273,2021-02-01,18659.5,0.974358974358974
7,"South East","B.1.1.7",587,597,2021-02-08,18666.5,0.983249581239531
8,"South East","B.1.1.7",819,828,2021-02-15,18673.5,0.989130434782609
9,"South East","B.1.1.7",516,526,2021-02-22,18680.5,0.980988593155893
10,"South East","B.1.1.7",697,704,2021-03-01,18687.5,0.990056818181818
11,"South East","B.1.1.7",686,699,2021-03-08,18694.5,0.98140200286123
12,"South East","B.1.1.7",480,484,2021-03-15,18701.5,0.991735537190083
13,"South East","B.1.1.7",553,554,2021-03-22,18708.5,0.998194945848375
14,"South East","B.1.1.7",323,326,2021-03-29,18715.5,0.99079754601227
15,"South East","B.1.1.7",381,387,2021-04-05,18722.5,0.984496124031008
16,"South East","B.1.1.7",302,324,2021-04-12,18729.5,0.932098765432099
17,"South East","B.1.1.7",229,262,2021-04-19,18736.5,0.874045801526718
18,"South East","B.1.1.7",174,218,2021-04-26,18743.5,0.798165137614679
19,"South East","B.1.1.7",178,234,2021-05-03,18750.5,0.760683760683761
20,"South East","B.1.1.7",120,199,2021-05-10,18757.5,0.603015075376884
1,"East of England","B.1.1.7",527,584,2020-12-28,18624.5,0.902397260273973
2,"East of England","B.1.1.7",641,705,2021-01-04,18631.5,0.909219858156028
3,"East of England","B.1.1.7",674,737,2021-01-11,18638.5,0.914518317503392
4,"East of England","B.1.1.7",689,723,2021-01-18,18645.5,0.952973720608575
5,"East of England","B.1.1.7",691,706,2021-01-25,18652.5,0.978753541076487
6,"East of England","B.1.1.7",316,326,2021-02-01,18659.5,0.969325153374233
7,"East of England","B.1.1.7",584,604,2021-02-08,18666.5,0.966887417218543
8,"East of England","B.1.1.7",847,865,2021-02-15,18673.5,0.979190751445087
9,"East of England","B.1.1.7",435,437,2021-02-22,18680.5,0.995423340961098
10,"East of England","B.1.1.7",612,619,2021-03-01,18687.5,0.988691437802908
11,"East of England","B.1.1.7",803,806,2021-03-08,18694.5,0.996277915632754
12,"East of England","B.1.1.7",780,784,2021-03-15,18701.5,0.994897959183674
13,"East of England","B.1.1.7",962,968,2021-03-22,18708.5,0.993801652892562
14,"East of England","B.1.1.7",461,463,2021-03-29,18715.5,0.995680345572354
15,"East of England","B.1.1.7",362,368,2021-04-05,18722.5,0.983695652173913
16,"East of England","B.1.1.7",324,339,2021-04-12,18729.5,0.955752212389381
17,"East of England","B.1.1.7",381,415,2021-04-19,18736.5,0.918072289156627
18,"East of England","B.1.1.7",382,447,2021-04-26,18743.5,0.854586129753915
19,"East of England","B.1.1.7",359,503,2021-05-03,18750.5,0.713717693836978
20,"East of England","B.1.1.7",248,469,2021-05-10,18757.5,0.528784648187633
1,"East Midlands","B.1.1.7",63,85,2020-12-28,18624.5,0.741176470588235
2,"East Midlands","B.1.1.7",209,283,2021-01-04,18631.5,0.738515901060071
3,"East Midlands","B.1.1.7",243,300,2021-01-11,18638.5,0.81
4,"East Midlands","B.1.1.7",356,401,2021-01-18,18645.5,0.887780548628429
5,"East Midlands","B.1.1.7",495,548,2021-01-25,18652.5,0.903284671532847
6,"East Midlands","B.1.1.7",206,219,2021-02-01,18659.5,0.940639269406393
7,"East Midlands","B.1.1.7",496,516,2021-02-08,18666.5,0.961240310077519
8,"East Midlands","B.1.1.7",610,631,2021-02-15,18673.5,0.966719492868463
9,"East Midlands","B.1.1.7",484,486,2021-02-22,18680.5,0.995884773662551
10,"East Midlands","B.1.1.7",649,662,2021-03-01,18687.5,0.98036253776435
11,"East Midlands","B.1.1.7",965,976,2021-03-08,18694.5,0.988729508196721
12,"East Midlands","B.1.1.7",1331,1337,2021-03-15,18701.5,0.995512341062079
13,"East Midlands","B.1.1.7",1835,1836,2021-03-22,18708.5,0.999455337690632
14,"East Midlands","B.1.1.7",1129,1135,2021-03-29,18715.5,0.994713656387665
15,"East Midlands","B.1.1.7",704,712,2021-04-05,18722.5,0.98876404494382
16,"East Midlands","B.1.1.7",576,587,2021-04-12,18729.5,0.981260647359455
17,"East Midlands","B.1.1.7",568,624,2021-04-19,18736.5,0.91025641025641
18,"East Midlands","B.1.1.7",512,583,2021-04-26,18743.5,0.878216123499142
19,"East Midlands","B.1.1.7",684,828,2021-05-03,18750.5,0.826086956521739
20,"East Midlands","B.1.1.7",409,587,2021-05-10,18757.5,0.696763202725724
1,"West Midlands","B.1.1.7",334,502,2020-12-28,18624.5,0.665338645418327
2,"West Midlands","B.1.1.7",662,874,2021-01-04,18631.5,0.757437070938215
3,"West Midlands","B.1.1.7",758,921,2021-01-11,18638.5,0.823018458197611
4,"West Midlands","B.1.1.7",909,1027,2021-01-18,18645.5,0.885102239532619
5,"West Midlands","B.1.1.7",1183,1265,2021-01-25,18652.5,0.935177865612648
6,"West Midlands","B.1.1.7",307,328,2021-02-01,18659.5,0.935975609756098
7,"West Midlands","B.1.1.7",387,396,2021-02-08,18666.5,0.977272727272727
8,"West Midlands","B.1.1.7",594,607,2021-02-15,18673.5,0.978583196046129
9,"West Midlands","B.1.1.7",421,430,2021-02-22,18680.5,0.97906976744186
10,"West Midlands","B.1.1.7",600,606,2021-03-01,18687.5,0.99009900990099
11,"West Midlands","B.1.1.7",831,839,2021-03-08,18694.5,0.99046483909416
12,"West Midlands","B.1.1.7",998,1004,2021-03-15,18701.5,0.99402390438247
13,"West Midlands","B.1.1.7",1195,1213,2021-03-22,18708.5,0.985160758450124
14,"West Midlands","B.1.1.7",876,882,2021-03-29,18715.5,0.993197278911565
15,"West Midlands","B.1.1.7",528,534,2021-04-05,18722.5,0.98876404494382
16,"West Midlands","B.1.1.7",517,527,2021-04-12,18729.5,0.981024667931689
17,"West Midlands","B.1.1.7",506,530,2021-04-19,18736.5,0.954716981132075
18,"West Midlands","B.1.1.7",449,499,2021-04-26,18743.5,0.899799599198397
19,"West Midlands","B.1.1.7",458,529,2021-05-03,18750.5,0.86578449905482
20,"West Midlands","B.1.1.7",321,418,2021-05-10,18757.5,0.767942583732057
1,"North East","B.1.1.7",135,263,2020-12-28,18624.5,0.513307984790874
2,"North East","B.1.1.7",241,322,2021-01-04,18631.5,0.748447204968944
3,"North East","B.1.1.7",185,233,2021-01-11,18638.5,0.793991416309013
4,"North East","B.1.1.7",648,750,2021-01-18,18645.5,0.864
5,"North East","B.1.1.7",432,460,2021-01-25,18652.5,0.939130434782609
6,"North East","B.1.1.7",167,174,2021-02-01,18659.5,0.959770114942529
7,"North East","B.1.1.7",201,206,2021-02-08,18666.5,0.975728155339806
8,"North East","B.1.1.7",1116,1148,2021-02-15,18673.5,0.97212543554007
9,"North East","B.1.1.7",1532,1546,2021-02-22,18680.5,0.990944372574386
10,"North East","B.1.1.7",997,1001,2021-03-01,18687.5,0.996003996003996
11,"North East","B.1.1.7",1416,1416,2021-03-08,18694.5,1
12,"North East","B.1.1.7",1036,1039,2021-03-15,18701.5,0.99711260827719
13,"North East","B.1.1.7",843,843,2021-03-22,18708.5,1
14,"North East","B.1.1.7",841,842,2021-03-29,18715.5,0.998812351543943
15,"North East","B.1.1.7",442,444,2021-04-05,18722.5,0.995495495495496
16,"North East","B.1.1.7",233,234,2021-04-12,18729.5,0.995726495726496
17,"North East","B.1.1.7",183,186,2021-04-19,18736.5,0.983870967741935
18,"North East","B.1.1.7",169,180,2021-04-26,18743.5,0.938888888888889
19,"North East","B.1.1.7",65,68,2021-05-03,18750.5,0.955882352941177
20,"North East","B.1.1.7",23,29,2021-05-10,18757.5,0.793103448275862
1,"Yorkshire and The Humber","B.1.1.7",77,195,2020-12-28,18624.5,0.394871794871795
2,"Yorkshire and The Humber","B.1.1.7",221,366,2021-01-04,18631.5,0.603825136612022
3,"Yorkshire and The Humber","B.1.1.7",354,535,2021-01-11,18638.5,0.661682242990654
4,"Yorkshire and The Humber","B.1.1.7",660,858,2021-01-18,18645.5,0.769230769230769
5,"Yorkshire and The Humber","B.1.1.7",856,981,2021-01-25,18652.5,0.872579001019368
6,"Yorkshire and The Humber","B.1.1.7",204,225,2021-02-01,18659.5,0.906666666666667
7,"Yorkshire and The Humber","B.1.1.7",490,513,2021-02-08,18666.5,0.955165692007797
8,"Yorkshire and The Humber","B.1.1.7",1369,1420,2021-02-15,18673.5,0.964084507042254
9,"Yorkshire and The Humber","B.1.1.7",2455,2493,2021-02-22,18680.5,0.984757320497393
10,"Yorkshire and The Humber","B.1.1.7",2466,2491,2021-03-01,18687.5,0.989963869931754
11,"Yorkshire and The Humber","B.1.1.7",3255,3273,2021-03-08,18694.5,0.994500458295142
12,"Yorkshire and The Humber","B.1.1.7",3676,3687,2021-03-15,18701.5,0.997016544616219
13,"Yorkshire and The Humber","B.1.1.7",3679,3692,2021-03-22,18708.5,0.996478873239437
14,"Yorkshire and The Humber","B.1.1.7",2868,2876,2021-03-29,18715.5,0.997218358831711
15,"Yorkshire and The Humber","B.1.1.7",1885,1889,2021-04-05,18722.5,0.997882477501323
16,"Yorkshire and The Humber","B.1.1.7",1655,1662,2021-04-12,18729.5,0.995788206979543
17,"Yorkshire and The Humber","B.1.1.7",1580,1592,2021-04-19,18736.5,0.992462311557789
18,"Yorkshire and The Humber","B.1.1.7",989,1006,2021-04-26,18743.5,0.983101391650099
19,"Yorkshire and The Humber","B.1.1.7",338,359,2021-05-03,18750.5,0.94150417827298
20,"Yorkshire and The Humber","B.1.1.7",115,142,2021-05-10,18757.5,0.809859154929577
1,"London","B.1.177+",102,2001,2020-12-28,18624.5,0.0509745127436282
2,"London","B.1.177+",68,1547,2021-01-04,18631.5,0.043956043956044
3,"London","B.1.177+",33,1479,2021-01-11,18638.5,0.0223123732251521
4,"London","B.1.177+",29,1639,2021-01-18,18645.5,0.0176937156802929
5,"London","B.1.177+",9,1500,2021-01-25,18652.5,0.006
6,"London","B.1.177+",1,509,2021-02-01,18659.5,0.00196463654223969
7,"London","B.1.177+",1,672,2021-02-08,18666.5,0.00148809523809524
8,"London","B.1.177+",2,902,2021-02-15,18673.5,0.00221729490022173
9,"London","B.1.177+",0,584,2021-02-22,18680.5,0
10,"London","B.1.177+",0,646,2021-03-01,18687.5,0
11,"London","B.1.177+",0,585,2021-03-08,18694.5,0
12,"London","B.1.177+",1,515,2021-03-15,18701.5,0.00194174757281553
13,"London","B.1.177+",0,647,2021-03-22,18708.5,0
14,"London","B.1.177+",0,438,2021-03-29,18715.5,0
15,"London","B.1.177+",0,351,2021-04-05,18722.5,0
16,"London","B.1.177+",0,323,2021-04-12,18729.5,0
17,"London","B.1.177+",0,360,2021-04-19,18736.5,0
18,"London","B.1.177+",0,298,2021-04-26,18743.5,0
19,"London","B.1.177+",0,388,2021-05-03,18750.5,0
20,"London","B.1.177+",0,356,2021-05-10,18757.5,0
1,"North West","B.1.177+",294,750,2020-12-28,18624.5,0.392
2,"North West","B.1.177+",476,1530,2021-01-04,18631.5,0.311111111111111
3,"North West","B.1.177+",731,3504,2021-01-11,18638.5,0.208618721461187
4,"North West","B.1.177+",427,3280,2021-01-18,18645.5,0.130182926829268
5,"North West","B.1.177+",392,4794,2021-01-25,18652.5,0.0817688777638715
6,"North West","B.1.177+",44,1058,2021-02-01,18659.5,0.0415879017013233
7,"North West","B.1.177+",54,1922,2021-02-08,18666.5,0.0280957336108221
8,"North West","B.1.177+",27,2485,2021-02-15,18673.5,0.0108651911468813
9,"North West","B.1.177+",7,1881,2021-02-22,18680.5,0.00372142477405635
10,"North West","B.1.177+",15,1702,2021-03-01,18687.5,0.00881316098707403
11,"North West","B.1.177+",3,1404,2021-03-08,18694.5,0.00213675213675214
12,"North West","B.1.177+",6,2021,2021-03-15,18701.5,0.00296882731321128
13,"North West","B.1.177+",3,2694,2021-03-22,18708.5,0.00111358574610245
14,"North West","B.1.177+",0,1773,2021-03-29,18715.5,0
15,"North West","B.1.177+",0,890,2021-04-05,18722.5,0
16,"North West","B.1.177+",1,767,2021-04-12,18729.5,0.00130378096479791
17,"North West","B.1.177+",0,866,2021-04-19,18736.5,0
18,"North West","B.1.177+",0,1116,2021-04-26,18743.5,0
19,"North West","B.1.177+",2,1587,2021-05-03,18750.5,0.00126023944549464
20,"North West","B.1.177+",1,1833,2021-05-10,18757.5,0.000545553737043099
1,"South West","B.1.177+",36,126,2020-12-28,18624.5,0.285714285714286
2,"South West","B.1.177+",55,258,2021-01-04,18631.5,0.213178294573643
3,"South West","B.1.177+",70,467,2021-01-11,18638.5,0.149892933618844
4,"South West","B.1.177+",19,255,2021-01-18,18645.5,0.0745098039215686
5,"South West","B.1.177+",12,277,2021-01-25,18652.5,0.0433212996389892
6,"South West","B.1.177+",3,92,2021-02-01,18659.5,0.0326086956521739
7,"South West","B.1.177+",2,197,2021-02-08,18666.5,0.0101522842639594
8,"South West","B.1.177+",3,271,2021-02-15,18673.5,0.011070110701107
9,"South West","B.1.177+",0,190,2021-02-22,18680.5,0
10,"South West","B.1.177+",4,209,2021-03-01,18687.5,0.0191387559808612
11,"South West","B.1.177+",0,140,2021-03-08,18694.5,0
12,"South West","B.1.177+",0,103,2021-03-15,18701.5,0
13,"South West","B.1.177+",0,150,2021-03-22,18708.5,0
14,"South West","B.1.177+",0,100,2021-03-29,18715.5,0
15,"South West","B.1.177+",0,93,2021-04-05,18722.5,0
16,"South West","B.1.177+",0,47,2021-04-12,18729.5,0
17,"South West","B.1.177+",0,32,2021-04-19,18736.5,0
18,"South West","B.1.177+",0,30,2021-04-26,18743.5,0
19,"South West","B.1.177+",0,20,2021-05-03,18750.5,0
20,"South West","B.1.177+",0,54,2021-05-10,18757.5,0
1,"South East","B.1.177+",58,863,2020-12-28,18624.5,0.06720741599073
2,"South East","B.1.177+",40,951,2021-01-04,18631.5,0.0420609884332282
3,"South East","B.1.177+",22,852,2021-01-11,18638.5,0.0258215962441315
4,"South East","B.1.177+",26,851,2021-01-18,18645.5,0.0305522914218566
5,"South East","B.1.177+",25,1069,2021-01-25,18652.5,0.0233863423760524
6,"South East","B.1.177+",0,273,2021-02-01,18659.5,0
7,"South East","B.1.177+",5,597,2021-02-08,18666.5,0.00837520938023451
8,"South East","B.1.177+",2,828,2021-02-15,18673.5,0.00241545893719807
9,"South East","B.1.177+",3,526,2021-02-22,18680.5,0.00570342205323194
10,"South East","B.1.177+",0,704,2021-03-01,18687.5,0
11,"South East","B.1.177+",2,699,2021-03-08,18694.5,0.00286123032904149
12,"South East","B.1.177+",0,484,2021-03-15,18701.5,0
13,"South East","B.1.177+",0,554,2021-03-22,18708.5,0
14,"South East","B.1.177+",0,326,2021-03-29,18715.5,0
15,"South East","B.1.177+",0,387,2021-04-05,18722.5,0
16,"South East","B.1.177+",0,324,2021-04-12,18729.5,0
17,"South East","B.1.177+",0,262,2021-04-19,18736.5,0
18,"South East","B.1.177+",0,218,2021-04-26,18743.5,0
19,"South East","B.1.177+",0,234,2021-05-03,18750.5,0
20,"South East","B.1.177+",0,199,2021-05-10,18757.5,0
1,"East of England","B.1.177+",43,584,2020-12-28,18624.5,0.0736301369863014
2,"East of England","B.1.177+",43,705,2021-01-04,18631.5,0.0609929078014184
3,"East of England","B.1.177+",43,737,2021-01-11,18638.5,0.0583446404341927
4,"East of England","B.1.177+",19,723,2021-01-18,18645.5,0.0262793914246196
5,"East of England","B.1.177+",9,706,2021-01-25,18652.5,0.0127478753541076
6,"East of England","B.1.177+",5,326,2021-02-01,18659.5,0.0153374233128834
7,"East of England","B.1.177+",11,604,2021-02-08,18666.5,0.0182119205298013
8,"East of England","B.1.177+",4,865,2021-02-15,18673.5,0.0046242774566474
9,"East of England","B.1.177+",0,437,2021-02-22,18680.5,0
10,"East of England","B.1.177+",1,619,2021-03-01,18687.5,0.00161550888529887
11,"East of England","B.1.177+",1,806,2021-03-08,18694.5,0.00124069478908189
12,"East of England","B.1.177+",1,784,2021-03-15,18701.5,0.00127551020408163
13,"East of England","B.1.177+",0,968,2021-03-22,18708.5,0
14,"East of England","B.1.177+",0,463,2021-03-29,18715.5,0
15,"East of England","B.1.177+",0,368,2021-04-05,18722.5,0
16,"East of England","B.1.177+",0,339,2021-04-12,18729.5,0
17,"East of England","B.1.177+",0,415,2021-04-19,18736.5,0
18,"East of England","B.1.177+",0,447,2021-04-26,18743.5,0
19,"East of England","B.1.177+",0,503,2021-05-03,18750.5,0
20,"East of England","B.1.177+",0,469,2021-05-10,18757.5,0
1,"East Midlands","B.1.177+",20,85,2020-12-28,18624.5,0.235294117647059
2,"East Midlands","B.1.177+",60,283,2021-01-04,18631.5,0.212014134275618
3,"East Midlands","B.1.177+",54,300,2021-01-11,18638.5,0.18
4,"East Midlands","B.1.177+",38,401,2021-01-18,18645.5,0.0947630922693267
5,"East Midlands","B.1.177+",46,548,2021-01-25,18652.5,0.0839416058394161
6,"East Midlands","B.1.177+",11,219,2021-02-01,18659.5,0.0502283105022831
7,"East Midlands","B.1.177+",18,516,2021-02-08,18666.5,0.0348837209302326
8,"East Midlands","B.1.177+",15,631,2021-02-15,18673.5,0.0237717908082409
9,"East Midlands","B.1.177+",2,486,2021-02-22,18680.5,0.00411522633744856
10,"East Midlands","B.1.177+",6,662,2021-03-01,18687.5,0.00906344410876133
11,"East Midlands","B.1.177+",10,976,2021-03-08,18694.5,0.0102459016393443
12,"East Midlands","B.1.177+",4,1337,2021-03-15,18701.5,0.00299177262528048
13,"East Midlands","B.1.177+",1,1836,2021-03-22,18708.5,0.000544662309368192
14,"East Midlands","B.1.177+",3,1135,2021-03-29,18715.5,0.0026431718061674
15,"East Midlands","B.1.177+",1,712,2021-04-05,18722.5,0.00140449438202247
16,"East Midlands","B.1.177+",1,587,2021-04-12,18729.5,0.00170357751277683
17,"East Midlands","B.1.177+",0,624,2021-04-19,18736.5,0
18,"East Midlands","B.1.177+",1,583,2021-04-26,18743.5,0.00171526586620926
19,"East Midlands","B.1.177+",0,828,2021-05-03,18750.5,0
20,"East Midlands","B.1.177+",0,587,2021-05-10,18757.5,0
1,"West Midlands","B.1.177+",145,502,2020-12-28,18624.5,0.288844621513944
2,"West Midlands","B.1.177+",178,874,2021-01-04,18631.5,0.203661327231121
3,"West Midlands","B.1.177+",144,921,2021-01-11,18638.5,0.156351791530945
4,"West Midlands","B.1.177+",109,1027,2021-01-18,18645.5,0.106134371957157
5,"West Midlands","B.1.177+",71,1265,2021-01-25,18652.5,0.0561264822134387
6,"West Midlands","B.1.177+",19,328,2021-02-01,18659.5,0.0579268292682927
7,"West Midlands","B.1.177+",7,396,2021-02-08,18666.5,0.0176767676767677
8,"West Midlands","B.1.177+",9,607,2021-02-15,18673.5,0.014827018121911
9,"West Midlands","B.1.177+",7,430,2021-02-22,18680.5,0.0162790697674419
10,"West Midlands","B.1.177+",3,606,2021-03-01,18687.5,0.00495049504950495
11,"West Midlands","B.1.177+",4,839,2021-03-08,18694.5,0.00476758045292014
12,"West Midlands","B.1.177+",1,1004,2021-03-15,18701.5,0.00099601593625498
13,"West Midlands","B.1.177+",0,1213,2021-03-22,18708.5,0
14,"West Midlands","B.1.177+",0,882,2021-03-29,18715.5,0
15,"West Midlands","B.1.177+",1,534,2021-04-05,18722.5,0.00187265917602996
16,"West Midlands","B.1.177+",0,527,2021-04-12,18729.5,0
17,"West Midlands","B.1.177+",0,530,2021-04-19,18736.5,0
18,"West Midlands","B.1.177+",0,499,2021-04-26,18743.5,0
19,"West Midlands","B.1.177+",0,529,2021-05-03,18750.5,0
20,"West Midlands","B.1.177+",0,418,2021-05-10,18757.5,0
1,"North East","B.1.177+",113,263,2020-12-28,18624.5,0.429657794676806
2,"North East","B.1.177+",72,322,2021-01-04,18631.5,0.22360248447205
3,"North East","B.1.177+",41,233,2021-01-11,18638.5,0.175965665236052
4,"North East","B.1.177+",92,750,2021-01-18,18645.5,0.122666666666667
5,"North East","B.1.177+",28,460,2021-01-25,18652.5,0.0608695652173913
6,"North East","B.1.177+",7,174,2021-02-01,18659.5,0.0402298850574713
7,"North East","B.1.177+",5,206,2021-02-08,18666.5,0.0242718446601942
8,"North East","B.1.177+",32,1148,2021-02-15,18673.5,0.0278745644599303
9,"North East","B.1.177+",13,1546,2021-02-22,18680.5,0.00840879689521345
10,"North East","B.1.177+",4,1001,2021-03-01,18687.5,0.003996003996004
11,"North East","B.1.177+",0,1416,2021-03-08,18694.5,0
12,"North East","B.1.177+",0,1039,2021-03-15,18701.5,0
13,"North East","B.1.177+",0,843,2021-03-22,18708.5,0
14,"North East","B.1.177+",0,842,2021-03-29,18715.5,0
15,"North East","B.1.177+",0,444,2021-04-05,18722.5,0
16,"North East","B.1.177+",0,234,2021-04-12,18729.5,0
17,"North East","B.1.177+",0,186,2021-04-19,18736.5,0
18,"North East","B.1.177+",0,180,2021-04-26,18743.5,0
19,"North East","B.1.177+",0,68,2021-05-03,18750.5,0
20,"North East","B.1.177+",0,29,2021-05-10,18757.5,0
1,"Yorkshire and The Humber","B.1.177+",98,195,2020-12-28,18624.5,0.502564102564103
2,"Yorkshire and The Humber","B.1.177+",132,366,2021-01-04,18631.5,0.360655737704918
3,"Yorkshire and The Humber","B.1.177+",153,535,2021-01-11,18638.5,0.285981308411215
4,"Yorkshire and The Humber","B.1.177+",167,858,2021-01-18,18645.5,0.194638694638695
5,"Yorkshire and The Humber","B.1.177+",97,981,2021-01-25,18652.5,0.0988786952089704
6,"Yorkshire and The Humber","B.1.177+",20,225,2021-02-01,18659.5,0.0888888888888889
7,"Yorkshire and The Humber","B.1.177+",19,513,2021-02-08,18666.5,0.037037037037037
8,"Yorkshire and The Humber","B.1.177+",43,1420,2021-02-15,18673.5,0.0302816901408451
9,"Yorkshire and The Humber","B.1.177+",32,2493,2021-02-22,18680.5,0.0128359406337746
10,"Yorkshire and The Humber","B.1.177+",20,2491,2021-03-01,18687.5,0.00802890405459655
11,"Yorkshire and The Humber","B.1.177+",12,3273,2021-03-08,18694.5,0.00366636113657195
12,"Yorkshire and The Humber","B.1.177+",3,3687,2021-03-15,18701.5,0.00081366965012205
13,"Yorkshire and The Humber","B.1.177+",3,3692,2021-03-22,18708.5,0.000812567713976165
14,"Yorkshire and The Humber","B.1.177+",0,2876,2021-03-29,18715.5,0
15,"Yorkshire and The Humber","B.1.177+",0,1889,2021-04-05,18722.5,0
16,"Yorkshire and The Humber","B.1.177+",1,1662,2021-04-12,18729.5,0.000601684717208183
17,"Yorkshire and The Humber","B.1.177+",0,1592,2021-04-19,18736.5,0
18,"Yorkshire and The Humber","B.1.177+",0,1006,2021-04-26,18743.5,0
19,"Yorkshire and The Humber","B.1.177+",0,359,2021-05-03,18750.5,0
20,"Yorkshire and The Humber","B.1.177+",0,142,2021-05-10,18757.5,0
1,"London","B.1.351",1,2001,2020-12-28,18624.5,0.000499750124937531
2,"London","B.1.351",3,1547,2021-01-04,18631.5,0.00193923723335488
3,"London","B.1.351",4,1479,2021-01-11,18638.5,0.00270453008789723
4,"London","B.1.351",2,1639,2021-01-18,18645.5,0.0012202562538133
5,"London","B.1.351",3,1500,2021-01-25,18652.5,0.002
6,"London","B.1.351",0,509,2021-02-01,18659.5,0
7,"London","B.1.351",3,672,2021-02-08,18666.5,0.00446428571428571
8,"London","B.1.351",1,902,2021-02-15,18673.5,0.00110864745011086
9,"London","B.1.351",3,584,2021-02-22,18680.5,0.00513698630136986
10,"London","B.1.351",6,646,2021-03-01,18687.5,0.00928792569659443
11,"London","B.1.351",3,585,2021-03-08,18694.5,0.00512820512820513
12,"London","B.1.351",20,515,2021-03-15,18701.5,0.0388349514563107
13,"London","B.1.351",13,647,2021-03-22,18708.5,0.0200927357032458
14,"London","B.1.351",4,438,2021-03-29,18715.5,0.0091324200913242
15,"London","B.1.351",9,351,2021-04-05,18722.5,0.0256410256410256
16,"London","B.1.351",11,323,2021-04-12,18729.5,0.0340557275541796
17,"London","B.1.351",11,360,2021-04-19,18736.5,0.0305555555555556
18,"London","B.1.351",11,298,2021-04-26,18743.5,0.0369127516778524
19,"London","B.1.351",9,388,2021-05-03,18750.5,0.0231958762886598
20,"London","B.1.351",3,356,2021-05-10,18757.5,0.00842696629213483
1,"North West","B.1.351",0,750,2020-12-28,18624.5,0
2,"North West","B.1.351",0,1530,2021-01-04,18631.5,0
3,"North West","B.1.351",2,3504,2021-01-11,18638.5,0.000570776255707763
4,"North West","B.1.351",0,3280,2021-01-18,18645.5,0
5,"North West","B.1.351",0,4794,2021-01-25,18652.5,0
6,"North West","B.1.351",3,1058,2021-02-01,18659.5,0.00283553875236295
7,"North West","B.1.351",3,1922,2021-02-08,18666.5,0.00156087408949011
8,"North West","B.1.351",3,2485,2021-02-15,18673.5,0.00120724346076459
9,"North West","B.1.351",2,1881,2021-02-22,18680.5,0.00106326422115896
10,"North West","B.1.351",7,1702,2021-03-01,18687.5,0.00411280846063455
11,"North West","B.1.351",0,1404,2021-03-08,18694.5,0
12,"North West","B.1.351",1,2021,2021-03-15,18701.5,0.00049480455220188
13,"North West","B.1.351",1,2694,2021-03-22,18708.5,0.000371195248700817
14,"North West","B.1.351",3,1773,2021-03-29,18715.5,0.00169204737732657
15,"North West","B.1.351",4,890,2021-04-05,18722.5,0.00449438202247191
16,"North West","B.1.351",1,767,2021-04-12,18729.5,0.00130378096479791
17,"North West","B.1.351",3,866,2021-04-19,18736.5,0.00346420323325635
18,"North West","B.1.351",0,1116,2021-04-26,18743.5,0
19,"North West","B.1.351",0,1587,2021-05-03,18750.5,0
20,"North West","B.1.351",0,1833,2021-05-10,18757.5,0
1,"South West","B.1.351",0,126,2020-12-28,18624.5,0
2,"South West","B.1.351",0,258,2021-01-04,18631.5,0
3,"South West","B.1.351",0,467,2021-01-11,18638.5,0
4,"South West","B.1.351",0,255,2021-01-18,18645.5,0
5,"South West","B.1.351",1,277,2021-01-25,18652.5,0.0036101083032491
6,"South West","B.1.351",0,92,2021-02-01,18659.5,0
7,"South West","B.1.351",0,197,2021-02-08,18666.5,0
8,"South West","B.1.351",0,271,2021-02-15,18673.5,0
9,"South West","B.1.351",0,190,2021-02-22,18680.5,0
10,"South West","B.1.351",0,209,2021-03-01,18687.5,0
11,"South West","B.1.351",0,140,2021-03-08,18694.5,0
12,"South West","B.1.351",0,103,2021-03-15,18701.5,0
13,"South West","B.1.351",0,150,2021-03-22,18708.5,0
14,"South West","B.1.351",2,100,2021-03-29,18715.5,0.02
15,"South West","B.1.351",0,93,2021-04-05,18722.5,0
16,"South West","B.1.351",0,47,2021-04-12,18729.5,0
17,"South West","B.1.351",0,32,2021-04-19,18736.5,0
18,"South West","B.1.351",0,30,2021-04-26,18743.5,0
19,"South West","B.1.351",0,20,2021-05-03,18750.5,0
20,"South West","B.1.351",0,54,2021-05-10,18757.5,0
1,"South East","B.1.351",4,863,2020-12-28,18624.5,0.00463499420625724
2,"South East","B.1.351",1,951,2021-01-04,18631.5,0.0010515247108307
3,"South East","B.1.351",2,852,2021-01-11,18638.5,0.00234741784037559
4,"South East","B.1.351",1,851,2021-01-18,18645.5,0.00117508813160987
5,"South East","B.1.351",0,1069,2021-01-25,18652.5,0
6,"South East","B.1.351",1,273,2021-02-01,18659.5,0.00366300366300366
7,"South East","B.1.351",1,597,2021-02-08,18666.5,0.0016750418760469
8,"South East","B.1.351",0,828,2021-02-15,18673.5,0
9,"South East","B.1.351",6,526,2021-02-22,18680.5,0.0114068441064639
10,"South East","B.1.351",1,704,2021-03-01,18687.5,0.00142045454545455
11,"South East","B.1.351",2,699,2021-03-08,18694.5,0.00286123032904149
12,"South East","B.1.351",0,484,2021-03-15,18701.5,0
13,"South East","B.1.351",0,554,2021-03-22,18708.5,0
14,"South East","B.1.351",0,326,2021-03-29,18715.5,0
15,"South East","B.1.351",1,387,2021-04-05,18722.5,0.00258397932816537
16,"South East","B.1.351",0,324,2021-04-12,18729.5,0
17,"South East","B.1.351",2,262,2021-04-19,18736.5,0.00763358778625954
18,"South East","B.1.351",1,218,2021-04-26,18743.5,0.00458715596330275
19,"South East","B.1.351",0,234,2021-05-03,18750.5,0
20,"South East","B.1.351",0,199,2021-05-10,18757.5,0
1,"East of England","B.1.351",1,584,2020-12-28,18624.5,0.00171232876712329
2,"East of England","B.1.351",0,705,2021-01-04,18631.5,0
3,"East of England","B.1.351",0,737,2021-01-11,18638.5,0
4,"East of England","B.1.351",0,723,2021-01-18,18645.5,0
5,"East of England","B.1.351",0,706,2021-01-25,18652.5,0
6,"East of England","B.1.351",0,326,2021-02-01,18659.5,0
7,"East of England","B.1.351",0,604,2021-02-08,18666.5,0
8,"East of England","B.1.351",1,865,2021-02-15,18673.5,0.00115606936416185
9,"East of England","B.1.351",0,437,2021-02-22,18680.5,0
10,"East of England","B.1.351",0,619,2021-03-01,18687.5,0
11,"East of England","B.1.351",0,806,2021-03-08,18694.5,0
12,"East of England","B.1.351",0,784,2021-03-15,18701.5,0
13,"East of England","B.1.351",1,968,2021-03-22,18708.5,0.00103305785123967
14,"East of England","B.1.351",2,463,2021-03-29,18715.5,0.00431965442764579
15,"East of England","B.1.351",1,368,2021-04-05,18722.5,0.00271739130434783
16,"East of England","B.1.351",3,339,2021-04-12,18729.5,0.00884955752212389
17,"East of England","B.1.351",3,415,2021-04-19,18736.5,0.0072289156626506
18,"East of England","B.1.351",3,447,2021-04-26,18743.5,0.00671140939597315
19,"East of England","B.1.351",2,503,2021-05-03,18750.5,0.00397614314115308
20,"East of England","B.1.351",1,469,2021-05-10,18757.5,0.00213219616204691
1,"East Midlands","B.1.351",0,85,2020-12-28,18624.5,0
2,"East Midlands","B.1.351",1,283,2021-01-04,18631.5,0.00353356890459364
3,"East Midlands","B.1.351",0,300,2021-01-11,18638.5,0
4,"East Midlands","B.1.351",0,401,2021-01-18,18645.5,0
5,"East Midlands","B.1.351",0,548,2021-01-25,18652.5,0
6,"East Midlands","B.1.351",0,219,2021-02-01,18659.5,0
7,"East Midlands","B.1.351",0,516,2021-02-08,18666.5,0
8,"East Midlands","B.1.351",0,631,2021-02-15,18673.5,0
9,"East Midlands","B.1.351",0,486,2021-02-22,18680.5,0
10,"East Midlands","B.1.351",0,662,2021-03-01,18687.5,0
11,"East Midlands","B.1.351",0,976,2021-03-08,18694.5,0
12,"East Midlands","B.1.351",0,1337,2021-03-15,18701.5,0
13,"East Midlands","B.1.351",0,1836,2021-03-22,18708.5,0
14,"East Midlands","B.1.351",0,1135,2021-03-29,18715.5,0
15,"East Midlands","B.1.351",0,712,2021-04-05,18722.5,0
16,"East Midlands","B.1.351",1,587,2021-04-12,18729.5,0.00170357751277683
17,"East Midlands","B.1.351",4,624,2021-04-19,18736.5,0.00641025641025641
18,"East Midlands","B.1.351",9,583,2021-04-26,18743.5,0.0154373927958834
19,"East Midlands","B.1.351",2,828,2021-05-03,18750.5,0.00241545893719807
20,"East Midlands","B.1.351",0,587,2021-05-10,18757.5,0
1,"West Midlands","B.1.351",0,502,2020-12-28,18624.5,0
2,"West Midlands","B.1.351",0,874,2021-01-04,18631.5,0
3,"West Midlands","B.1.351",1,921,2021-01-11,18638.5,0.001085776330076
4,"West Midlands","B.1.351",0,1027,2021-01-18,18645.5,0
5,"West Midlands","B.1.351",1,1265,2021-01-25,18652.5,0.000790513833992095
6,"West Midlands","B.1.351",0,328,2021-02-01,18659.5,0
7,"West Midlands","B.1.351",0,396,2021-02-08,18666.5,0
8,"West Midlands","B.1.351",0,607,2021-02-15,18673.5,0
9,"West Midlands","B.1.351",1,430,2021-02-22,18680.5,0.00232558139534884
10,"West Midlands","B.1.351",0,606,2021-03-01,18687.5,0
11,"West Midlands","B.1.351",0,839,2021-03-08,18694.5,0
12,"West Midlands","B.1.351",2,1004,2021-03-15,18701.5,0.00199203187250996
13,"West Midlands","B.1.351",2,1213,2021-03-22,18708.5,0.00164880461665293
14,"West Midlands","B.1.351",3,882,2021-03-29,18715.5,0.00340136054421769
15,"West Midlands","B.1.351",2,534,2021-04-05,18722.5,0.00374531835205993
16,"West Midlands","B.1.351",0,527,2021-04-12,18729.5,0
17,"West Midlands","B.1.351",0,530,2021-04-19,18736.5,0
18,"West Midlands","B.1.351",6,499,2021-04-26,18743.5,0.0120240480961924
19,"West Midlands","B.1.351",4,529,2021-05-03,18750.5,0.00756143667296786
20,"West Midlands","B.1.351",4,418,2021-05-10,18757.5,0.00956937799043062
1,"North East","B.1.351",0,263,2020-12-28,18624.5,0
2,"North East","B.1.351",0,322,2021-01-04,18631.5,0
3,"North East","B.1.351",0,233,2021-01-11,18638.5,0
4,"North East","B.1.351",1,750,2021-01-18,18645.5,0.00133333333333333
5,"North East","B.1.351",0,460,2021-01-25,18652.5,0
6,"North East","B.1.351",0,174,2021-02-01,18659.5,0
7,"North East","B.1.351",0,206,2021-02-08,18666.5,0
8,"North East","B.1.351",0,1148,2021-02-15,18673.5,0
9,"North East","B.1.351",0,1546,2021-02-22,18680.5,0
10,"North East","B.1.351",0,1001,2021-03-01,18687.5,0
11,"North East","B.1.351",0,1416,2021-03-08,18694.5,0
12,"North East","B.1.351",0,1039,2021-03-15,18701.5,0
13,"North East","B.1.351",0,843,2021-03-22,18708.5,0
14,"North East","B.1.351",1,842,2021-03-29,18715.5,0.00118764845605701
15,"North East","B.1.351",0,444,2021-04-05,18722.5,0
16,"North East","B.1.351",1,234,2021-04-12,18729.5,0.00427350427350427
17,"North East","B.1.351",0,186,2021-04-19,18736.5,0
18,"North East","B.1.351",1,180,2021-04-26,18743.5,0.00555555555555556
19,"North East","B.1.351",1,68,2021-05-03,18750.5,0.0147058823529412
20,"North East","B.1.351",0,29,2021-05-10,18757.5,0
1,"Yorkshire and The Humber","B.1.351",0,195,2020-12-28,18624.5,0
2,"Yorkshire and The Humber","B.1.351",1,366,2021-01-04,18631.5,0.00273224043715847
3,"Yorkshire and The Humber","B.1.351",1,535,2021-01-11,18638.5,0.00186915887850467
4,"Yorkshire and The Humber","B.1.351",4,858,2021-01-18,18645.5,0.00466200466200466
5,"Yorkshire and The Humber","B.1.351",0,981,2021-01-25,18652.5,0
6,"Yorkshire and The Humber","B.1.351",0,225,2021-02-01,18659.5,0
7,"Yorkshire and The Humber","B.1.351",0,513,2021-02-08,18666.5,0
8,"Yorkshire and The Humber","B.1.351",0,1420,2021-02-15,18673.5,0
9,"Yorkshire and The Humber","B.1.351",0,2493,2021-02-22,18680.5,0
10,"Yorkshire and The Humber","B.1.351",0,2491,2021-03-01,18687.5,0
11,"Yorkshire and The Humber","B.1.351",0,3273,2021-03-08,18694.5,0
12,"Yorkshire and The Humber","B.1.351",0,3687,2021-03-15,18701.5,0
13,"Yorkshire and The Humber","B.1.351",3,3692,2021-03-22,18708.5,0.000812567713976165
14,"Yorkshire and The Humber","B.1.351",2,2876,2021-03-29,18715.5,0.000695410292072323
15,"Yorkshire and The Humber","B.1.351",1,1889,2021-04-05,18722.5,0.000529380624669137
16,"Yorkshire and The Humber","B.1.351",2,1662,2021-04-12,18729.5,0.00120336943441637
17,"Yorkshire and The Humber","B.1.351",1,1592,2021-04-19,18736.5,0.000628140703517588
18,"Yorkshire and The Humber","B.1.351",0,1006,2021-04-26,18743.5,0
19,"Yorkshire and The Humber","B.1.351",0,359,2021-05-03,18750.5,0
20,"Yorkshire and The Humber","B.1.351",0,142,2021-05-10,18757.5,0
1,"London","B.1.525",1,2001,2020-12-28,18624.5,0.000499750124937531
2,"London","B.1.525",0,1547,2021-01-04,18631.5,0
3,"London","B.1.525",0,1479,2021-01-11,18638.5,0
4,"London","B.1.525",3,1639,2021-01-18,18645.5,0.00183038438071995
5,"London","B.1.525",2,1500,2021-01-25,18652.5,0.00133333333333333
6,"London","B.1.525",0,509,2021-02-01,18659.5,0
7,"London","B.1.525",1,672,2021-02-08,18666.5,0.00148809523809524
8,"London","B.1.525",0,902,2021-02-15,18673.5,0
9,"London","B.1.525",1,584,2021-02-22,18680.5,0.00171232876712329
10,"London","B.1.525",2,646,2021-03-01,18687.5,0.00309597523219814
11,"London","B.1.525",0,585,2021-03-08,18694.5,0
12,"London","B.1.525",2,515,2021-03-15,18701.5,0.00388349514563107
13,"London","B.1.525",5,647,2021-03-22,18708.5,0.00772797527047913
14,"London","B.1.525",2,438,2021-03-29,18715.5,0.0045662100456621
15,"London","B.1.525",0,351,2021-04-05,18722.5,0
16,"London","B.1.525",2,323,2021-04-12,18729.5,0.00619195046439629
17,"London","B.1.525",5,360,2021-04-19,18736.5,0.0138888888888889
18,"London","B.1.525",0,298,2021-04-26,18743.5,0
19,"London","B.1.525",5,388,2021-05-03,18750.5,0.0128865979381443
20,"London","B.1.525",2,356,2021-05-10,18757.5,0.00561797752808989
1,"North West","B.1.525",0,750,2020-12-28,18624.5,0
2,"North West","B.1.525",1,1530,2021-01-04,18631.5,0.00065359477124183
3,"North West","B.1.525",2,3504,2021-01-11,18638.5,0.000570776255707763
4,"North West","B.1.525",2,3280,2021-01-18,18645.5,0.000609756097560976
5,"North West","B.1.525",6,4794,2021-01-25,18652.5,0.00125156445556946
6,"North West","B.1.525",0,1058,2021-02-01,18659.5,0
7,"North West","B.1.525",1,1922,2021-02-08,18666.5,0.000520291363163372
8,"North West","B.1.525",4,2485,2021-02-15,18673.5,0.00160965794768612
9,"North West","B.1.525",5,1881,2021-02-22,18680.5,0.0026581605528974
10,"North West","B.1.525",3,1702,2021-03-01,18687.5,0.00176263219741481
11,"North West","B.1.525",0,1404,2021-03-08,18694.5,0
12,"North West","B.1.525",0,2021,2021-03-15,18701.5,0
13,"North West","B.1.525",0,2694,2021-03-22,18708.5,0
14,"North West","B.1.525",0,1773,2021-03-29,18715.5,0
15,"North West","B.1.525",1,890,2021-04-05,18722.5,0.00112359550561798
16,"North West","B.1.525",0,767,2021-04-12,18729.5,0
17,"North West","B.1.525",1,866,2021-04-19,18736.5,0.00115473441108545
18,"North West","B.1.525",3,1116,2021-04-26,18743.5,0.00268817204301075
19,"North West","B.1.525",3,1587,2021-05-03,18750.5,0.00189035916824197
20,"North West","B.1.525",6,1833,2021-05-10,18757.5,0.00327332242225859
1,"South West","B.1.525",0,126,2020-12-28,18624.5,0
2,"South West","B.1.525",0,258,2021-01-04,18631.5,0
3,"South West","B.1.525",0,467,2021-01-11,18638.5,0
4,"South West","B.1.525",0,255,2021-01-18,18645.5,0
5,"South West","B.1.525",0,277,2021-01-25,18652.5,0
6,"South West","B.1.525",0,92,2021-02-01,18659.5,0
7,"South West","B.1.525",0,197,2021-02-08,18666.5,0
8,"South West","B.1.525",2,271,2021-02-15,18673.5,0.00738007380073801
9,"South West","B.1.525",0,190,2021-02-22,18680.5,0
10,"South West","B.1.525",1,209,2021-03-01,18687.5,0.00478468899521531
11,"South West","B.1.525",0,140,2021-03-08,18694.5,0
12,"South West","B.1.525",0,103,2021-03-15,18701.5,0
13,"South West","B.1.525",0,150,2021-03-22,18708.5,0
14,"South West","B.1.525",0,100,2021-03-29,18715.5,0
15,"South West","B.1.525",0,93,2021-04-05,18722.5,0
16,"South West","B.1.525",0,47,2021-04-12,18729.5,0
17,"South West","B.1.525",0,32,2021-04-19,18736.5,0
18,"South West","B.1.525",0,30,2021-04-26,18743.5,0
19,"South West","B.1.525",0,20,2021-05-03,18750.5,0
20,"South West","B.1.525",0,54,2021-05-10,18757.5,0
1,"South East","B.1.525",0,863,2020-12-28,18624.5,0
2,"South East","B.1.525",0,951,2021-01-04,18631.5,0
3,"South East","B.1.525",1,852,2021-01-11,18638.5,0.00117370892018779
4,"South East","B.1.525",2,851,2021-01-18,18645.5,0.00235017626321974
5,"South East","B.1.525",0,1069,2021-01-25,18652.5,0
6,"South East","B.1.525",2,273,2021-02-01,18659.5,0.00732600732600733
7,"South East","B.1.525",0,597,2021-02-08,18666.5,0
8,"South East","B.1.525",0,828,2021-02-15,18673.5,0
9,"South East","B.1.525",0,526,2021-02-22,18680.5,0
10,"South East","B.1.525",1,704,2021-03-01,18687.5,0.00142045454545455
11,"South East","B.1.525",4,699,2021-03-08,18694.5,0.00572246065808298
12,"South East","B.1.525",3,484,2021-03-15,18701.5,0.00619834710743802
13,"South East","B.1.525",1,554,2021-03-22,18708.5,0.00180505415162455
14,"South East","B.1.525",2,326,2021-03-29,18715.5,0.00613496932515337
15,"South East","B.1.525",1,387,2021-04-05,18722.5,0.00258397932816537
16,"South East","B.1.525",1,324,2021-04-12,18729.5,0.00308641975308642
17,"South East","B.1.525",0,262,2021-04-19,18736.5,0
18,"South East","B.1.525",0,218,2021-04-26,18743.5,0
19,"South East","B.1.525",4,234,2021-05-03,18750.5,0.0170940170940171
20,"South East","B.1.525",0,199,2021-05-10,18757.5,0
1,"East of England","B.1.525",0,584,2020-12-28,18624.5,0
2,"East of England","B.1.525",1,705,2021-01-04,18631.5,0.00141843971631206
3,"East of England","B.1.525",0,737,2021-01-11,18638.5,0
4,"East of England","B.1.525",0,723,2021-01-18,18645.5,0
5,"East of England","B.1.525",0,706,2021-01-25,18652.5,0
6,"East of England","B.1.525",0,326,2021-02-01,18659.5,0
7,"East of England","B.1.525",0,604,2021-02-08,18666.5,0
8,"East of England","B.1.525",0,865,2021-02-15,18673.5,0
9,"East of England","B.1.525",0,437,2021-02-22,18680.5,0
10,"East of England","B.1.525",0,619,2021-03-01,18687.5,0
11,"East of England","B.1.525",0,806,2021-03-08,18694.5,0
12,"East of England","B.1.525",1,784,2021-03-15,18701.5,0.00127551020408163
13,"East of England","B.1.525",1,968,2021-03-22,18708.5,0.00103305785123967
14,"East of England","B.1.525",0,463,2021-03-29,18715.5,0
15,"East of England","B.1.525",0,368,2021-04-05,18722.5,0
16,"East of England","B.1.525",1,339,2021-04-12,18729.5,0.00294985250737463
17,"East of England","B.1.525",0,415,2021-04-19,18736.5,0
18,"East of England","B.1.525",0,447,2021-04-26,18743.5,0
19,"East of England","B.1.525",1,503,2021-05-03,18750.5,0.00198807157057654
20,"East of England","B.1.525",0,469,2021-05-10,18757.5,0
1,"East Midlands","B.1.525",0,85,2020-12-28,18624.5,0
2,"East Midlands","B.1.525",0,283,2021-01-04,18631.5,0
3,"East Midlands","B.1.525",0,300,2021-01-11,18638.5,0
4,"East Midlands","B.1.525",0,401,2021-01-18,18645.5,0
5,"East Midlands","B.1.525",0,548,2021-01-25,18652.5,0
6,"East Midlands","B.1.525",0,219,2021-02-01,18659.5,0
7,"East Midlands","B.1.525",0,516,2021-02-08,18666.5,0
8,"East Midlands","B.1.525",0,631,2021-02-15,18673.5,0
9,"East Midlands","B.1.525",0,486,2021-02-22,18680.5,0
10,"East Midlands","B.1.525",2,662,2021-03-01,18687.5,0.00302114803625378
11,"East Midlands","B.1.525",0,976,2021-03-08,18694.5,0
12,"East Midlands","B.1.525",1,1337,2021-03-15,18701.5,0.00074794315632012
13,"East Midlands","B.1.525",0,1836,2021-03-22,18708.5,0
14,"East Midlands","B.1.525",0,1135,2021-03-29,18715.5,0
15,"East Midlands","B.1.525",0,712,2021-04-05,18722.5,0
16,"East Midlands","B.1.525",0,587,2021-04-12,18729.5,0
17,"East Midlands","B.1.525",0,624,2021-04-19,18736.5,0
18,"East Midlands","B.1.525",0,583,2021-04-26,18743.5,0
19,"East Midlands","B.1.525",0,828,2021-05-03,18750.5,0
20,"East Midlands","B.1.525",0,587,2021-05-10,18757.5,0
1,"West Midlands","B.1.525",0,502,2020-12-28,18624.5,0
2,"West Midlands","B.1.525",3,874,2021-01-04,18631.5,0.0034324942791762
3,"West Midlands","B.1.525",0,921,2021-01-11,18638.5,0
4,"West Midlands","B.1.525",1,1027,2021-01-18,18645.5,0.000973709834469328
5,"West Midlands","B.1.525",0,1265,2021-01-25,18652.5,0
6,"West Midlands","B.1.525",0,328,2021-02-01,18659.5,0
7,"West Midlands","B.1.525",0,396,2021-02-08,18666.5,0
8,"West Midlands","B.1.525",0,607,2021-02-15,18673.5,0
9,"West Midlands","B.1.525",0,430,2021-02-22,18680.5,0
10,"West Midlands","B.1.525",0,606,2021-03-01,18687.5,0
11,"West Midlands","B.1.525",1,839,2021-03-08,18694.5,0.00119189511323004
12,"West Midlands","B.1.525",0,1004,2021-03-15,18701.5,0
13,"West Midlands","B.1.525",0,1213,2021-03-22,18708.5,0
14,"West Midlands","B.1.525",0,882,2021-03-29,18715.5,0
15,"West Midlands","B.1.525",0,534,2021-04-05,18722.5,0
16,"West Midlands","B.1.525",2,527,2021-04-12,18729.5,0.00379506641366224
17,"West Midlands","B.1.525",3,530,2021-04-19,18736.5,0.00566037735849057
18,"West Midlands","B.1.525",5,499,2021-04-26,18743.5,0.0100200400801603
19,"West Midlands","B.1.525",0,529,2021-05-03,18750.5,0
20,"West Midlands","B.1.525",1,418,2021-05-10,18757.5,0.00239234449760766
1,"North East","B.1.525",0,263,2020-12-28,18624.5,0
2,"North East","B.1.525",0,322,2021-01-04,18631.5,0
3,"North East","B.1.525",0,233,2021-01-11,18638.5,0
4,"North East","B.1.525",0,750,2021-01-18,18645.5,0
5,"North East","B.1.525",0,460,2021-01-25,18652.5,0
6,"North East","B.1.525",0,174,2021-02-01,18659.5,0
7,"North East","B.1.525",0,206,2021-02-08,18666.5,0
8,"North East","B.1.525",0,1148,2021-02-15,18673.5,0
9,"North East","B.1.525",0,1546,2021-02-22,18680.5,0
10,"North East","B.1.525",0,1001,2021-03-01,18687.5,0
11,"North East","B.1.525",0,1416,2021-03-08,18694.5,0
12,"North East","B.1.525",0,1039,2021-03-15,18701.5,0
13,"North East","B.1.525",0,843,2021-03-22,18708.5,0
14,"North East","B.1.525",0,842,2021-03-29,18715.5,0
15,"North East","B.1.525",0,444,2021-04-05,18722.5,0
16,"North East","B.1.525",0,234,2021-04-12,18729.5,0
17,"North East","B.1.525",0,186,2021-04-19,18736.5,0
18,"North East","B.1.525",0,180,2021-04-26,18743.5,0
19,"North East","B.1.525",0,68,2021-05-03,18750.5,0
20,"North East","B.1.525",0,29,2021-05-10,18757.5,0
1,"Yorkshire and The Humber","B.1.525",0,195,2020-12-28,18624.5,0
2,"Yorkshire and The Humber","B.1.525",0,366,2021-01-04,18631.5,0
3,"Yorkshire and The Humber","B.1.525",0,535,2021-01-11,18638.5,0
4,"Yorkshire and The Humber","B.1.525",0,858,2021-01-18,18645.5,0
5,"Yorkshire and The Humber","B.1.525",3,981,2021-01-25,18652.5,0.00305810397553517
6,"Yorkshire and The Humber","B.1.525",0,225,2021-02-01,18659.5,0
7,"Yorkshire and The Humber","B.1.525",0,513,2021-02-08,18666.5,0
8,"Yorkshire and The Humber","B.1.525",0,1420,2021-02-15,18673.5,0
9,"Yorkshire and The Humber","B.1.525",0,2493,2021-02-22,18680.5,0
10,"Yorkshire and The Humber","B.1.525",1,2491,2021-03-01,18687.5,0.000401445202729827
11,"Yorkshire and The Humber","B.1.525",1,3273,2021-03-08,18694.5,0.000305530094714329
12,"Yorkshire and The Humber","B.1.525",4,3687,2021-03-15,18701.5,0.0010848928668294
13,"Yorkshire and The Humber","B.1.525",2,3692,2021-03-22,18708.5,0.000541711809317443
14,"Yorkshire and The Humber","B.1.525",0,2876,2021-03-29,18715.5,0
15,"Yorkshire and The Humber","B.1.525",0,1889,2021-04-05,18722.5,0
16,"Yorkshire and The Humber","B.1.525",0,1662,2021-04-12,18729.5,0
17,"Yorkshire and The Humber","B.1.525",0,1592,2021-04-19,18736.5,0
18,"Yorkshire and The Humber","B.1.525",0,1006,2021-04-26,18743.5,0
19,"Yorkshire and The Humber","B.1.525",0,359,2021-05-03,18750.5,0
20,"Yorkshire and The Humber","B.1.525",0,142,2021-05-10,18757.5,0
1,"London","B.1.617.1",0,2001,2020-12-28,18624.5,0
2,"London","B.1.617.1",0,1547,2021-01-04,18631.5,0
3,"London","B.1.617.1",0,1479,2021-01-11,18638.5,0
4,"London","B.1.617.1",0,1639,2021-01-18,18645.5,0
5,"London","B.1.617.1",0,1500,2021-01-25,18652.5,0
6,"London","B.1.617.1",0,509,2021-02-01,18659.5,0
7,"London","B.1.617.1",0,672,2021-02-08,18666.5,0
8,"London","B.1.617.1",0,902,2021-02-15,18673.5,0
9,"London","B.1.617.1",0,584,2021-02-22,18680.5,0
10,"London","B.1.617.1",0,646,2021-03-01,18687.5,0
11,"London","B.1.617.1",0,585,2021-03-08,18694.5,0
12,"London","B.1.617.1",0,515,2021-03-15,18701.5,0
13,"London","B.1.617.1",5,647,2021-03-22,18708.5,0.00772797527047913
14,"London","B.1.617.1",1,438,2021-03-29,18715.5,0.00228310502283105
15,"London","B.1.617.1",4,351,2021-04-05,18722.5,0.0113960113960114
16,"London","B.1.617.1",14,323,2021-04-12,18729.5,0.043343653250774
17,"London","B.1.617.1",10,360,2021-04-19,18736.5,0.0277777777777778
18,"London","B.1.617.1",8,298,2021-04-26,18743.5,0.0268456375838926
19,"London","B.1.617.1",3,388,2021-05-03,18750.5,0.0077319587628866
20,"London","B.1.617.1",2,356,2021-05-10,18757.5,0.00561797752808989
1,"North West","B.1.617.1",0,750,2020-12-28,18624.5,0
2,"North West","B.1.617.1",0,1530,2021-01-04,18631.5,0
3,"North West","B.1.617.1",0,3504,2021-01-11,18638.5,0
4,"North West","B.1.617.1",0,3280,2021-01-18,18645.5,0
5,"North West","B.1.617.1",0,4794,2021-01-25,18652.5,0
6,"North West","B.1.617.1",0,1058,2021-02-01,18659.5,0
7,"North West","B.1.617.1",0,1922,2021-02-08,18666.5,0
8,"North West","B.1.617.1",0,2485,2021-02-15,18673.5,0
9,"North West","B.1.617.1",0,1881,2021-02-22,18680.5,0
10,"North West","B.1.617.1",0,1702,2021-03-01,18687.5,0
11,"North West","B.1.617.1",0,1404,2021-03-08,18694.5,0
12,"North West","B.1.617.1",0,2021,2021-03-15,18701.5,0
13,"North West","B.1.617.1",1,2694,2021-03-22,18708.5,0.000371195248700817
14,"North West","B.1.617.1",0,1773,2021-03-29,18715.5,0
15,"North West","B.1.617.1",0,890,2021-04-05,18722.5,0
16,"North West","B.1.617.1",1,767,2021-04-12,18729.5,0.00130378096479791
17,"North West","B.1.617.1",0,866,2021-04-19,18736.5,0
18,"North West","B.1.617.1",0,1116,2021-04-26,18743.5,0
19,"North West","B.1.617.1",0,1587,2021-05-03,18750.5,0
20,"North West","B.1.617.1",0,1833,2021-05-10,18757.5,0
1,"South West","B.1.617.1",0,126,2020-12-28,18624.5,0
2,"South West","B.1.617.1",0,258,2021-01-04,18631.5,0
3,"South West","B.1.617.1",0,467,2021-01-11,18638.5,0
4,"South West","B.1.617.1",0,255,2021-01-18,18645.5,0
5,"South West","B.1.617.1",0,277,2021-01-25,18652.5,0
6,"South West","B.1.617.1",0,92,2021-02-01,18659.5,0
7,"South West","B.1.617.1",0,197,2021-02-08,18666.5,0
8,"South West","B.1.617.1",0,271,2021-02-15,18673.5,0
9,"South West","B.1.617.1",0,190,2021-02-22,18680.5,0
10,"South West","B.1.617.1",0,209,2021-03-01,18687.5,0
11,"South West","B.1.617.1",0,140,2021-03-08,18694.5,0
12,"South West","B.1.617.1",0,103,2021-03-15,18701.5,0
13,"South West","B.1.617.1",0,150,2021-03-22,18708.5,0
14,"South West","B.1.617.1",0,100,2021-03-29,18715.5,0
15,"South West","B.1.617.1",0,93,2021-04-05,18722.5,0
16,"South West","B.1.617.1",1,47,2021-04-12,18729.5,0.0212765957446809
17,"South West","B.1.617.1",1,32,2021-04-19,18736.5,0.03125
18,"South West","B.1.617.1",0,30,2021-04-26,18743.5,0
19,"South West","B.1.617.1",0,20,2021-05-03,18750.5,0
20,"South West","B.1.617.1",0,54,2021-05-10,18757.5,0
1,"South East","B.1.617.1",0,863,2020-12-28,18624.5,0
2,"South East","B.1.617.1",0,951,2021-01-04,18631.5,0
3,"South East","B.1.617.1",0,852,2021-01-11,18638.5,0
4,"South East","B.1.617.1",0,851,2021-01-18,18645.5,0
5,"South East","B.1.617.1",0,1069,2021-01-25,18652.5,0
6,"South East","B.1.617.1",0,273,2021-02-01,18659.5,0
7,"South East","B.1.617.1",0,597,2021-02-08,18666.5,0
8,"South East","B.1.617.1",0,828,2021-02-15,18673.5,0
9,"South East","B.1.617.1",0,526,2021-02-22,18680.5,0
10,"South East","B.1.617.1",0,704,2021-03-01,18687.5,0
11,"South East","B.1.617.1",0,699,2021-03-08,18694.5,0
12,"South East","B.1.617.1",0,484,2021-03-15,18701.5,0
13,"South East","B.1.617.1",0,554,2021-03-22,18708.5,0
14,"South East","B.1.617.1",0,326,2021-03-29,18715.5,0
15,"South East","B.1.617.1",3,387,2021-04-05,18722.5,0.00775193798449612
16,"South East","B.1.617.1",3,324,2021-04-12,18729.5,0.00925925925925926
17,"South East","B.1.617.1",2,262,2021-04-19,18736.5,0.00763358778625954
18,"South East","B.1.617.1",4,218,2021-04-26,18743.5,0.018348623853211
19,"South East","B.1.617.1",1,234,2021-05-03,18750.5,0.00427350427350427
20,"South East","B.1.617.1",0,199,2021-05-10,18757.5,0
1,"East of England","B.1.617.1",0,584,2020-12-28,18624.5,0
2,"East of England","B.1.617.1",0,705,2021-01-04,18631.5,0
3,"East of England","B.1.617.1",0,737,2021-01-11,18638.5,0
4,"East of England","B.1.617.1",0,723,2021-01-18,18645.5,0
5,"East of England","B.1.617.1",0,706,2021-01-25,18652.5,0
6,"East of England","B.1.617.1",0,326,2021-02-01,18659.5,0
7,"East of England","B.1.617.1",0,604,2021-02-08,18666.5,0
8,"East of England","B.1.617.1",0,865,2021-02-15,18673.5,0
9,"East of England","B.1.617.1",0,437,2021-02-22,18680.5,0
10,"East of England","B.1.617.1",0,619,2021-03-01,18687.5,0
11,"East of England","B.1.617.1",0,806,2021-03-08,18694.5,0
12,"East of England","B.1.617.1",0,784,2021-03-15,18701.5,0
13,"East of England","B.1.617.1",0,968,2021-03-22,18708.5,0
14,"East of England","B.1.617.1",0,463,2021-03-29,18715.5,0
15,"East of England","B.1.617.1",0,368,2021-04-05,18722.5,0
16,"East of England","B.1.617.1",1,339,2021-04-12,18729.5,0.00294985250737463
17,"East of England","B.1.617.1",3,415,2021-04-19,18736.5,0.0072289156626506
18,"East of England","B.1.617.1",3,447,2021-04-26,18743.5,0.00671140939597315
19,"East of England","B.1.617.1",1,503,2021-05-03,18750.5,0.00198807157057654
20,"East of England","B.1.617.1",0,469,2021-05-10,18757.5,0
1,"East Midlands","B.1.617.1",0,85,2020-12-28,18624.5,0
2,"East Midlands","B.1.617.1",0,283,2021-01-04,18631.5,0
3,"East Midlands","B.1.617.1",0,300,2021-01-11,18638.5,0
4,"East Midlands","B.1.617.1",0,401,2021-01-18,18645.5,0
5,"East Midlands","B.1.617.1",0,548,2021-01-25,18652.5,0
6,"East Midlands","B.1.617.1",0,219,2021-02-01,18659.5,0
7,"East Midlands","B.1.617.1",0,516,2021-02-08,18666.5,0
8,"East Midlands","B.1.617.1",0,631,2021-02-15,18673.5,0
9,"East Midlands","B.1.617.1",0,486,2021-02-22,18680.5,0
10,"East Midlands","B.1.617.1",0,662,2021-03-01,18687.5,0
11,"East Midlands","B.1.617.1",0,976,2021-03-08,18694.5,0
12,"East Midlands","B.1.617.1",0,1337,2021-03-15,18701.5,0
13,"East Midlands","B.1.617.1",0,1836,2021-03-22,18708.5,0
14,"East Midlands","B.1.617.1",0,1135,2021-03-29,18715.5,0
15,"East Midlands","B.1.617.1",1,712,2021-04-05,18722.5,0.00140449438202247
16,"East Midlands","B.1.617.1",4,587,2021-04-12,18729.5,0.00681431005110733
17,"East Midlands","B.1.617.1",15,624,2021-04-19,18736.5,0.0240384615384615
18,"East Midlands","B.1.617.1",4,583,2021-04-26,18743.5,0.00686106346483705
19,"East Midlands","B.1.617.1",0,828,2021-05-03,18750.5,0
20,"East Midlands","B.1.617.1",0,587,2021-05-10,18757.5,0
1,"West Midlands","B.1.617.1",0,502,2020-12-28,18624.5,0
2,"West Midlands","B.1.617.1",0,874,2021-01-04,18631.5,0
3,"West Midlands","B.1.617.1",0,921,2021-01-11,18638.5,0
4,"West Midlands","B.1.617.1",0,1027,2021-01-18,18645.5,0
5,"West Midlands","B.1.617.1",0,1265,2021-01-25,18652.5,0
6,"West Midlands","B.1.617.1",0,328,2021-02-01,18659.5,0
7,"West Midlands","B.1.617.1",0,396,2021-02-08,18666.5,0
8,"West Midlands","B.1.617.1",0,607,2021-02-15,18673.5,0
9,"West Midlands","B.1.617.1",0,430,2021-02-22,18680.5,0
10,"West Midlands","B.1.617.1",0,606,2021-03-01,18687.5,0
11,"West Midlands","B.1.617.1",0,839,2021-03-08,18694.5,0
12,"West Midlands","B.1.617.1",0,1004,2021-03-15,18701.5,0
13,"West Midlands","B.1.617.1",0,1213,2021-03-22,18708.5,0
14,"West Midlands","B.1.617.1",0,882,2021-03-29,18715.5,0
15,"West Midlands","B.1.617.1",0,534,2021-04-05,18722.5,0
16,"West Midlands","B.1.617.1",0,527,2021-04-12,18729.5,0
17,"West Midlands","B.1.617.1",9,530,2021-04-19,18736.5,0.0169811320754717
18,"West Midlands","B.1.617.1",10,499,2021-04-26,18743.5,0.0200400801603206
19,"West Midlands","B.1.617.1",4,529,2021-05-03,18750.5,0.00756143667296786
20,"West Midlands","B.1.617.1",2,418,2021-05-10,18757.5,0.00478468899521531
1,"North East","B.1.617.1",0,263,2020-12-28,18624.5,0
2,"North East","B.1.617.1",0,322,2021-01-04,18631.5,0
3,"North East","B.1.617.1",0,233,2021-01-11,18638.5,0
4,"North East","B.1.617.1",0,750,2021-01-18,18645.5,0
5,"North East","B.1.617.1",0,460,2021-01-25,18652.5,0
6,"North East","B.1.617.1",0,174,2021-02-01,18659.5,0
7,"North East","B.1.617.1",0,206,2021-02-08,18666.5,0
8,"North East","B.1.617.1",0,1148,2021-02-15,18673.5,0
9,"North East","B.1.617.1",0,1546,2021-02-22,18680.5,0
10,"North East","B.1.617.1",0,1001,2021-03-01,18687.5,0
11,"North East","B.1.617.1",0,1416,2021-03-08,18694.5,0
12,"North East","B.1.617.1",0,1039,2021-03-15,18701.5,0
13,"North East","B.1.617.1",0,843,2021-03-22,18708.5,0
14,"North East","B.1.617.1",0,842,2021-03-29,18715.5,0
15,"North East","B.1.617.1",0,444,2021-04-05,18722.5,0
16,"North East","B.1.617.1",0,234,2021-04-12,18729.5,0
17,"North East","B.1.617.1",0,186,2021-04-19,18736.5,0
18,"North East","B.1.617.1",0,180,2021-04-26,18743.5,0
19,"North East","B.1.617.1",0,68,2021-05-03,18750.5,0
20,"North East","B.1.617.1",0,29,2021-05-10,18757.5,0
1,"Yorkshire and The Humber","B.1.617.1",0,195,2020-12-28,18624.5,0
2,"Yorkshire and The Humber","B.1.617.1",0,366,2021-01-04,18631.5,0
3,"Yorkshire and The Humber","B.1.617.1",0,535,2021-01-11,18638.5,0
4,"Yorkshire and The Humber","B.1.617.1",0,858,2021-01-18,18645.5,0
5,"Yorkshire and The Humber","B.1.617.1",0,981,2021-01-25,18652.5,0
6,"Yorkshire and The Humber","B.1.617.1",0,225,2021-02-01,18659.5,0
7,"Yorkshire and The Humber","B.1.617.1",0,513,2021-02-08,18666.5,0
8,"Yorkshire and The Humber","B.1.617.1",0,1420,2021-02-15,18673.5,0
9,"Yorkshire and The Humber","B.1.617.1",0,2493,2021-02-22,18680.5,0
10,"Yorkshire and The Humber","B.1.617.1",0,2491,2021-03-01,18687.5,0
11,"Yorkshire and The Humber","B.1.617.1",0,3273,2021-03-08,18694.5,0
12,"Yorkshire and The Humber","B.1.617.1",0,3687,2021-03-15,18701.5,0
13,"Yorkshire and The Humber","B.1.617.1",0,3692,2021-03-22,18708.5,0
14,"Yorkshire and The Humber","B.1.617.1",2,2876,2021-03-29,18715.5,0.000695410292072323
15,"Yorkshire and The Humber","B.1.617.1",0,1889,2021-04-05,18722.5,0
16,"Yorkshire and The Humber","B.1.617.1",1,1662,2021-04-12,18729.5,0.000601684717208183
17,"Yorkshire and The Humber","B.1.617.1",0,1592,2021-04-19,18736.5,0
18,"Yorkshire and The Humber","B.1.617.1",0,1006,2021-04-26,18743.5,0
19,"Yorkshire and The Humber","B.1.617.1",1,359,2021-05-03,18750.5,0.00278551532033426
20,"Yorkshire and The Humber","B.1.617.1",0,142,2021-05-10,18757.5,0
1,"London","B.1.617.2",0,2001,2020-12-28,18624.5,0
2,"London","B.1.617.2",0,1547,2021-01-04,18631.5,0
3,"London","B.1.617.2",0,1479,2021-01-11,18638.5,0
4,"London","B.1.617.2",0,1639,2021-01-18,18645.5,0
5,"London","B.1.617.2",0,1500,2021-01-25,18652.5,0
6,"London","B.1.617.2",0,509,2021-02-01,18659.5,0
7,"London","B.1.617.2",0,672,2021-02-08,18666.5,0
8,"London","B.1.617.2",0,902,2021-02-15,18673.5,0
9,"London","B.1.617.2",0,584,2021-02-22,18680.5,0
10,"London","B.1.617.2",0,646,2021-03-01,18687.5,0
11,"London","B.1.617.2",0,585,2021-03-08,18694.5,0
12,"London","B.1.617.2",0,515,2021-03-15,18701.5,0
13,"London","B.1.617.2",0,647,2021-03-22,18708.5,0
14,"London","B.1.617.2",0,438,2021-03-29,18715.5,0
15,"London","B.1.617.2",7,351,2021-04-05,18722.5,0.0199430199430199
16,"London","B.1.617.2",15,323,2021-04-12,18729.5,0.0464396284829721
17,"London","B.1.617.2",43,360,2021-04-19,18736.5,0.119444444444444
18,"London","B.1.617.2",86,298,2021-04-26,18743.5,0.288590604026846
19,"London","B.1.617.2",160,388,2021-05-03,18750.5,0.412371134020619
20,"London","B.1.617.2",160,356,2021-05-10,18757.5,0.449438202247191
1,"North West","B.1.617.2",0,750,2020-12-28,18624.5,0
2,"North West","B.1.617.2",0,1530,2021-01-04,18631.5,0
3,"North West","B.1.617.2",0,3504,2021-01-11,18638.5,0
4,"North West","B.1.617.2",0,3280,2021-01-18,18645.5,0
5,"North West","B.1.617.2",0,4794,2021-01-25,18652.5,0
6,"North West","B.1.617.2",0,1058,2021-02-01,18659.5,0
7,"North West","B.1.617.2",0,1922,2021-02-08,18666.5,0
8,"North West","B.1.617.2",0,2485,2021-02-15,18673.5,0
9,"North West","B.1.617.2",0,1881,2021-02-22,18680.5,0
10,"North West","B.1.617.2",0,1702,2021-03-01,18687.5,0
11,"North West","B.1.617.2",0,1404,2021-03-08,18694.5,0
12,"North West","B.1.617.2",0,2021,2021-03-15,18701.5,0
13,"North West","B.1.617.2",0,2694,2021-03-22,18708.5,0
14,"North West","B.1.617.2",0,1773,2021-03-29,18715.5,0
15,"North West","B.1.617.2",2,890,2021-04-05,18722.5,0.00224719101123596
16,"North West","B.1.617.2",16,767,2021-04-12,18729.5,0.0208604954367666
17,"North West","B.1.617.2",52,866,2021-04-19,18736.5,0.0600461893764434
18,"North West","B.1.617.2",234,1116,2021-04-26,18743.5,0.209677419354839
19,"North West","B.1.617.2",757,1587,2021-05-03,18750.5,0.477000630119723
20,"North West","B.1.617.2",1162,1833,2021-05-10,18757.5,0.633933442444081
1,"South West","B.1.617.2",0,126,2020-12-28,18624.5,0
2,"South West","B.1.617.2",0,258,2021-01-04,18631.5,0
3,"South West","B.1.617.2",0,467,2021-01-11,18638.5,0
4,"South West","B.1.617.2",0,255,2021-01-18,18645.5,0
5,"South West","B.1.617.2",0,277,2021-01-25,18652.5,0
6,"South West","B.1.617.2",0,92,2021-02-01,18659.5,0
7,"South West","B.1.617.2",0,197,2021-02-08,18666.5,0
8,"South West","B.1.617.2",0,271,2021-02-15,18673.5,0
9,"South West","B.1.617.2",0,190,2021-02-22,18680.5,0
10,"South West","B.1.617.2",0,209,2021-03-01,18687.5,0
11,"South West","B.1.617.2",0,140,2021-03-08,18694.5,0
12,"South West","B.1.617.2",0,103,2021-03-15,18701.5,0
13,"South West","B.1.617.2",0,150,2021-03-22,18708.5,0
14,"South West","B.1.617.2",0,100,2021-03-29,18715.5,0
15,"South West","B.1.617.2",2,93,2021-04-05,18722.5,0.021505376344086
16,"South West","B.1.617.2",0,47,2021-04-12,18729.5,0
17,"South West","B.1.617.2",0,32,2021-04-19,18736.5,0
18,"South West","B.1.617.2",3,30,2021-04-26,18743.5,0.1
19,"South West","B.1.617.2",7,20,2021-05-03,18750.5,0.35
20,"South West","B.1.617.2",20,54,2021-05-10,18757.5,0.37037037037037
1,"South East","B.1.617.2",0,863,2020-12-28,18624.5,0
2,"South East","B.1.617.2",0,951,2021-01-04,18631.5,0
3,"South East","B.1.617.2",0,852,2021-01-11,18638.5,0
4,"South East","B.1.617.2",0,851,2021-01-18,18645.5,0
5,"South East","B.1.617.2",0,1069,2021-01-25,18652.5,0
6,"South East","B.1.617.2",0,273,2021-02-01,18659.5,0
7,"South East","B.1.617.2",0,597,2021-02-08,18666.5,0
8,"South East","B.1.617.2",0,828,2021-02-15,18673.5,0
9,"South East","B.1.617.2",0,526,2021-02-22,18680.5,0
10,"South East","B.1.617.2",0,704,2021-03-01,18687.5,0
11,"South East","B.1.617.2",0,699,2021-03-08,18694.5,0
12,"South East","B.1.617.2",0,484,2021-03-15,18701.5,0
13,"South East","B.1.617.2",0,554,2021-03-22,18708.5,0
14,"South East","B.1.617.2",0,326,2021-03-29,18715.5,0
15,"South East","B.1.617.2",0,387,2021-04-05,18722.5,0
16,"South East","B.1.617.2",6,324,2021-04-12,18729.5,0.0185185185185185
17,"South East","B.1.617.2",11,262,2021-04-19,18736.5,0.0419847328244275
18,"South East","B.1.617.2",28,218,2021-04-26,18743.5,0.128440366972477
19,"South East","B.1.617.2",46,234,2021-05-03,18750.5,0.196581196581197
20,"South East","B.1.617.2",73,199,2021-05-10,18757.5,0.366834170854271
1,"East of England","B.1.617.2",0,584,2020-12-28,18624.5,0
2,"East of England","B.1.617.2",0,705,2021-01-04,18631.5,0
3,"East of England","B.1.617.2",0,737,2021-01-11,18638.5,0
4,"East of England","B.1.617.2",0,723,2021-01-18,18645.5,0
5,"East of England","B.1.617.2",0,706,2021-01-25,18652.5,0
6,"East of England","B.1.617.2",0,326,2021-02-01,18659.5,0
7,"East of England","B.1.617.2",0,604,2021-02-08,18666.5,0
8,"East of England","B.1.617.2",0,865,2021-02-15,18673.5,0
9,"East of England","B.1.617.2",0,437,2021-02-22,18680.5,0
10,"East of England","B.1.617.2",0,619,2021-03-01,18687.5,0
11,"East of England","B.1.617.2",0,806,2021-03-08,18694.5,0
12,"East of England","B.1.617.2",0,784,2021-03-15,18701.5,0
13,"East of England","B.1.617.2",0,968,2021-03-22,18708.5,0
14,"East of England","B.1.617.2",0,463,2021-03-29,18715.5,0
15,"East of England","B.1.617.2",0,368,2021-04-05,18722.5,0
16,"East of England","B.1.617.2",5,339,2021-04-12,18729.5,0.0147492625368732
17,"East of England","B.1.617.2",21,415,2021-04-19,18736.5,0.0506024096385542
18,"East of England","B.1.617.2",57,447,2021-04-26,18743.5,0.12751677852349
19,"East of England","B.1.617.2",128,503,2021-05-03,18750.5,0.254473161033797
20,"East of England","B.1.617.2",210,469,2021-05-10,18757.5,0.447761194029851
1,"East Midlands","B.1.617.2",0,85,2020-12-28,18624.5,0
2,"East Midlands","B.1.617.2",0,283,2021-01-04,18631.5,0
3,"East Midlands","B.1.617.2",0,300,2021-01-11,18638.5,0
4,"East Midlands","B.1.617.2",0,401,2021-01-18,18645.5,0
5,"East Midlands","B.1.617.2",0,548,2021-01-25,18652.5,0
6,"East Midlands","B.1.617.2",0,219,2021-02-01,18659.5,0
7,"East Midlands","B.1.617.2",0,516,2021-02-08,18666.5,0
8,"East Midlands","B.1.617.2",0,631,2021-02-15,18673.5,0
9,"East Midlands","B.1.617.2",0,486,2021-02-22,18680.5,0
10,"East Midlands","B.1.617.2",0,662,2021-03-01,18687.5,0
11,"East Midlands","B.1.617.2",0,976,2021-03-08,18694.5,0
12,"East Midlands","B.1.617.2",0,1337,2021-03-15,18701.5,0
13,"East Midlands","B.1.617.2",0,1836,2021-03-22,18708.5,0
14,"East Midlands","B.1.617.2",1,1135,2021-03-29,18715.5,0.000881057268722467
15,"East Midlands","B.1.617.2",3,712,2021-04-05,18722.5,0.00421348314606742
16,"East Midlands","B.1.617.2",4,587,2021-04-12,18729.5,0.00681431005110733
17,"East Midlands","B.1.617.2",34,624,2021-04-19,18736.5,0.0544871794871795
18,"East Midlands","B.1.617.2",53,583,2021-04-26,18743.5,0.0909090909090909
19,"East Midlands","B.1.617.2",138,828,2021-05-03,18750.5,0.166666666666667
20,"East Midlands","B.1.617.2",170,587,2021-05-10,18757.5,0.289608177172061
1,"West Midlands","B.1.617.2",0,502,2020-12-28,18624.5,0
2,"West Midlands","B.1.617.2",0,874,2021-01-04,18631.5,0
3,"West Midlands","B.1.617.2",0,921,2021-01-11,18638.5,0
4,"West Midlands","B.1.617.2",0,1027,2021-01-18,18645.5,0
5,"West Midlands","B.1.617.2",0,1265,2021-01-25,18652.5,0
6,"West Midlands","B.1.617.2",0,328,2021-02-01,18659.5,0
7,"West Midlands","B.1.617.2",0,396,2021-02-08,18666.5,0
8,"West Midlands","B.1.617.2",0,607,2021-02-15,18673.5,0
9,"West Midlands","B.1.617.2",0,430,2021-02-22,18680.5,0
10,"West Midlands","B.1.617.2",0,606,2021-03-01,18687.5,0
11,"West Midlands","B.1.617.2",0,839,2021-03-08,18694.5,0
12,"West Midlands","B.1.617.2",0,1004,2021-03-15,18701.5,0
13,"West Midlands","B.1.617.2",0,1213,2021-03-22,18708.5,0
14,"West Midlands","B.1.617.2",0,882,2021-03-29,18715.5,0
15,"West Midlands","B.1.617.2",0,534,2021-04-05,18722.5,0
16,"West Midlands","B.1.617.2",4,527,2021-04-12,18729.5,0.00759013282732448
17,"West Midlands","B.1.617.2",7,530,2021-04-19,18736.5,0.0132075471698113
18,"West Midlands","B.1.617.2",24,499,2021-04-26,18743.5,0.0480961923847695
19,"West Midlands","B.1.617.2",58,529,2021-05-03,18750.5,0.109640831758034
20,"West Midlands","B.1.617.2",82,418,2021-05-10,18757.5,0.196172248803828
1,"North East","B.1.617.2",0,263,2020-12-28,18624.5,0
2,"North East","B.1.617.2",0,322,2021-01-04,18631.5,0
3,"North East","B.1.617.2",0,233,2021-01-11,18638.5,0
4,"North East","B.1.617.2",0,750,2021-01-18,18645.5,0
5,"North East","B.1.617.2",0,460,2021-01-25,18652.5,0
6,"North East","B.1.617.2",0,174,2021-02-01,18659.5,0
7,"North East","B.1.617.2",0,206,2021-02-08,18666.5,0
8,"North East","B.1.617.2",0,1148,2021-02-15,18673.5,0
9,"North East","B.1.617.2",0,1546,2021-02-22,18680.5,0
10,"North East","B.1.617.2",0,1001,2021-03-01,18687.5,0
11,"North East","B.1.617.2",0,1416,2021-03-08,18694.5,0
12,"North East","B.1.617.2",0,1039,2021-03-15,18701.5,0
13,"North East","B.1.617.2",0,843,2021-03-22,18708.5,0
14,"North East","B.1.617.2",0,842,2021-03-29,18715.5,0
15,"North East","B.1.617.2",0,444,2021-04-05,18722.5,0
16,"North East","B.1.617.2",0,234,2021-04-12,18729.5,0
17,"North East","B.1.617.2",2,186,2021-04-19,18736.5,0.010752688172043
18,"North East","B.1.617.2",9,180,2021-04-26,18743.5,0.05
19,"North East","B.1.617.2",2,68,2021-05-03,18750.5,0.0294117647058824
20,"North East","B.1.617.2",6,29,2021-05-10,18757.5,0.206896551724138
1,"Yorkshire and The Humber","B.1.617.2",0,195,2020-12-28,18624.5,0
2,"Yorkshire and The Humber","B.1.617.2",0,366,2021-01-04,18631.5,0
3,"Yorkshire and The Humber","B.1.617.2",0,535,2021-01-11,18638.5,0
4,"Yorkshire and The Humber","B.1.617.2",0,858,2021-01-18,18645.5,0
5,"Yorkshire and The Humber","B.1.617.2",0,981,2021-01-25,18652.5,0
6,"Yorkshire and The Humber","B.1.617.2",0,225,2021-02-01,18659.5,0
7,"Yorkshire and The Humber","B.1.617.2",0,513,2021-02-08,18666.5,0
8,"Yorkshire and The Humber","B.1.617.2",0,1420,2021-02-15,18673.5,0
9,"Yorkshire and The Humber","B.1.617.2",0,2493,2021-02-22,18680.5,0
10,"Yorkshire and The Humber","B.1.617.2",0,2491,2021-03-01,18687.5,0
11,"Yorkshire and The Humber","B.1.617.2",0,3273,2021-03-08,18694.5,0
12,"Yorkshire and The Humber","B.1.617.2",0,3687,2021-03-15,18701.5,0
13,"Yorkshire and The Humber","B.1.617.2",0,3692,2021-03-22,18708.5,0
14,"Yorkshire and The Humber","B.1.617.2",0,2876,2021-03-29,18715.5,0
15,"Yorkshire and The Humber","B.1.617.2",1,1889,2021-04-05,18722.5,0.000529380624669137
16,"Yorkshire and The Humber","B.1.617.2",2,1662,2021-04-12,18729.5,0.00120336943441637
17,"Yorkshire and The Humber","B.1.617.2",11,1592,2021-04-19,18736.5,0.00690954773869347
18,"Yorkshire and The Humber","B.1.617.2",6,1006,2021-04-26,18743.5,0.00596421471172962
19,"Yorkshire and The Humber","B.1.617.2",12,359,2021-05-03,18750.5,0.0334261838440111
20,"Yorkshire and The Humber","B.1.617.2",16,142,2021-05-10,18757.5,0.112676056338028
1,"London","P.1",0,2001,2020-12-28,18624.5,0
2,"London","P.1",0,1547,2021-01-04,18631.5,0
3,"London","P.1",0,1479,2021-01-11,18638.5,0
4,"London","P.1",0,1639,2021-01-18,18645.5,0
5,"London","P.1",0,1500,2021-01-25,18652.5,0
6,"London","P.1",0,509,2021-02-01,18659.5,0
7,"London","P.1",1,672,2021-02-08,18666.5,0.00148809523809524
8,"London","P.1",0,902,2021-02-15,18673.5,0
9,"London","P.1",1,584,2021-02-22,18680.5,0.00171232876712329
10,"London","P.1",1,646,2021-03-01,18687.5,0.00154798761609907
11,"London","P.1",0,585,2021-03-08,18694.5,0
12,"London","P.1",0,515,2021-03-15,18701.5,0
13,"London","P.1",0,647,2021-03-22,18708.5,0
14,"London","P.1",0,438,2021-03-29,18715.5,0
15,"London","P.1",8,351,2021-04-05,18722.5,0.0227920227920228
16,"London","P.1",1,323,2021-04-12,18729.5,0.00309597523219814
17,"London","P.1",5,360,2021-04-19,18736.5,0.0138888888888889
18,"London","P.1",3,298,2021-04-26,18743.5,0.0100671140939597
19,"London","P.1",4,388,2021-05-03,18750.5,0.0103092783505155
20,"London","P.1",6,356,2021-05-10,18757.5,0.0168539325842697
1,"North West","P.1",0,750,2020-12-28,18624.5,0
2,"North West","P.1",0,1530,2021-01-04,18631.5,0
3,"North West","P.1",0,3504,2021-01-11,18638.5,0
4,"North West","P.1",0,3280,2021-01-18,18645.5,0
5,"North West","P.1",0,4794,2021-01-25,18652.5,0
6,"North West","P.1",0,1058,2021-02-01,18659.5,0
7,"North West","P.1",0,1922,2021-02-08,18666.5,0
8,"North West","P.1",0,2485,2021-02-15,18673.5,0
9,"North West","P.1",0,1881,2021-02-22,18680.5,0
10,"North West","P.1",0,1702,2021-03-01,18687.5,0
11,"North West","P.1",0,1404,2021-03-08,18694.5,0
12,"North West","P.1",0,2021,2021-03-15,18701.5,0
13,"North West","P.1",0,2694,2021-03-22,18708.5,0
14,"North West","P.1",0,1773,2021-03-29,18715.5,0
15,"North West","P.1",0,890,2021-04-05,18722.5,0
16,"North West","P.1",0,767,2021-04-12,18729.5,0
17,"North West","P.1",0,866,2021-04-19,18736.5,0
18,"North West","P.1",1,1116,2021-04-26,18743.5,0.000896057347670251
19,"North West","P.1",0,1587,2021-05-03,18750.5,0
20,"North West","P.1",1,1833,2021-05-10,18757.5,0.000545553737043099
1,"South West","P.1",0,126,2020-12-28,18624.5,0
2,"South West","P.1",0,258,2021-01-04,18631.5,0
3,"South West","P.1",0,467,2021-01-11,18638.5,0
4,"South West","P.1",0,255,2021-01-18,18645.5,0
5,"South West","P.1",0,277,2021-01-25,18652.5,0
6,"South West","P.1",0,92,2021-02-01,18659.5,0
7,"South West","P.1",0,197,2021-02-08,18666.5,0
8,"South West","P.1",2,271,2021-02-15,18673.5,0.00738007380073801
9,"South West","P.1",0,190,2021-02-22,18680.5,0
10,"South West","P.1",0,209,2021-03-01,18687.5,0
11,"South West","P.1",0,140,2021-03-08,18694.5,0
12,"South West","P.1",0,103,2021-03-15,18701.5,0
13,"South West","P.1",0,150,2021-03-22,18708.5,0
14,"South West","P.1",0,100,2021-03-29,18715.5,0
15,"South West","P.1",0,93,2021-04-05,18722.5,0
16,"South West","P.1",0,47,2021-04-12,18729.5,0
17,"South West","P.1",0,32,2021-04-19,18736.5,0
18,"South West","P.1",0,30,2021-04-26,18743.5,0
19,"South West","P.1",0,20,2021-05-03,18750.5,0
20,"South West","P.1",0,54,2021-05-10,18757.5,0
1,"South East","P.1",0,863,2020-12-28,18624.5,0
2,"South East","P.1",0,951,2021-01-04,18631.5,0
3,"South East","P.1",0,852,2021-01-11,18638.5,0
4,"South East","P.1",0,851,2021-01-18,18645.5,0
5,"South East","P.1",0,1069,2021-01-25,18652.5,0
6,"South East","P.1",0,273,2021-02-01,18659.5,0
7,"South East","P.1",0,597,2021-02-08,18666.5,0
8,"South East","P.1",0,828,2021-02-15,18673.5,0
9,"South East","P.1",0,526,2021-02-22,18680.5,0
10,"South East","P.1",0,704,2021-03-01,18687.5,0
11,"South East","P.1",0,699,2021-03-08,18694.5,0
12,"South East","P.1",0,484,2021-03-15,18701.5,0
13,"South East","P.1",0,554,2021-03-22,18708.5,0
14,"South East","P.1",0,326,2021-03-29,18715.5,0
15,"South East","P.1",0,387,2021-04-05,18722.5,0
16,"South East","P.1",6,324,2021-04-12,18729.5,0.0185185185185185
17,"South East","P.1",4,262,2021-04-19,18736.5,0.0152671755725191
18,"South East","P.1",4,218,2021-04-26,18743.5,0.018348623853211
19,"South East","P.1",1,234,2021-05-03,18750.5,0.00427350427350427
20,"South East","P.1",0,199,2021-05-10,18757.5,0
1,"East of England","P.1",0,584,2020-12-28,18624.5,0
2,"East of England","P.1",0,705,2021-01-04,18631.5,0
3,"East of England","P.1",0,737,2021-01-11,18638.5,0
4,"East of England","P.1",0,723,2021-01-18,18645.5,0
5,"East of England","P.1",0,706,2021-01-25,18652.5,0
6,"East of England","P.1",0,326,2021-02-01,18659.5,0
7,"East of England","P.1",0,604,2021-02-08,18666.5,0
8,"East of England","P.1",0,865,2021-02-15,18673.5,0
9,"East of England","P.1",0,437,2021-02-22,18680.5,0
10,"East of England","P.1",0,619,2021-03-01,18687.5,0
11,"East of England","P.1",0,806,2021-03-08,18694.5,0
12,"East of England","P.1",1,784,2021-03-15,18701.5,0.00127551020408163
13,"East of England","P.1",0,968,2021-03-22,18708.5,0
14,"East of England","P.1",0,463,2021-03-29,18715.5,0
15,"East of England","P.1",0,368,2021-04-05,18722.5,0
16,"East of England","P.1",1,339,2021-04-12,18729.5,0.00294985250737463
17,"East of England","P.1",2,415,2021-04-19,18736.5,0.00481927710843374
18,"East of England","P.1",0,447,2021-04-26,18743.5,0
19,"East of England","P.1",0,503,2021-05-03,18750.5,0
20,"East of England","P.1",0,469,2021-05-10,18757.5,0
1,"East Midlands","P.1",0,85,2020-12-28,18624.5,0
2,"East Midlands","P.1",0,283,2021-01-04,18631.5,0
3,"East Midlands","P.1",0,300,2021-01-11,18638.5,0
4,"East Midlands","P.1",0,401,2021-01-18,18645.5,0
5,"East Midlands","P.1",0,548,2021-01-25,18652.5,0
6,"East Midlands","P.1",0,219,2021-02-01,18659.5,0
7,"East Midlands","P.1",0,516,2021-02-08,18666.5,0
8,"East Midlands","P.1",0,631,2021-02-15,18673.5,0
9,"East Midlands","P.1",0,486,2021-02-22,18680.5,0
10,"East Midlands","P.1",0,662,2021-03-01,18687.5,0
11,"East Midlands","P.1",0,976,2021-03-08,18694.5,0
12,"East Midlands","P.1",0,1337,2021-03-15,18701.5,0
13,"East Midlands","P.1",0,1836,2021-03-22,18708.5,0
14,"East Midlands","P.1",0,1135,2021-03-29,18715.5,0
15,"East Midlands","P.1",0,712,2021-04-05,18722.5,0
16,"East Midlands","P.1",0,587,2021-04-12,18729.5,0
17,"East Midlands","P.1",1,624,2021-04-19,18736.5,0.0016025641025641
18,"East Midlands","P.1",0,583,2021-04-26,18743.5,0
19,"East Midlands","P.1",0,828,2021-05-03,18750.5,0
20,"East Midlands","P.1",0,587,2021-05-10,18757.5,0
1,"West Midlands","P.1",0,502,2020-12-28,18624.5,0
2,"West Midlands","P.1",0,874,2021-01-04,18631.5,0
3,"West Midlands","P.1",0,921,2021-01-11,18638.5,0
4,"West Midlands","P.1",0,1027,2021-01-18,18645.5,0
5,"West Midlands","P.1",0,1265,2021-01-25,18652.5,0
6,"West Midlands","P.1",0,328,2021-02-01,18659.5,0
7,"West Midlands","P.1",0,396,2021-02-08,18666.5,0
8,"West Midlands","P.1",0,607,2021-02-15,18673.5,0
9,"West Midlands","P.1",0,430,2021-02-22,18680.5,0
10,"West Midlands","P.1",0,606,2021-03-01,18687.5,0
11,"West Midlands","P.1",0,839,2021-03-08,18694.5,0
12,"West Midlands","P.1",0,1004,2021-03-15,18701.5,0
13,"West Midlands","P.1",0,1213,2021-03-22,18708.5,0
14,"West Midlands","P.1",0,882,2021-03-29,18715.5,0
15,"West Midlands","P.1",0,534,2021-04-05,18722.5,0
16,"West Midlands","P.1",0,527,2021-04-12,18729.5,0
17,"West Midlands","P.1",1,530,2021-04-19,18736.5,0.00188679245283019
18,"West Midlands","P.1",0,499,2021-04-26,18743.5,0
19,"West Midlands","P.1",0,529,2021-05-03,18750.5,0
20,"West Midlands","P.1",0,418,2021-05-10,18757.5,0
1,"North East","P.1",0,263,2020-12-28,18624.5,0
2,"North East","P.1",0,322,2021-01-04,18631.5,0
3,"North East","P.1",0,233,2021-01-11,18638.5,0
4,"North East","P.1",0,750,2021-01-18,18645.5,0
5,"North East","P.1",0,460,2021-01-25,18652.5,0
6,"North East","P.1",0,174,2021-02-01,18659.5,0
7,"North East","P.1",0,206,2021-02-08,18666.5,0
8,"North East","P.1",0,1148,2021-02-15,18673.5,0
9,"North East","P.1",0,1546,2021-02-22,18680.5,0
10,"North East","P.1",0,1001,2021-03-01,18687.5,0
11,"North East","P.1",0,1416,2021-03-08,18694.5,0
12,"North East","P.1",0,1039,2021-03-15,18701.5,0
13,"North East","P.1",0,843,2021-03-22,18708.5,0
14,"North East","P.1",0,842,2021-03-29,18715.5,0
15,"North East","P.1",0,444,2021-04-05,18722.5,0
16,"North East","P.1",0,234,2021-04-12,18729.5,0
17,"North East","P.1",0,186,2021-04-19,18736.5,0
18,"North East","P.1",0,180,2021-04-26,18743.5,0
19,"North East","P.1",0,68,2021-05-03,18750.5,0
20,"North East","P.1",0,29,2021-05-10,18757.5,0
1,"Yorkshire and The Humber","P.1",0,195,2020-12-28,18624.5,0
2,"Yorkshire and The Humber","P.1",0,366,2021-01-04,18631.5,0
3,"Yorkshire and The Humber","P.1",0,535,2021-01-11,18638.5,0
4,"Yorkshire and The Humber","P.1",0,858,2021-01-18,18645.5,0
5,"Yorkshire and The Humber","P.1",0,981,2021-01-25,18652.5,0
6,"Yorkshire and The Humber","P.1",0,225,2021-02-01,18659.5,0
7,"Yorkshire and The Humber","P.1",0,513,2021-02-08,18666.5,0
8,"Yorkshire and The Humber","P.1",0,1420,2021-02-15,18673.5,0
9,"Yorkshire and The Humber","P.1",0,2493,2021-02-22,18680.5,0
10,"Yorkshire and The Humber","P.1",0,2491,2021-03-01,18687.5,0
11,"Yorkshire and The Humber","P.1",0,3273,2021-03-08,18694.5,0
12,"Yorkshire and The Humber","P.1",0,3687,2021-03-15,18701.5,0
13,"Yorkshire and The Humber","P.1",0,3692,2021-03-22,18708.5,0
14,"Yorkshire and The Humber","P.1",0,2876,2021-03-29,18715.5,0
15,"Yorkshire and The Humber","P.1",0,1889,2021-04-05,18722.5,0
16,"Yorkshire and The Humber","P.1",0,1662,2021-04-12,18729.5,0
17,"Yorkshire and The Humber","P.1",0,1592,2021-04-19,18736.5,0
18,"Yorkshire and The Humber","P.1",0,1006,2021-04-26,18743.5,0
19,"Yorkshire and The Humber","P.1",0,359,2021-05-03,18750.5,0
20,"Yorkshire and The Humber","P.1",0,142,2021-05-10,18757.5,0
